year,value,count,frequency,p99,is_metadata_sentinel,is_repeated_upper_tail,reason
1976,20000.0,355,0.0023922477694816573,20000.0,False,True,repeated value in upper 1% tail
1976,20100.0,3,2.0216178333647807e-05,20000.0,False,True,repeated value in upper 1% tail
1976,20200.0,4,2.6954904444863743e-05,20000.0,False,True,repeated value in upper 1% tail
1976,20300.0,4,2.6954904444863743e-05,20000.0,False,True,repeated value in upper 1% tail
1976,20400.0,4,2.6954904444863743e-05,20000.0,False,True,repeated value in upper 1% tail
1976,20500.0,9,6.064853500094342e-05,20000.0,False,True,repeated value in upper 1% tail
1976,20700.0,3,2.0216178333647807e-05,20000.0,False,True,repeated value in upper 1% tail
1976,20800.0,3,2.0216178333647807e-05,20000.0,False,True,repeated value in upper 1% tail
1976,21000.0,61,0.0004110622927841721,20000.0,False,True,repeated value in upper 1% tail
1976,21400.0,2,1.3477452222431871e-05,20000.0,False,True,repeated value in upper 1% tail
1976,21500.0,10,6.738726111215936e-05,20000.0,False,True,repeated value in upper 1% tail
1976,21600.0,2,1.3477452222431871e-05,20000.0,False,True,repeated value in upper 1% tail
1976,21700.0,2,1.3477452222431871e-05,20000.0,False,True,repeated value in upper 1% tail
1976,21800.0,3,2.0216178333647807e-05,20000.0,False,True,repeated value in upper 1% tail
1976,22000.0,59,0.0003975848405617402,20000.0,False,True,repeated value in upper 1% tail
1976,22300.0,4,2.6954904444863743e-05,20000.0,False,True,repeated value in upper 1% tail
1976,22500.0,12,8.086471333459123e-05,20000.0,False,True,repeated value in upper 1% tail
1976,22600.0,2,1.3477452222431871e-05,20000.0,False,True,repeated value in upper 1% tail
1976,23000.0,54,0.0003638912100056605,20000.0,False,True,repeated value in upper 1% tail
1976,23400.0,2,1.3477452222431871e-05,20000.0,False,True,repeated value in upper 1% tail
1976,23500.0,9,6.064853500094342e-05,20000.0,False,True,repeated value in upper 1% tail
1976,23700.0,2,1.3477452222431871e-05,20000.0,False,True,repeated value in upper 1% tail
1976,23900.0,2,1.3477452222431871e-05,20000.0,False,True,repeated value in upper 1% tail
1976,24000.0,28,0.0001886843311140462,20000.0,False,True,repeated value in upper 1% tail
1976,24700.0,2,1.3477452222431871e-05,20000.0,False,True,repeated value in upper 1% tail
1976,24800.0,2,1.3477452222431871e-05,20000.0,False,True,repeated value in upper 1% tail
1976,25000.0,129,0.0008692956683468557,20000.0,False,True,repeated value in upper 1% tail
1976,25200.0,3,2.0216178333647807e-05,20000.0,False,True,repeated value in upper 1% tail
1976,25500.0,3,2.0216178333647807e-05,20000.0,False,True,repeated value in upper 1% tail
1976,26000.0,32,0.00021563923555890994,20000.0,False,True,repeated value in upper 1% tail
1976,26200.0,3,2.0216178333647807e-05,20000.0,False,True,repeated value in upper 1% tail
1976,26500.0,2,1.3477452222431871e-05,20000.0,False,True,repeated value in upper 1% tail
1976,26700.0,2,1.3477452222431871e-05,20000.0,False,True,repeated value in upper 1% tail
1976,26800.0,3,2.0216178333647807e-05,20000.0,False,True,repeated value in upper 1% tail
1976,27000.0,27,0.00018194560500283026,20000.0,False,True,repeated value in upper 1% tail
1976,27200.0,3,2.0216178333647807e-05,20000.0,False,True,repeated value in upper 1% tail
1976,27500.0,3,2.0216178333647807e-05,20000.0,False,True,repeated value in upper 1% tail
1976,27600.0,2,1.3477452222431871e-05,20000.0,False,True,repeated value in upper 1% tail
1976,27800.0,2,1.3477452222431871e-05,20000.0,False,True,repeated value in upper 1% tail
1976,28000.0,32,0.00021563923555890994,20000.0,False,True,repeated value in upper 1% tail
1976,28500.0,3,2.0216178333647807e-05,20000.0,False,True,repeated value in upper 1% tail
1976,29000.0,10,6.738726111215936e-05,20000.0,False,True,repeated value in upper 1% tail
1976,29500.0,3,2.0216178333647807e-05,20000.0,False,True,repeated value in upper 1% tail
1976,30000.0,147,0.0009905927383487426,20000.0,False,True,repeated value in upper 1% tail
1976,30400.0,3,2.0216178333647807e-05,20000.0,False,True,repeated value in upper 1% tail
1976,30500.0,5,3.369363055607968e-05,20000.0,False,True,repeated value in upper 1% tail
1976,30900.0,2,1.3477452222431871e-05,20000.0,False,True,repeated value in upper 1% tail
1976,31000.0,9,6.064853500094342e-05,20000.0,False,True,repeated value in upper 1% tail
1976,31300.0,2,1.3477452222431871e-05,20000.0,False,True,repeated value in upper 1% tail
1976,31500.0,5,3.369363055607968e-05,20000.0,False,True,repeated value in upper 1% tail
1976,31600.0,2,1.3477452222431871e-05,20000.0,False,True,repeated value in upper 1% tail
1976,32000.0,19,0.00012803579611310277,20000.0,False,True,repeated value in upper 1% tail
1976,32500.0,3,2.0216178333647807e-05,20000.0,False,True,repeated value in upper 1% tail
1976,32700.0,2,1.3477452222431871e-05,20000.0,False,True,repeated value in upper 1% tail
1976,33000.0,13,8.760343944580717e-05,20000.0,False,True,repeated value in upper 1% tail
1976,33500.0,3,2.0216178333647807e-05,20000.0,False,True,repeated value in upper 1% tail
1976,34000.0,9,6.064853500094342e-05,20000.0,False,True,repeated value in upper 1% tail
1976,34500.0,4,2.6954904444863743e-05,20000.0,False,True,repeated value in upper 1% tail
1976,34800.0,2,1.3477452222431871e-05,20000.0,False,True,repeated value in upper 1% tail
1976,35000.0,37,0.00024933286611498963,20000.0,False,True,repeated value in upper 1% tail
1976,35300.0,2,1.3477452222431871e-05,20000.0,False,True,repeated value in upper 1% tail
1976,35500.0,2,1.3477452222431871e-05,20000.0,False,True,repeated value in upper 1% tail
1976,36000.0,13,8.760343944580717e-05,20000.0,False,True,repeated value in upper 1% tail
1976,36200.0,2,1.3477452222431871e-05,20000.0,False,True,repeated value in upper 1% tail
1976,37000.0,5,3.369363055607968e-05,20000.0,False,True,repeated value in upper 1% tail
1976,37500.0,3,2.0216178333647807e-05,20000.0,False,True,repeated value in upper 1% tail
1976,38000.0,7,4.717108277851155e-05,20000.0,False,True,repeated value in upper 1% tail
1976,38400.0,5,3.369363055607968e-05,20000.0,False,True,repeated value in upper 1% tail
1976,39000.0,8,5.3909808889727486e-05,20000.0,False,True,repeated value in upper 1% tail
1976,40000.0,52,0.0003504137577832287,20000.0,False,True,repeated value in upper 1% tail
1976,41000.0,4,2.6954904444863743e-05,20000.0,False,True,repeated value in upper 1% tail
1976,42000.0,6,4.0432356667295614e-05,20000.0,False,True,repeated value in upper 1% tail
1976,43000.0,5,3.369363055607968e-05,20000.0,False,True,repeated value in upper 1% tail
1976,44000.0,5,3.369363055607968e-05,20000.0,False,True,repeated value in upper 1% tail
1976,45000.0,16,0.00010781961777945497,20000.0,False,True,repeated value in upper 1% tail
1976,46000.0,2,1.3477452222431871e-05,20000.0,False,True,repeated value in upper 1% tail
1976,46100.0,2,1.3477452222431871e-05,20000.0,False,True,repeated value in upper 1% tail
1976,48000.0,2,1.3477452222431871e-05,20000.0,False,True,repeated value in upper 1% tail
1976,50000.0,44,0.0002965039488935012,20000.0,False,True,repeated value in upper 1% tail
1976,51500.0,2,1.3477452222431871e-05,20000.0,False,True,repeated value in upper 1% tail
1976,52000.0,9,6.064853500094342e-05,20000.0,False,True,repeated value in upper 1% tail
1976,53100.0,2,1.3477452222431871e-05,20000.0,False,True,repeated value in upper 1% tail
1976,54000.0,3,2.0216178333647807e-05,20000.0,False,True,repeated value in upper 1% tail
1976,55000.0,9,6.064853500094342e-05,20000.0,False,True,repeated value in upper 1% tail
1976,56000.0,3,2.0216178333647807e-05,20000.0,False,True,repeated value in upper 1% tail
1976,58000.0,2,1.3477452222431871e-05,20000.0,False,True,repeated value in upper 1% tail
1976,60000.0,22,0.0001482519744467506,20000.0,False,True,repeated value in upper 1% tail
1976,64000.0,2,1.3477452222431871e-05,20000.0,False,True,repeated value in upper 1% tail
1976,65000.0,2,1.3477452222431871e-05,20000.0,False,True,repeated value in upper 1% tail
1976,70000.0,11,7.41259872233753e-05,20000.0,False,True,repeated value in upper 1% tail
1976,71200.0,2,1.3477452222431871e-05,20000.0,False,True,repeated value in upper 1% tail
1976,75000.0,6,4.0432356667295614e-05,20000.0,False,True,repeated value in upper 1% tail
1976,76500.0,2,1.3477452222431871e-05,20000.0,False,True,repeated value in upper 1% tail
1976,76800.0,2,1.3477452222431871e-05,20000.0,False,True,repeated value in upper 1% tail
1976,80000.0,11,7.41259872233753e-05,20000.0,False,True,repeated value in upper 1% tail
1976,81000.0,2,1.3477452222431871e-05,20000.0,False,True,repeated value in upper 1% tail
1976,90000.0,3,2.0216178333647807e-05,20000.0,False,True,repeated value in upper 1% tail
1976,92000.0,2,1.3477452222431871e-05,20000.0,False,True,repeated value in upper 1% tail
1976,99999.0,5,3.369363055607968e-05,20000.0,False,True,repeated value in upper 1% tail
1976,100000.0,9,6.064853500094342e-05,20000.0,False,True,repeated value in upper 1% tail
1976,120000.0,2,1.3477452222431871e-05,20000.0,False,True,repeated value in upper 1% tail
1976,130000.0,5,3.369363055607968e-05,20000.0,False,True,repeated value in upper 1% tail
1976,135000.0,2,1.3477452222431871e-05,20000.0,False,True,repeated value in upper 1% tail
1976,150000.0,2,1.3477452222431871e-05,20000.0,False,True,repeated value in upper 1% tail
1976,180000.0,3,2.0216178333647807e-05,20000.0,False,True,repeated value in upper 1% tail
1976,350000.0,3,2.0216178333647807e-05,20000.0,False,True,repeated value in upper 1% tail
1976,638820.0,2,1.3477452222431871e-05,20000.0,False,True,repeated value in upper 1% tail
1976,999999.0,4,2.6954904444863743e-05,20000.0,False,True,repeated value in upper 1% tail
1977,40000.0,134,0.0006911277761158619,40000.0,False,True,repeated value in upper 1% tail
1977,40500.0,2,1.031533994202779e-05,40000.0,False,True,repeated value in upper 1% tail
1977,40600.0,2,1.031533994202779e-05,40000.0,False,True,repeated value in upper 1% tail
1977,41000.0,19,9.7995729449264e-05,40000.0,False,True,repeated value in upper 1% tail
1977,41400.0,2,1.031533994202779e-05,40000.0,False,True,repeated value in upper 1% tail
1977,41500.0,3,1.5473009913041683e-05,40000.0,False,True,repeated value in upper 1% tail
1977,42000.0,25,0.00012894174927534737,40000.0,False,True,repeated value in upper 1% tail
1977,42200.0,4,2.063067988405558e-05,40000.0,False,True,repeated value in upper 1% tail
1977,42400.0,2,1.031533994202779e-05,40000.0,False,True,repeated value in upper 1% tail
1977,42500.0,2,1.031533994202779e-05,40000.0,False,True,repeated value in upper 1% tail
1977,42800.0,2,1.031533994202779e-05,40000.0,False,True,repeated value in upper 1% tail
1977,43000.0,20,0.00010315339942027789,40000.0,False,True,repeated value in upper 1% tail
1977,43500.0,5,2.5788349855069473e-05,40000.0,False,True,repeated value in upper 1% tail
1977,44000.0,14,7.220737959419453e-05,40000.0,False,True,repeated value in upper 1% tail
1977,44400.0,2,1.031533994202779e-05,40000.0,False,True,repeated value in upper 1% tail
1977,44600.0,2,1.031533994202779e-05,40000.0,False,True,repeated value in upper 1% tail
1977,45000.0,45,0.00023209514869562526,40000.0,False,True,repeated value in upper 1% tail
1977,45200.0,2,1.031533994202779e-05,40000.0,False,True,repeated value in upper 1% tail
1977,46000.0,14,7.220737959419453e-05,40000.0,False,True,repeated value in upper 1% tail
1977,47000.0,9,4.641902973912505e-05,40000.0,False,True,repeated value in upper 1% tail
1977,47500.0,2,1.031533994202779e-05,40000.0,False,True,repeated value in upper 1% tail
1977,47600.0,2,1.031533994202779e-05,40000.0,False,True,repeated value in upper 1% tail
1977,48000.0,10,5.1576699710138946e-05,40000.0,False,True,repeated value in upper 1% tail
1977,49000.0,11,5.673436968115284e-05,40000.0,False,True,repeated value in upper 1% tail
1977,49070.0,2,1.031533994202779e-05,40000.0,False,True,repeated value in upper 1% tail
1977,50000.0,83,0.00042808660759415326,40000.0,False,True,repeated value in upper 1% tail
1977,50100.0,2,1.031533994202779e-05,40000.0,False,True,repeated value in upper 1% tail
1977,51000.0,2,1.031533994202779e-05,40000.0,False,True,repeated value in upper 1% tail
1977,51500.0,3,1.5473009913041683e-05,40000.0,False,True,repeated value in upper 1% tail
1977,52000.0,9,4.641902973912505e-05,40000.0,False,True,repeated value in upper 1% tail
1977,52200.0,3,1.5473009913041683e-05,40000.0,False,True,repeated value in upper 1% tail
1977,52500.0,4,2.063067988405558e-05,40000.0,False,True,repeated value in upper 1% tail
1977,53000.0,11,5.673436968115284e-05,40000.0,False,True,repeated value in upper 1% tail
1977,53300.0,2,1.031533994202779e-05,40000.0,False,True,repeated value in upper 1% tail
1977,54000.0,3,1.5473009913041683e-05,40000.0,False,True,repeated value in upper 1% tail
1977,55000.0,23,0.00011862640933331959,40000.0,False,True,repeated value in upper 1% tail
1977,55400.0,2,1.031533994202779e-05,40000.0,False,True,repeated value in upper 1% tail
1977,56000.0,12,6.189203965216673e-05,40000.0,False,True,repeated value in upper 1% tail
1977,56100.0,2,1.031533994202779e-05,40000.0,False,True,repeated value in upper 1% tail
1977,56500.0,2,1.031533994202779e-05,40000.0,False,True,repeated value in upper 1% tail
1977,57000.0,7,3.6103689797097266e-05,40000.0,False,True,repeated value in upper 1% tail
1977,58000.0,5,2.5788349855069473e-05,40000.0,False,True,repeated value in upper 1% tail
1977,59000.0,4,2.063067988405558e-05,40000.0,False,True,repeated value in upper 1% tail
1977,59500.0,2,1.031533994202779e-05,40000.0,False,True,repeated value in upper 1% tail
1977,60000.0,55,0.0002836718484057642,40000.0,False,True,repeated value in upper 1% tail
1977,61000.0,3,1.5473009913041683e-05,40000.0,False,True,repeated value in upper 1% tail
1977,62000.0,9,4.641902973912505e-05,40000.0,False,True,repeated value in upper 1% tail
1977,63000.0,8,4.126135976811116e-05,40000.0,False,True,repeated value in upper 1% tail
1977,63600.0,2,1.031533994202779e-05,40000.0,False,True,repeated value in upper 1% tail
1977,64000.0,2,1.031533994202779e-05,40000.0,False,True,repeated value in upper 1% tail
1977,64500.0,3,1.5473009913041683e-05,40000.0,False,True,repeated value in upper 1% tail
1977,65000.0,14,7.220737959419453e-05,40000.0,False,True,repeated value in upper 1% tail
1977,66000.0,4,2.063067988405558e-05,40000.0,False,True,repeated value in upper 1% tail
1977,68000.0,5,2.5788349855069473e-05,40000.0,False,True,repeated value in upper 1% tail
1977,69000.0,2,1.031533994202779e-05,40000.0,False,True,repeated value in upper 1% tail
1977,70000.0,26,0.00013409941924636125,40000.0,False,True,repeated value in upper 1% tail
1977,70500.0,2,1.031533994202779e-05,40000.0,False,True,repeated value in upper 1% tail
1977,74000.0,3,1.5473009913041683e-05,40000.0,False,True,repeated value in upper 1% tail
1977,74500.0,2,1.031533994202779e-05,40000.0,False,True,repeated value in upper 1% tail
1977,75000.0,5,2.5788349855069473e-05,40000.0,False,True,repeated value in upper 1% tail
1977,76000.0,2,1.031533994202779e-05,40000.0,False,True,repeated value in upper 1% tail
1977,80000.0,20,0.00010315339942027789,40000.0,False,True,repeated value in upper 1% tail
1977,81000.0,3,1.5473009913041683e-05,40000.0,False,True,repeated value in upper 1% tail
1977,83000.0,2,1.031533994202779e-05,40000.0,False,True,repeated value in upper 1% tail
1977,84000.0,4,2.063067988405558e-05,40000.0,False,True,repeated value in upper 1% tail
1977,85000.0,6,3.0946019826083366e-05,40000.0,False,True,repeated value in upper 1% tail
1977,86000.0,4,2.063067988405558e-05,40000.0,False,True,repeated value in upper 1% tail
1977,88000.0,3,1.5473009913041683e-05,40000.0,False,True,repeated value in upper 1% tail
1977,90000.0,7,3.6103689797097266e-05,40000.0,False,True,repeated value in upper 1% tail
1977,95000.0,4,2.063067988405558e-05,40000.0,False,True,repeated value in upper 1% tail
1977,98000.0,5,2.5788349855069473e-05,40000.0,False,True,repeated value in upper 1% tail
1977,100000.0,19,9.7995729449264e-05,40000.0,False,True,repeated value in upper 1% tail
1977,103500.0,2,1.031533994202779e-05,40000.0,False,True,repeated value in upper 1% tail
1977,105000.0,4,2.063067988405558e-05,40000.0,False,True,repeated value in upper 1% tail
1977,110000.0,3,1.5473009913041683e-05,40000.0,False,True,repeated value in upper 1% tail
1977,115000.0,3,1.5473009913041683e-05,40000.0,False,True,repeated value in upper 1% tail
1977,120000.0,6,3.0946019826083366e-05,40000.0,False,True,repeated value in upper 1% tail
1977,122500.0,2,1.031533994202779e-05,40000.0,False,True,repeated value in upper 1% tail
1977,130000.0,5,2.5788349855069473e-05,40000.0,False,True,repeated value in upper 1% tail
1977,145000.0,2,1.031533994202779e-05,40000.0,False,True,repeated value in upper 1% tail
1977,148000.0,2,1.031533994202779e-05,40000.0,False,True,repeated value in upper 1% tail
1977,150000.0,7,3.6103689797097266e-05,40000.0,False,True,repeated value in upper 1% tail
1977,155000.0,2,1.031533994202779e-05,40000.0,False,True,repeated value in upper 1% tail
1977,170000.0,3,1.5473009913041683e-05,40000.0,False,True,repeated value in upper 1% tail
1977,200000.0,2,1.031533994202779e-05,40000.0,False,True,repeated value in upper 1% tail
1977,216000.0,2,1.031533994202779e-05,40000.0,False,True,repeated value in upper 1% tail
1977,220000.0,2,1.031533994202779e-05,40000.0,False,True,repeated value in upper 1% tail
1977,250000.0,2,1.031533994202779e-05,40000.0,False,True,repeated value in upper 1% tail
1977,534000.0,2,1.031533994202779e-05,40000.0,False,True,repeated value in upper 1% tail
1977,999999.0,919,0.004739898703361769,40000.0,False,True,repeated value in upper 1% tail
1978,47000.0,30,0.0001386776622644213,46977.040000000095,False,True,repeated value in upper 1% tail
1978,48000.0,37,0.00017103578345945296,46977.040000000095,False,True,repeated value in upper 1% tail
1978,48300.0,2,9.245177484294755e-06,46977.040000000095,False,True,repeated value in upper 1% tail
1978,48500.0,4,1.849035496858951e-05,46977.040000000095,False,True,repeated value in upper 1% tail
1978,49000.0,21,9.707436358509492e-05,46977.040000000095,False,True,repeated value in upper 1% tail
1978,49200.0,2,9.245177484294755e-06,46977.040000000095,False,True,repeated value in upper 1% tail
1978,49500.0,11,5.084847616362115e-05,46977.040000000095,False,True,repeated value in upper 1% tail
1978,50000.0,249,0.001151024596794697,46977.040000000095,False,True,repeated value in upper 1% tail
1978,50400.0,3,1.3867766226442132e-05,46977.040000000095,False,True,repeated value in upper 1% tail
1978,50500.0,5,2.3112943710736887e-05,46977.040000000095,False,True,repeated value in upper 1% tail
1978,50600.0,3,1.3867766226442132e-05,46977.040000000095,False,True,repeated value in upper 1% tail
1978,50700.0,4,1.849035496858951e-05,46977.040000000095,False,True,repeated value in upper 1% tail
1978,51000.0,10,4.6225887421473774e-05,46977.040000000095,False,True,repeated value in upper 1% tail
1978,51200.0,2,9.245177484294755e-06,46977.040000000095,False,True,repeated value in upper 1% tail
1978,51500.0,7,3.235812119503164e-05,46977.040000000095,False,True,repeated value in upper 1% tail
1978,51800.0,2,9.245177484294755e-06,46977.040000000095,False,True,repeated value in upper 1% tail
1978,52000.0,32,0.00014792283974871608,46977.040000000095,False,True,repeated value in upper 1% tail
1978,52500.0,3,1.3867766226442132e-05,46977.040000000095,False,True,repeated value in upper 1% tail
1978,53000.0,25,0.00011556471855368443,46977.040000000095,False,True,repeated value in upper 1% tail
1978,53500.0,4,1.849035496858951e-05,46977.040000000095,False,True,repeated value in upper 1% tail
1978,54000.0,15,6.933883113221065e-05,46977.040000000095,False,True,repeated value in upper 1% tail
1978,54500.0,2,9.245177484294755e-06,46977.040000000095,False,True,repeated value in upper 1% tail
1978,54600.0,2,9.245177484294755e-06,46977.040000000095,False,True,repeated value in upper 1% tail
1978,54800.0,2,9.245177484294755e-06,46977.040000000095,False,True,repeated value in upper 1% tail
1978,55000.0,41,0.00018952613842804247,46977.040000000095,False,True,repeated value in upper 1% tail
1978,55500.0,4,1.849035496858951e-05,46977.040000000095,False,True,repeated value in upper 1% tail
1978,56000.0,27,0.0001248098960379792,46977.040000000095,False,True,repeated value in upper 1% tail
1978,56500.0,4,1.849035496858951e-05,46977.040000000095,False,True,repeated value in upper 1% tail
1978,57000.0,15,6.933883113221065e-05,46977.040000000095,False,True,repeated value in upper 1% tail
1978,57200.0,2,9.245177484294755e-06,46977.040000000095,False,True,repeated value in upper 1% tail
1978,57300.0,2,9.245177484294755e-06,46977.040000000095,False,True,repeated value in upper 1% tail
1978,57500.0,3,1.3867766226442132e-05,46977.040000000095,False,True,repeated value in upper 1% tail
1978,58000.0,18,8.32065973586528e-05,46977.040000000095,False,True,repeated value in upper 1% tail
1978,58500.0,2,9.245177484294755e-06,46977.040000000095,False,True,repeated value in upper 1% tail
1978,59000.0,13,6.0093653647915906e-05,46977.040000000095,False,True,repeated value in upper 1% tail
1978,59500.0,2,9.245177484294755e-06,46977.040000000095,False,True,repeated value in upper 1% tail
1978,60000.0,133,0.0006148043027056012,46977.040000000095,False,True,repeated value in upper 1% tail
1978,60500.0,4,1.849035496858951e-05,46977.040000000095,False,True,repeated value in upper 1% tail
1978,60800.0,2,9.245177484294755e-06,46977.040000000095,False,True,repeated value in upper 1% tail
1978,61000.0,7,3.235812119503164e-05,46977.040000000095,False,True,repeated value in upper 1% tail
1978,62000.0,18,8.32065973586528e-05,46977.040000000095,False,True,repeated value in upper 1% tail
1978,62500.0,3,1.3867766226442132e-05,46977.040000000095,False,True,repeated value in upper 1% tail
1978,63000.0,3,1.3867766226442132e-05,46977.040000000095,False,True,repeated value in upper 1% tail
1978,63500.0,4,1.849035496858951e-05,46977.040000000095,False,True,repeated value in upper 1% tail
1978,64000.0,14,6.471624239006328e-05,46977.040000000095,False,True,repeated value in upper 1% tail
1978,64500.0,5,2.3112943710736887e-05,46977.040000000095,False,True,repeated value in upper 1% tail
1978,65000.0,24,0.00011094212981153706,46977.040000000095,False,True,repeated value in upper 1% tail
1978,66000.0,13,6.0093653647915906e-05,46977.040000000095,False,True,repeated value in upper 1% tail
1978,66500.0,3,1.3867766226442132e-05,46977.040000000095,False,True,repeated value in upper 1% tail
1978,67000.0,5,2.3112943710736887e-05,46977.040000000095,False,True,repeated value in upper 1% tail
1978,68000.0,13,6.0093653647915906e-05,46977.040000000095,False,True,repeated value in upper 1% tail
1978,69000.0,5,2.3112943710736887e-05,46977.040000000095,False,True,repeated value in upper 1% tail
1978,70000.0,62,0.0002866005020131374,46977.040000000095,False,True,repeated value in upper 1% tail
1978,70016.0,2,9.245177484294755e-06,46977.040000000095,False,True,repeated value in upper 1% tail
1978,71000.0,4,1.849035496858951e-05,46977.040000000095,False,True,repeated value in upper 1% tail
1978,72000.0,11,5.084847616362115e-05,46977.040000000095,False,True,repeated value in upper 1% tail
1978,73000.0,5,2.3112943710736887e-05,46977.040000000095,False,True,repeated value in upper 1% tail
1978,73500.0,2,9.245177484294755e-06,46977.040000000095,False,True,repeated value in upper 1% tail
1978,73600.0,2,9.245177484294755e-06,46977.040000000095,False,True,repeated value in upper 1% tail
1978,74000.0,9,4.16032986793264e-05,46977.040000000095,False,True,repeated value in upper 1% tail
1978,75000.0,19,8.782918610080016e-05,46977.040000000095,False,True,repeated value in upper 1% tail
1978,76000.0,4,1.849035496858951e-05,46977.040000000095,False,True,repeated value in upper 1% tail
1978,76200.0,2,9.245177484294755e-06,46977.040000000095,False,True,repeated value in upper 1% tail
1978,77000.0,6,2.7735532452884265e-05,46977.040000000095,False,True,repeated value in upper 1% tail
1978,78000.0,11,5.084847616362115e-05,46977.040000000095,False,True,repeated value in upper 1% tail
1978,79000.0,2,9.245177484294755e-06,46977.040000000095,False,True,repeated value in upper 1% tail
1978,79500.0,2,9.245177484294755e-06,46977.040000000095,False,True,repeated value in upper 1% tail
1978,80000.0,58,0.0002681101470445479,46977.040000000095,False,True,repeated value in upper 1% tail
1978,81000.0,7,3.235812119503164e-05,46977.040000000095,False,True,repeated value in upper 1% tail
1978,82000.0,2,9.245177484294755e-06,46977.040000000095,False,True,repeated value in upper 1% tail
1978,83000.0,4,1.849035496858951e-05,46977.040000000095,False,True,repeated value in upper 1% tail
1978,84000.0,3,1.3867766226442132e-05,46977.040000000095,False,True,repeated value in upper 1% tail
1978,84500.0,2,9.245177484294755e-06,46977.040000000095,False,True,repeated value in upper 1% tail
1978,85000.0,12,5.547106490576853e-05,46977.040000000095,False,True,repeated value in upper 1% tail
1978,86000.0,5,2.3112943710736887e-05,46977.040000000095,False,True,repeated value in upper 1% tail
1978,87000.0,5,2.3112943710736887e-05,46977.040000000095,False,True,repeated value in upper 1% tail
1978,88000.0,6,2.7735532452884265e-05,46977.040000000095,False,True,repeated value in upper 1% tail
1978,90000.0,28,0.00012943248478012657,46977.040000000095,False,True,repeated value in upper 1% tail
1978,91000.0,3,1.3867766226442132e-05,46977.040000000095,False,True,repeated value in upper 1% tail
1978,92000.0,2,9.245177484294755e-06,46977.040000000095,False,True,repeated value in upper 1% tail
1978,95000.0,4,1.849035496858951e-05,46977.040000000095,False,True,repeated value in upper 1% tail
1978,96500.0,2,9.245177484294755e-06,46977.040000000095,False,True,repeated value in upper 1% tail
1978,97000.0,3,1.3867766226442132e-05,46977.040000000095,False,True,repeated value in upper 1% tail
1978,98000.0,2,9.245177484294755e-06,46977.040000000095,False,True,repeated value in upper 1% tail
1978,99000.0,2,9.245177484294755e-06,46977.040000000095,False,True,repeated value in upper 1% tail
1978,99999.0,2,9.245177484294755e-06,46977.040000000095,False,True,repeated value in upper 1% tail
1978,100000.0,33,0.00015254542849086345,46977.040000000095,False,True,repeated value in upper 1% tail
1978,102500.0,2,9.245177484294755e-06,46977.040000000095,False,True,repeated value in upper 1% tail
1978,103000.0,3,1.3867766226442132e-05,46977.040000000095,False,True,repeated value in upper 1% tail
1978,104700.0,3,1.3867766226442132e-05,46977.040000000095,False,True,repeated value in upper 1% tail
1978,105000.0,7,3.235812119503164e-05,46977.040000000095,False,True,repeated value in upper 1% tail
1978,106000.0,2,9.245177484294755e-06,46977.040000000095,False,True,repeated value in upper 1% tail
1978,107000.0,3,1.3867766226442132e-05,46977.040000000095,False,True,repeated value in upper 1% tail
1978,110000.0,8,3.698070993717902e-05,46977.040000000095,False,True,repeated value in upper 1% tail
1978,115000.0,6,2.7735532452884265e-05,46977.040000000095,False,True,repeated value in upper 1% tail
1978,120000.0,13,6.0093653647915906e-05,46977.040000000095,False,True,repeated value in upper 1% tail
1978,125000.0,3,1.3867766226442132e-05,46977.040000000095,False,True,repeated value in upper 1% tail
1978,130000.0,4,1.849035496858951e-05,46977.040000000095,False,True,repeated value in upper 1% tail
1978,135000.0,3,1.3867766226442132e-05,46977.040000000095,False,True,repeated value in upper 1% tail
1978,140000.0,6,2.7735532452884265e-05,46977.040000000095,False,True,repeated value in upper 1% tail
1978,150000.0,14,6.471624239006328e-05,46977.040000000095,False,True,repeated value in upper 1% tail
1978,160000.0,2,9.245177484294755e-06,46977.040000000095,False,True,repeated value in upper 1% tail
1978,165000.0,2,9.245177484294755e-06,46977.040000000095,False,True,repeated value in upper 1% tail
1978,170000.0,2,9.245177484294755e-06,46977.040000000095,False,True,repeated value in upper 1% tail
1978,180000.0,3,1.3867766226442132e-05,46977.040000000095,False,True,repeated value in upper 1% tail
1978,190000.0,2,9.245177484294755e-06,46977.040000000095,False,True,repeated value in upper 1% tail
1978,200000.0,6,2.7735532452884265e-05,46977.040000000095,False,True,repeated value in upper 1% tail
1978,230000.0,5,2.3112943710736887e-05,46977.040000000095,False,True,repeated value in upper 1% tail
1978,280000.0,2,9.245177484294755e-06,46977.040000000095,False,True,repeated value in upper 1% tail
1978,500000.0,2,9.245177484294755e-06,46977.040000000095,False,True,repeated value in upper 1% tail
1978,999999.0,628,0.0029029857300685528,46977.040000000095,False,True,repeated value in upper 1% tail
1979,70000.0,123,0.0007177410413663922,70000.0,False,True,repeated value in upper 1% tail
1979,70600.0,2,1.1670586038477921e-05,70000.0,False,True,repeated value in upper 1% tail
1979,71000.0,12,7.002351623086753e-05,70000.0,False,True,repeated value in upper 1% tail
1979,72000.0,23,0.0001342117394424961,70000.0,False,True,repeated value in upper 1% tail
1979,72500.0,2,1.1670586038477921e-05,70000.0,False,True,repeated value in upper 1% tail
1979,73000.0,14,8.169410226934545e-05,70000.0,False,True,repeated value in upper 1% tail
1979,73500.0,3,1.7505879057716883e-05,70000.0,False,True,repeated value in upper 1% tail
1979,74000.0,13,7.585880925010649e-05,70000.0,False,True,repeated value in upper 1% tail
1979,75000.0,41,0.0002392470137887974,70000.0,False,True,repeated value in upper 1% tail
1979,76000.0,8,4.6682344153911686e-05,70000.0,False,True,repeated value in upper 1% tail
1979,76700.0,2,1.1670586038477921e-05,70000.0,False,True,repeated value in upper 1% tail
1979,77000.0,14,8.169410226934545e-05,70000.0,False,True,repeated value in upper 1% tail
1979,77500.0,2,1.1670586038477921e-05,70000.0,False,True,repeated value in upper 1% tail
1979,77600.0,2,1.1670586038477921e-05,70000.0,False,True,repeated value in upper 1% tail
1979,78000.0,10,5.835293019238961e-05,70000.0,False,True,repeated value in upper 1% tail
1979,79000.0,5,2.9176465096194806e-05,70000.0,False,True,repeated value in upper 1% tail
1979,80000.0,138,0.0008052704366549767,70000.0,False,True,repeated value in upper 1% tail
1979,81000.0,7,4.0847051134672726e-05,70000.0,False,True,repeated value in upper 1% tail
1979,81500.0,2,1.1670586038477921e-05,70000.0,False,True,repeated value in upper 1% tail
1979,82000.0,19,0.00011087056736554027,70000.0,False,True,repeated value in upper 1% tail
1979,83000.0,7,4.0847051134672726e-05,70000.0,False,True,repeated value in upper 1% tail
1979,84000.0,6,3.5011758115433766e-05,70000.0,False,True,repeated value in upper 1% tail
1979,85000.0,23,0.0001342117394424961,70000.0,False,True,repeated value in upper 1% tail
1979,86000.0,6,3.5011758115433766e-05,70000.0,False,True,repeated value in upper 1% tail
1979,87000.0,5,2.9176465096194806e-05,70000.0,False,True,repeated value in upper 1% tail
1979,88000.0,6,3.5011758115433766e-05,70000.0,False,True,repeated value in upper 1% tail
1979,88500.0,2,1.1670586038477921e-05,70000.0,False,True,repeated value in upper 1% tail
1979,89000.0,5,2.9176465096194806e-05,70000.0,False,True,repeated value in upper 1% tail
1979,89500.0,2,1.1670586038477921e-05,70000.0,False,True,repeated value in upper 1% tail
1979,90000.0,45,0.00026258818586575325,70000.0,False,True,repeated value in upper 1% tail
1979,91000.0,8,4.6682344153911686e-05,70000.0,False,True,repeated value in upper 1% tail
1979,92000.0,9,5.251763717315065e-05,70000.0,False,True,repeated value in upper 1% tail
1979,93000.0,2,1.1670586038477921e-05,70000.0,False,True,repeated value in upper 1% tail
1979,94000.0,2,1.1670586038477921e-05,70000.0,False,True,repeated value in upper 1% tail
1979,94500.0,2,1.1670586038477921e-05,70000.0,False,True,repeated value in upper 1% tail
1979,95000.0,13,7.585880925010649e-05,70000.0,False,True,repeated value in upper 1% tail
1979,96000.0,9,5.251763717315065e-05,70000.0,False,True,repeated value in upper 1% tail
1979,96600.0,2,1.1670586038477921e-05,70000.0,False,True,repeated value in upper 1% tail
1979,97000.0,3,1.7505879057716883e-05,70000.0,False,True,repeated value in upper 1% tail
1979,100000.0,94,0.0005485175438084623,70000.0,False,True,repeated value in upper 1% tail
1979,101000.0,2,1.1670586038477921e-05,70000.0,False,True,repeated value in upper 1% tail
1979,102000.0,9,5.251763717315065e-05,70000.0,False,True,repeated value in upper 1% tail
1979,103000.0,2,1.1670586038477921e-05,70000.0,False,True,repeated value in upper 1% tail
1979,104000.0,4,2.3341172076955843e-05,70000.0,False,True,repeated value in upper 1% tail
1979,105000.0,9,5.251763717315065e-05,70000.0,False,True,repeated value in upper 1% tail
1979,106000.0,2,1.1670586038477921e-05,70000.0,False,True,repeated value in upper 1% tail
1979,106500.0,2,1.1670586038477921e-05,70000.0,False,True,repeated value in upper 1% tail
1979,107000.0,4,2.3341172076955843e-05,70000.0,False,True,repeated value in upper 1% tail
1979,108000.0,5,2.9176465096194806e-05,70000.0,False,True,repeated value in upper 1% tail
1979,109000.0,4,2.3341172076955843e-05,70000.0,False,True,repeated value in upper 1% tail
1979,110000.0,16,9.336468830782337e-05,70000.0,False,True,repeated value in upper 1% tail
1979,112000.0,5,2.9176465096194806e-05,70000.0,False,True,repeated value in upper 1% tail
1979,114000.0,3,1.7505879057716883e-05,70000.0,False,True,repeated value in upper 1% tail
1979,115000.0,5,2.9176465096194806e-05,70000.0,False,True,repeated value in upper 1% tail
1979,116000.0,3,1.7505879057716883e-05,70000.0,False,True,repeated value in upper 1% tail
1979,117000.0,2,1.1670586038477921e-05,70000.0,False,True,repeated value in upper 1% tail
1979,120000.0,28,0.0001633882045386909,70000.0,False,True,repeated value in upper 1% tail
1979,121000.0,4,2.3341172076955843e-05,70000.0,False,True,repeated value in upper 1% tail
1979,122000.0,4,2.3341172076955843e-05,70000.0,False,True,repeated value in upper 1% tail
1979,125000.0,6,3.5011758115433766e-05,70000.0,False,True,repeated value in upper 1% tail
1979,126000.0,2,1.1670586038477921e-05,70000.0,False,True,repeated value in upper 1% tail
1979,130000.0,15,8.752939528858441e-05,70000.0,False,True,repeated value in upper 1% tail
1979,131000.0,2,1.1670586038477921e-05,70000.0,False,True,repeated value in upper 1% tail
1979,133000.0,3,1.7505879057716883e-05,70000.0,False,True,repeated value in upper 1% tail
1979,135000.0,7,4.0847051134672726e-05,70000.0,False,True,repeated value in upper 1% tail
1979,138000.0,3,1.7505879057716883e-05,70000.0,False,True,repeated value in upper 1% tail
1979,140000.0,11,6.418822321162857e-05,70000.0,False,True,repeated value in upper 1% tail
1979,143000.0,2,1.1670586038477921e-05,70000.0,False,True,repeated value in upper 1% tail
1979,145000.0,3,1.7505879057716883e-05,70000.0,False,True,repeated value in upper 1% tail
1979,150000.0,30,0.00017505879057716882,70000.0,False,True,repeated value in upper 1% tail
1979,155000.0,6,3.5011758115433766e-05,70000.0,False,True,repeated value in upper 1% tail
1979,158000.0,2,1.1670586038477921e-05,70000.0,False,True,repeated value in upper 1% tail
1979,160000.0,5,2.9176465096194806e-05,70000.0,False,True,repeated value in upper 1% tail
1979,166000.0,2,1.1670586038477921e-05,70000.0,False,True,repeated value in upper 1% tail
1979,175000.0,3,1.7505879057716883e-05,70000.0,False,True,repeated value in upper 1% tail
1979,177000.0,2,1.1670586038477921e-05,70000.0,False,True,repeated value in upper 1% tail
1979,180000.0,10,5.835293019238961e-05,70000.0,False,True,repeated value in upper 1% tail
1979,187000.0,3,1.7505879057716883e-05,70000.0,False,True,repeated value in upper 1% tail
1979,190000.0,2,1.1670586038477921e-05,70000.0,False,True,repeated value in upper 1% tail
1979,195000.0,2,1.1670586038477921e-05,70000.0,False,True,repeated value in upper 1% tail
1979,200000.0,15,8.752939528858441e-05,70000.0,False,True,repeated value in upper 1% tail
1979,220000.0,3,1.7505879057716883e-05,70000.0,False,True,repeated value in upper 1% tail
1979,250000.0,3,1.7505879057716883e-05,70000.0,False,True,repeated value in upper 1% tail
1979,270000.0,2,1.1670586038477921e-05,70000.0,False,True,repeated value in upper 1% tail
1979,300000.0,2,1.1670586038477921e-05,70000.0,False,True,repeated value in upper 1% tail
1979,315000.0,2,1.1670586038477921e-05,70000.0,False,True,repeated value in upper 1% tail
1979,350000.0,2,1.1670586038477921e-05,70000.0,False,True,repeated value in upper 1% tail
1979,400000.0,2,1.1670586038477921e-05,70000.0,False,True,repeated value in upper 1% tail
1979,450000.0,2,1.1670586038477921e-05,70000.0,False,True,repeated value in upper 1% tail
1979,500000.0,2,1.1670586038477921e-05,70000.0,False,True,repeated value in upper 1% tail
1979,999999.0,564,0.003291105262850774,70000.0,False,True,repeated value in upper 1% tail
1981,82000.0,31,6.565042630421984e-05,82000.0,False,True,repeated value in upper 1% tail
1981,82080.0,2,4.2355113744657964e-06,82000.0,False,True,repeated value in upper 1% tail
1981,82094.22222222222,9,1.9059801185096082e-05,82000.0,False,True,repeated value in upper 1% tail
1981,82140.5,3,6.353267061698694e-06,82000.0,False,True,repeated value in upper 1% tail
1981,82200.0,5,1.058877843616449e-05,82000.0,False,True,repeated value in upper 1% tail
1981,82250.0,10,2.117755687232898e-05,82000.0,False,True,repeated value in upper 1% tail
1981,82265.66666666667,3,6.353267061698694e-06,82000.0,False,True,repeated value in upper 1% tail
1981,82290.71428571429,9,1.9059801185096082e-05,82000.0,False,True,repeated value in upper 1% tail
1981,82450.0,2,4.2355113744657964e-06,82000.0,False,True,repeated value in upper 1% tail
1981,82500.0,25,5.294389218082245e-05,82000.0,False,True,repeated value in upper 1% tail
1981,82666.66666666667,4,8.471022748931593e-06,82000.0,False,True,repeated value in upper 1% tail
1981,82833.33333333333,5,1.058877843616449e-05,82000.0,False,True,repeated value in upper 1% tail
1981,82900.0,2,4.2355113744657964e-06,82000.0,False,True,repeated value in upper 1% tail
1981,83000.0,22,4.6590625119123755e-05,82000.0,False,True,repeated value in upper 1% tail
1981,83333.33333333333,42,8.894573886378172e-05,82000.0,False,True,repeated value in upper 1% tail
1981,83383.33333333333,3,6.353267061698694e-06,82000.0,False,True,repeated value in upper 1% tail
1981,83500.0,14,2.9648579621260573e-05,82000.0,False,True,repeated value in upper 1% tail
1981,83514.0,4,8.471022748931593e-06,82000.0,False,True,repeated value in upper 1% tail
1981,83655.0,2,4.2355113744657964e-06,82000.0,False,True,repeated value in upper 1% tail
1981,83666.66666666667,7,1.4824289810630286e-05,82000.0,False,True,repeated value in upper 1% tail
1981,83750.0,4,8.471022748931593e-06,82000.0,False,True,repeated value in upper 1% tail
1981,84000.0,25,5.294389218082245e-05,82000.0,False,True,repeated value in upper 1% tail
1981,84023.33333333333,3,6.353267061698694e-06,82000.0,False,True,repeated value in upper 1% tail
1981,84074.5,2,4.2355113744657964e-06,82000.0,False,True,repeated value in upper 1% tail
1981,84131.8,5,1.058877843616449e-05,82000.0,False,True,repeated value in upper 1% tail
1981,84200.0,7,1.4824289810630286e-05,82000.0,False,True,repeated value in upper 1% tail
1981,84333.33333333333,15,3.176633530849347e-05,82000.0,False,True,repeated value in upper 1% tail
1981,84600.0,13,2.7530823934027676e-05,82000.0,False,True,repeated value in upper 1% tail
1981,84665.5,2,4.2355113744657964e-06,82000.0,False,True,repeated value in upper 1% tail
1981,84666.66666666667,6,1.2706534123397388e-05,82000.0,False,True,repeated value in upper 1% tail
1981,84793.33333333333,3,6.353267061698694e-06,82000.0,False,True,repeated value in upper 1% tail
1981,85000.0,78,0.00016518494360416605,82000.0,False,True,repeated value in upper 1% tail
1981,85025.6,5,1.058877843616449e-05,82000.0,False,True,repeated value in upper 1% tail
1981,85142.85714285714,9,1.9059801185096082e-05,82000.0,False,True,repeated value in upper 1% tail
1981,85277.66666666667,3,6.353267061698694e-06,82000.0,False,True,repeated value in upper 1% tail
1981,85333.33333333333,3,6.353267061698694e-06,82000.0,False,True,repeated value in upper 1% tail
1981,85375.0,5,1.058877843616449e-05,82000.0,False,True,repeated value in upper 1% tail
1981,85476.66666666667,3,6.353267061698694e-06,82000.0,False,True,repeated value in upper 1% tail
1981,85500.0,6,1.2706534123397388e-05,82000.0,False,True,repeated value in upper 1% tail
1981,85666.66666666667,10,2.117755687232898e-05,82000.0,False,True,repeated value in upper 1% tail
1981,85667.33333333333,3,6.353267061698694e-06,82000.0,False,True,repeated value in upper 1% tail
1981,85671.66666666667,3,6.353267061698694e-06,82000.0,False,True,repeated value in upper 1% tail
1981,85884.25,4,8.471022748931593e-06,82000.0,False,True,repeated value in upper 1% tail
1981,86000.0,39,8.259247180208302e-05,82000.0,False,True,repeated value in upper 1% tail
1981,86066.66666666667,3,6.353267061698694e-06,82000.0,False,True,repeated value in upper 1% tail
1981,86073.0,4,8.471022748931593e-06,82000.0,False,True,repeated value in upper 1% tail
1981,86166.66666666667,4,8.471022748931593e-06,82000.0,False,True,repeated value in upper 1% tail
1981,86200.0,5,1.058877843616449e-05,82000.0,False,True,repeated value in upper 1% tail
1981,86260.0,5,1.058877843616449e-05,82000.0,False,True,repeated value in upper 1% tail
1981,86333.33333333333,3,6.353267061698694e-06,82000.0,False,True,repeated value in upper 1% tail
1981,86350.0,9,1.9059801185096082e-05,82000.0,False,True,repeated value in upper 1% tail
1981,86389.75,5,1.058877843616449e-05,82000.0,False,True,repeated value in upper 1% tail
1981,86400.0,7,1.4824289810630286e-05,82000.0,False,True,repeated value in upper 1% tail
1981,86500.0,12,2.5413068246794777e-05,82000.0,False,True,repeated value in upper 1% tail
1981,86600.0,5,1.058877843616449e-05,82000.0,False,True,repeated value in upper 1% tail
1981,86666.66666666667,12,2.5413068246794777e-05,82000.0,False,True,repeated value in upper 1% tail
1981,86674.0,4,8.471022748931593e-06,82000.0,False,True,repeated value in upper 1% tail
1981,86800.0,4,8.471022748931593e-06,82000.0,False,True,repeated value in upper 1% tail
1981,86904.75,4,8.471022748931593e-06,82000.0,False,True,repeated value in upper 1% tail
1981,87000.0,12,2.5413068246794777e-05,82000.0,False,True,repeated value in upper 1% tail
1981,87050.0,3,6.353267061698694e-06,82000.0,False,True,repeated value in upper 1% tail
1981,87166.66666666667,6,1.2706534123397388e-05,82000.0,False,True,repeated value in upper 1% tail
1981,87200.0,10,2.117755687232898e-05,82000.0,False,True,repeated value in upper 1% tail
1981,87250.0,8,1.6942045497863186e-05,82000.0,False,True,repeated value in upper 1% tail
1981,87418.0,5,1.058877843616449e-05,82000.0,False,True,repeated value in upper 1% tail
1981,87500.0,31,6.565042630421984e-05,82000.0,False,True,repeated value in upper 1% tail
1981,87502.5,4,8.471022748931593e-06,82000.0,False,True,repeated value in upper 1% tail
1981,87591.5,4,8.471022748931593e-06,82000.0,False,True,repeated value in upper 1% tail
1981,87600.0,5,1.058877843616449e-05,82000.0,False,True,repeated value in upper 1% tail
1981,87665.0,4,8.471022748931593e-06,82000.0,False,True,repeated value in upper 1% tail
1981,87666.66666666667,3,6.353267061698694e-06,82000.0,False,True,repeated value in upper 1% tail
1981,87800.0,6,1.2706534123397388e-05,82000.0,False,True,repeated value in upper 1% tail
1981,87833.33333333333,8,1.6942045497863186e-05,82000.0,False,True,repeated value in upper 1% tail
1981,87866.66666666667,3,6.353267061698694e-06,82000.0,False,True,repeated value in upper 1% tail
1981,87950.0,5,1.058877843616449e-05,82000.0,False,True,repeated value in upper 1% tail
1981,87980.0,6,1.2706534123397388e-05,82000.0,False,True,repeated value in upper 1% tail
1981,88000.0,22,4.6590625119123755e-05,82000.0,False,True,repeated value in upper 1% tail
1981,88007.0,5,1.058877843616449e-05,82000.0,False,True,repeated value in upper 1% tail
1981,88100.0,3,6.353267061698694e-06,82000.0,False,True,repeated value in upper 1% tail
1981,88286.0,5,1.058877843616449e-05,82000.0,False,True,repeated value in upper 1% tail
1981,88336.0,2,4.2355113744657964e-06,82000.0,False,True,repeated value in upper 1% tail
1981,88458.5,6,1.2706534123397388e-05,82000.0,False,True,repeated value in upper 1% tail
1981,88600.0,11,2.3295312559561878e-05,82000.0,False,True,repeated value in upper 1% tail
1981,88620.0,6,1.2706534123397388e-05,82000.0,False,True,repeated value in upper 1% tail
1981,88666.66666666667,3,6.353267061698694e-06,82000.0,False,True,repeated value in upper 1% tail
1981,88750.0,8,1.6942045497863186e-05,82000.0,False,True,repeated value in upper 1% tail
1981,88830.6,5,1.058877843616449e-05,82000.0,False,True,repeated value in upper 1% tail
1981,88864.0,2,4.2355113744657964e-06,82000.0,False,True,repeated value in upper 1% tail
1981,89000.0,12,2.5413068246794777e-05,82000.0,False,True,repeated value in upper 1% tail
1981,89250.0,2,4.2355113744657964e-06,82000.0,False,True,repeated value in upper 1% tail
1981,89300.0,5,1.058877843616449e-05,82000.0,False,True,repeated value in upper 1% tail
1981,89333.33333333333,10,2.117755687232898e-05,82000.0,False,True,repeated value in upper 1% tail
1981,89400.0,7,1.4824289810630286e-05,82000.0,False,True,repeated value in upper 1% tail
1981,89500.0,5,1.058877843616449e-05,82000.0,False,True,repeated value in upper 1% tail
1981,89533.2,5,1.058877843616449e-05,82000.0,False,True,repeated value in upper 1% tail
1981,89600.0,4,8.471022748931593e-06,82000.0,False,True,repeated value in upper 1% tail
1981,89840.0,6,1.2706534123397388e-05,82000.0,False,True,repeated value in upper 1% tail
1981,89867.33333333333,3,6.353267061698694e-06,82000.0,False,True,repeated value in upper 1% tail
1981,89900.0,5,1.058877843616449e-05,82000.0,False,True,repeated value in upper 1% tail
1981,89998.5,2,4.2355113744657964e-06,82000.0,False,True,repeated value in upper 1% tail
1981,90000.0,126,0.00026683721659134514,82000.0,False,True,repeated value in upper 1% tail
1981,90001.66666666667,4,8.471022748931593e-06,82000.0,False,True,repeated value in upper 1% tail
1981,90050.0,2,4.2355113744657964e-06,82000.0,False,True,repeated value in upper 1% tail
1981,90100.0,3,6.353267061698694e-06,82000.0,False,True,repeated value in upper 1% tail
1981,90175.0,2,4.2355113744657964e-06,82000.0,False,True,repeated value in upper 1% tail
1981,90298.66666666667,3,6.353267061698694e-06,82000.0,False,True,repeated value in upper 1% tail
1981,90300.0,4,8.471022748931593e-06,82000.0,False,True,repeated value in upper 1% tail
1981,90333.33333333333,3,6.353267061698694e-06,82000.0,False,True,repeated value in upper 1% tail
1981,90400.0,3,6.353267061698694e-06,82000.0,False,True,repeated value in upper 1% tail
1981,90475.0,4,8.471022748931593e-06,82000.0,False,True,repeated value in upper 1% tail
1981,90500.0,8,1.6942045497863186e-05,82000.0,False,True,repeated value in upper 1% tail
1981,90541.5,2,4.2355113744657964e-06,82000.0,False,True,repeated value in upper 1% tail
1981,90550.0,4,8.471022748931593e-06,82000.0,False,True,repeated value in upper 1% tail
1981,90666.66666666667,3,6.353267061698694e-06,82000.0,False,True,repeated value in upper 1% tail
1981,90705.5,6,1.2706534123397388e-05,82000.0,False,True,repeated value in upper 1% tail
1981,90750.0,6,1.2706534123397388e-05,82000.0,False,True,repeated value in upper 1% tail
1981,90866.66666666667,3,6.353267061698694e-06,82000.0,False,True,repeated value in upper 1% tail
1981,91000.0,17,3.600184668295927e-05,82000.0,False,True,repeated value in upper 1% tail
1981,91200.0,6,1.2706534123397388e-05,82000.0,False,True,repeated value in upper 1% tail
1981,91250.0,18,3.8119602370192164e-05,82000.0,False,True,repeated value in upper 1% tail
1981,91282.0,3,6.353267061698694e-06,82000.0,False,True,repeated value in upper 1% tail
1981,91308.66666666667,3,6.353267061698694e-06,82000.0,False,True,repeated value in upper 1% tail
1981,91325.66666666667,6,1.2706534123397388e-05,82000.0,False,True,repeated value in upper 1% tail
1981,91400.0,2,4.2355113744657964e-06,82000.0,False,True,repeated value in upper 1% tail
1981,91500.0,9,1.9059801185096082e-05,82000.0,False,True,repeated value in upper 1% tail
1981,91633.33333333333,4,8.471022748931593e-06,82000.0,False,True,repeated value in upper 1% tail
1981,91666.66666666667,19,4.023735805742506e-05,82000.0,False,True,repeated value in upper 1% tail
1981,91750.0,2,4.2355113744657964e-06,82000.0,False,True,repeated value in upper 1% tail
1981,91800.0,5,1.058877843616449e-05,82000.0,False,True,repeated value in upper 1% tail
1981,91840.0,2,4.2355113744657964e-06,82000.0,False,True,repeated value in upper 1% tail
1981,92000.0,26,5.506164786805535e-05,82000.0,False,True,repeated value in upper 1% tail
1981,92486.33333333333,3,6.353267061698694e-06,82000.0,False,True,repeated value in upper 1% tail
1981,92500.0,21,4.447286943189086e-05,82000.0,False,True,repeated value in upper 1% tail
1981,92666.66666666667,6,1.2706534123397388e-05,82000.0,False,True,repeated value in upper 1% tail
1981,92728.5,2,4.2355113744657964e-06,82000.0,False,True,repeated value in upper 1% tail
1981,92741.0,2,4.2355113744657964e-06,82000.0,False,True,repeated value in upper 1% tail
1981,92857.14285714286,7,1.4824289810630286e-05,82000.0,False,True,repeated value in upper 1% tail
1981,92900.0,4,8.471022748931593e-06,82000.0,False,True,repeated value in upper 1% tail
1981,93000.0,11,2.3295312559561878e-05,82000.0,False,True,repeated value in upper 1% tail
1981,93166.66666666667,3,6.353267061698694e-06,82000.0,False,True,repeated value in upper 1% tail
1981,93333.33333333333,23,4.870838080635666e-05,82000.0,False,True,repeated value in upper 1% tail
1981,93375.0,4,8.471022748931593e-06,82000.0,False,True,repeated value in upper 1% tail
1981,93500.0,8,1.6942045497863186e-05,82000.0,False,True,repeated value in upper 1% tail
1981,93666.66666666667,7,1.4824289810630286e-05,82000.0,False,True,repeated value in upper 1% tail
1981,93700.0,2,4.2355113744657964e-06,82000.0,False,True,repeated value in upper 1% tail
1981,93740.0,5,1.058877843616449e-05,82000.0,False,True,repeated value in upper 1% tail
1981,93750.0,5,1.058877843616449e-05,82000.0,False,True,repeated value in upper 1% tail
1981,93912.5,2,4.2355113744657964e-06,82000.0,False,True,repeated value in upper 1% tail
1981,94000.0,29,6.141491492975405e-05,82000.0,False,True,repeated value in upper 1% tail
1981,94082.5,2,4.2355113744657964e-06,82000.0,False,True,repeated value in upper 1% tail
1981,94100.0,3,6.353267061698694e-06,82000.0,False,True,repeated value in upper 1% tail
1981,94145.0,4,8.471022748931593e-06,82000.0,False,True,repeated value in upper 1% tail
1981,94250.0,5,1.058877843616449e-05,82000.0,False,True,repeated value in upper 1% tail
1981,94327.0,3,6.353267061698694e-06,82000.0,False,True,repeated value in upper 1% tail
1981,94400.0,12,2.5413068246794777e-05,82000.0,False,True,repeated value in upper 1% tail
1981,94421.66666666667,4,8.471022748931593e-06,82000.0,False,True,repeated value in upper 1% tail
1981,94500.0,6,1.2706534123397388e-05,82000.0,False,True,repeated value in upper 1% tail
1981,94550.0,5,1.058877843616449e-05,82000.0,False,True,repeated value in upper 1% tail
1981,94666.66666666667,12,2.5413068246794777e-05,82000.0,False,True,repeated value in upper 1% tail
1981,95000.0,34,7.200369336591854e-05,82000.0,False,True,repeated value in upper 1% tail
1981,95075.0,2,4.2355113744657964e-06,82000.0,False,True,repeated value in upper 1% tail
1981,95100.0,3,6.353267061698694e-06,82000.0,False,True,repeated value in upper 1% tail
1981,95134.5,4,8.471022748931593e-06,82000.0,False,True,repeated value in upper 1% tail
1981,95139.5,4,8.471022748931593e-06,82000.0,False,True,repeated value in upper 1% tail
1981,95169.0,4,8.471022748931593e-06,82000.0,False,True,repeated value in upper 1% tail
1981,95200.0,6,1.2706534123397388e-05,82000.0,False,True,repeated value in upper 1% tail
1981,95250.0,4,8.471022748931593e-06,82000.0,False,True,repeated value in upper 1% tail
1981,95280.0,5,1.058877843616449e-05,82000.0,False,True,repeated value in upper 1% tail
1981,95333.33333333333,3,6.353267061698694e-06,82000.0,False,True,repeated value in upper 1% tail
1981,95500.0,2,4.2355113744657964e-06,82000.0,False,True,repeated value in upper 1% tail
1981,95723.0,2,4.2355113744657964e-06,82000.0,False,True,repeated value in upper 1% tail
1981,95857.14285714286,7,1.4824289810630286e-05,82000.0,False,True,repeated value in upper 1% tail
1981,95864.0,2,4.2355113744657964e-06,82000.0,False,True,repeated value in upper 1% tail
1981,95910.66666666667,6,1.2706534123397388e-05,82000.0,False,True,repeated value in upper 1% tail
1981,96000.0,36,7.623920474038433e-05,82000.0,False,True,repeated value in upper 1% tail
1981,96012.0,2,4.2355113744657964e-06,82000.0,False,True,repeated value in upper 1% tail
1981,96109.66666666667,3,6.353267061698694e-06,82000.0,False,True,repeated value in upper 1% tail
1981,96133.33333333333,3,6.353267061698694e-06,82000.0,False,True,repeated value in upper 1% tail
1981,96221.0,2,4.2355113744657964e-06,82000.0,False,True,repeated value in upper 1% tail
1981,96250.0,10,2.117755687232898e-05,82000.0,False,True,repeated value in upper 1% tail
1981,96333.33333333333,3,6.353267061698694e-06,82000.0,False,True,repeated value in upper 1% tail
1981,96400.0,7,1.4824289810630286e-05,82000.0,False,True,repeated value in upper 1% tail
1981,96500.0,3,6.353267061698694e-06,82000.0,False,True,repeated value in upper 1% tail
1981,96625.0,3,6.353267061698694e-06,82000.0,False,True,repeated value in upper 1% tail
1981,96666.66666666667,20,4.235511374465796e-05,82000.0,False,True,repeated value in upper 1% tail
1981,96948.5,2,4.2355113744657964e-06,82000.0,False,True,repeated value in upper 1% tail
1981,97000.0,6,1.2706534123397388e-05,82000.0,False,True,repeated value in upper 1% tail
1981,97333.33333333333,3,6.353267061698694e-06,82000.0,False,True,repeated value in upper 1% tail
1981,97400.0,5,1.058877843616449e-05,82000.0,False,True,repeated value in upper 1% tail
1981,97428.57142857143,7,1.4824289810630286e-05,82000.0,False,True,repeated value in upper 1% tail
1981,97430.0,8,1.6942045497863186e-05,82000.0,False,True,repeated value in upper 1% tail
1981,97500.0,24,5.0826136493589554e-05,82000.0,False,True,repeated value in upper 1% tail
1981,97800.0,2,4.2355113744657964e-06,82000.0,False,True,repeated value in upper 1% tail
1981,97855.0,5,1.058877843616449e-05,82000.0,False,True,repeated value in upper 1% tail
1981,98000.0,14,2.9648579621260573e-05,82000.0,False,True,repeated value in upper 1% tail
1981,98125.0,4,8.471022748931593e-06,82000.0,False,True,repeated value in upper 1% tail
1981,98500.0,5,1.058877843616449e-05,82000.0,False,True,repeated value in upper 1% tail
1981,98649.66666666667,3,6.353267061698694e-06,82000.0,False,True,repeated value in upper 1% tail
1981,98660.0,3,6.353267061698694e-06,82000.0,False,True,repeated value in upper 1% tail
1981,98690.0,2,4.2355113744657964e-06,82000.0,False,True,repeated value in upper 1% tail
1981,98750.0,7,1.4824289810630286e-05,82000.0,False,True,repeated value in upper 1% tail
1981,98841.66666666667,3,6.353267061698694e-06,82000.0,False,True,repeated value in upper 1% tail
1981,99000.0,6,1.2706534123397388e-05,82000.0,False,True,repeated value in upper 1% tail
1981,99066.66666666667,4,8.471022748931593e-06,82000.0,False,True,repeated value in upper 1% tail
1981,99066.75,4,8.471022748931593e-06,82000.0,False,True,repeated value in upper 1% tail
1981,99250.0,2,4.2355113744657964e-06,82000.0,False,True,repeated value in upper 1% tail
1981,99500.0,6,1.2706534123397388e-05,82000.0,False,True,repeated value in upper 1% tail
1981,99550.0,4,8.471022748931593e-06,82000.0,False,True,repeated value in upper 1% tail
1981,99571.0,3,6.353267061698694e-06,82000.0,False,True,repeated value in upper 1% tail
1981,99800.0,5,1.058877843616449e-05,82000.0,False,True,repeated value in upper 1% tail
1981,100000.0,260,0.0005506164786805535,82000.0,False,True,repeated value in upper 1% tail
1981,100066.5,2,4.2355113744657964e-06,82000.0,False,True,repeated value in upper 1% tail
1981,100100.0,4,8.471022748931593e-06,82000.0,False,True,repeated value in upper 1% tail
1981,100134.25,4,8.471022748931593e-06,82000.0,False,True,repeated value in upper 1% tail
1981,100220.0,3,6.353267061698694e-06,82000.0,False,True,repeated value in upper 1% tail
1981,100300.0,2,4.2355113744657964e-06,82000.0,False,True,repeated value in upper 1% tail
1981,100500.0,2,4.2355113744657964e-06,82000.0,False,True,repeated value in upper 1% tail
1981,100666.66666666667,4,8.471022748931593e-06,82000.0,False,True,repeated value in upper 1% tail
1981,100737.5,2,4.2355113744657964e-06,82000.0,False,True,repeated value in upper 1% tail
1981,100750.0,6,1.2706534123397388e-05,82000.0,False,True,repeated value in upper 1% tail
1981,100833.33333333333,3,6.353267061698694e-06,82000.0,False,True,repeated value in upper 1% tail
1981,100883.33333333333,3,6.353267061698694e-06,82000.0,False,True,repeated value in upper 1% tail
1981,100943.6,5,1.058877843616449e-05,82000.0,False,True,repeated value in upper 1% tail
1981,101000.0,10,2.117755687232898e-05,82000.0,False,True,repeated value in upper 1% tail
1981,101064.0,2,4.2355113744657964e-06,82000.0,False,True,repeated value in upper 1% tail
1981,101250.0,4,8.471022748931593e-06,82000.0,False,True,repeated value in upper 1% tail
1981,101500.0,3,6.353267061698694e-06,82000.0,False,True,repeated value in upper 1% tail
1981,101666.66666666667,7,1.4824289810630286e-05,82000.0,False,True,repeated value in upper 1% tail
1981,101750.0,4,8.471022748931593e-06,82000.0,False,True,repeated value in upper 1% tail
1981,101827.0,4,8.471022748931593e-06,82000.0,False,True,repeated value in upper 1% tail
1981,101975.66666666667,3,6.353267061698694e-06,82000.0,False,True,repeated value in upper 1% tail
1981,101980.0,4,8.471022748931593e-06,82000.0,False,True,repeated value in upper 1% tail
1981,102000.0,20,4.235511374465796e-05,82000.0,False,True,repeated value in upper 1% tail
1981,102250.0,5,1.058877843616449e-05,82000.0,False,True,repeated value in upper 1% tail
1981,102333.33333333333,4,8.471022748931593e-06,82000.0,False,True,repeated value in upper 1% tail
1981,102366.0,2,4.2355113744657964e-06,82000.0,False,True,repeated value in upper 1% tail
1981,102400.0,3,6.353267061698694e-06,82000.0,False,True,repeated value in upper 1% tail
1981,102433.33333333333,3,6.353267061698694e-06,82000.0,False,True,repeated value in upper 1% tail
1981,102500.0,11,2.3295312559561878e-05,82000.0,False,True,repeated value in upper 1% tail
1981,102666.66666666667,6,1.2706534123397388e-05,82000.0,False,True,repeated value in upper 1% tail
1981,102766.66666666667,3,6.353267061698694e-06,82000.0,False,True,repeated value in upper 1% tail
1981,102800.0,5,1.058877843616449e-05,82000.0,False,True,repeated value in upper 1% tail
1981,102815.0,2,4.2355113744657964e-06,82000.0,False,True,repeated value in upper 1% tail
1981,102909.0,2,4.2355113744657964e-06,82000.0,False,True,repeated value in upper 1% tail
1981,103000.0,16,3.388409099572637e-05,82000.0,False,True,repeated value in upper 1% tail
1981,103250.0,6,1.2706534123397388e-05,82000.0,False,True,repeated value in upper 1% tail
1981,103280.75,4,8.471022748931593e-06,82000.0,False,True,repeated value in upper 1% tail
1981,103333.33333333333,21,4.447286943189086e-05,82000.0,False,True,repeated value in upper 1% tail
1981,103388.0,2,4.2355113744657964e-06,82000.0,False,True,repeated value in upper 1% tail
1981,103500.0,4,8.471022748931593e-06,82000.0,False,True,repeated value in upper 1% tail
1981,103666.66666666667,3,6.353267061698694e-06,82000.0,False,True,repeated value in upper 1% tail
1981,103689.0,5,1.058877843616449e-05,82000.0,False,True,repeated value in upper 1% tail
1981,103750.0,10,2.117755687232898e-05,82000.0,False,True,repeated value in upper 1% tail
1981,104000.0,21,4.447286943189086e-05,82000.0,False,True,repeated value in upper 1% tail
1981,104166.66666666667,6,1.2706534123397388e-05,82000.0,False,True,repeated value in upper 1% tail
1981,104256.5,3,6.353267061698694e-06,82000.0,False,True,repeated value in upper 1% tail
1981,104300.0,2,4.2355113744657964e-06,82000.0,False,True,repeated value in upper 1% tail
1981,104400.0,6,1.2706534123397388e-05,82000.0,False,True,repeated value in upper 1% tail
1981,104500.0,2,4.2355113744657964e-06,82000.0,False,True,repeated value in upper 1% tail
1981,104600.0,2,4.2355113744657964e-06,82000.0,False,True,repeated value in upper 1% tail
1981,104684.75,4,8.471022748931593e-06,82000.0,False,True,repeated value in upper 1% tail
1981,104800.0,2,4.2355113744657964e-06,82000.0,False,True,repeated value in upper 1% tail
1981,104851.66666666667,4,8.471022748931593e-06,82000.0,False,True,repeated value in upper 1% tail
1981,105000.0,36,7.623920474038433e-05,82000.0,False,True,repeated value in upper 1% tail
1981,105133.33333333333,3,6.353267061698694e-06,82000.0,False,True,repeated value in upper 1% tail
1981,105200.0,13,2.7530823934027676e-05,82000.0,False,True,repeated value in upper 1% tail
1981,105249.0,4,8.471022748931593e-06,82000.0,False,True,repeated value in upper 1% tail
1981,105250.0,2,4.2355113744657964e-06,82000.0,False,True,repeated value in upper 1% tail
1981,105333.33333333333,3,6.353267061698694e-06,82000.0,False,True,repeated value in upper 1% tail
1981,105346.66666666667,3,6.353267061698694e-06,82000.0,False,True,repeated value in upper 1% tail
1981,105500.0,5,1.058877843616449e-05,82000.0,False,True,repeated value in upper 1% tail
1981,105510.0,5,1.058877843616449e-05,82000.0,False,True,repeated value in upper 1% tail
1981,105600.0,5,1.058877843616449e-05,82000.0,False,True,repeated value in upper 1% tail
1981,105666.66666666667,4,8.471022748931593e-06,82000.0,False,True,repeated value in upper 1% tail
1981,105750.0,2,4.2355113744657964e-06,82000.0,False,True,repeated value in upper 1% tail
1981,105900.0,6,1.2706534123397388e-05,82000.0,False,True,repeated value in upper 1% tail
1981,105964.0,6,1.2706534123397388e-05,82000.0,False,True,repeated value in upper 1% tail
1981,106000.0,27,5.717940355528825e-05,82000.0,False,True,repeated value in upper 1% tail
1981,106250.0,5,1.058877843616449e-05,82000.0,False,True,repeated value in upper 1% tail
1981,106500.0,10,2.117755687232898e-05,82000.0,False,True,repeated value in upper 1% tail
1981,106666.66666666667,10,2.117755687232898e-05,82000.0,False,True,repeated value in upper 1% tail
1981,106750.0,4,8.471022748931593e-06,82000.0,False,True,repeated value in upper 1% tail
1981,106766.66666666667,4,8.471022748931593e-06,82000.0,False,True,repeated value in upper 1% tail
1981,106800.0,4,8.471022748931593e-06,82000.0,False,True,repeated value in upper 1% tail
1981,107000.0,9,1.9059801185096082e-05,82000.0,False,True,repeated value in upper 1% tail
1981,107143.33333333333,3,6.353267061698694e-06,82000.0,False,True,repeated value in upper 1% tail
1981,107333.33333333333,8,1.6942045497863186e-05,82000.0,False,True,repeated value in upper 1% tail
1981,107500.0,22,4.6590625119123755e-05,82000.0,False,True,repeated value in upper 1% tail
1981,107861.25,5,1.058877843616449e-05,82000.0,False,True,repeated value in upper 1% tail
1981,108000.0,22,4.6590625119123755e-05,82000.0,False,True,repeated value in upper 1% tail
1981,108125.0,4,8.471022748931593e-06,82000.0,False,True,repeated value in upper 1% tail
1981,108166.66666666667,3,6.353267061698694e-06,82000.0,False,True,repeated value in upper 1% tail
1981,108250.0,6,1.2706534123397388e-05,82000.0,False,True,repeated value in upper 1% tail
1981,108400.0,7,1.4824289810630286e-05,82000.0,False,True,repeated value in upper 1% tail
1981,108446.33333333333,3,6.353267061698694e-06,82000.0,False,True,repeated value in upper 1% tail
1981,108500.0,2,4.2355113744657964e-06,82000.0,False,True,repeated value in upper 1% tail
1981,108571.42857142857,7,1.4824289810630286e-05,82000.0,False,True,repeated value in upper 1% tail
1981,108666.66666666667,4,8.471022748931593e-06,82000.0,False,True,repeated value in upper 1% tail
1981,108750.0,4,8.471022748931593e-06,82000.0,False,True,repeated value in upper 1% tail
1981,108780.66666666667,4,8.471022748931593e-06,82000.0,False,True,repeated value in upper 1% tail
1981,108800.0,3,6.353267061698694e-06,82000.0,False,True,repeated value in upper 1% tail
1981,109000.0,2,4.2355113744657964e-06,82000.0,False,True,repeated value in upper 1% tail
1981,109200.0,7,1.4824289810630286e-05,82000.0,False,True,repeated value in upper 1% tail
1981,109299.0,3,6.353267061698694e-06,82000.0,False,True,repeated value in upper 1% tail
1981,109347.0,6,1.2706534123397388e-05,82000.0,False,True,repeated value in upper 1% tail
1981,109500.0,2,4.2355113744657964e-06,82000.0,False,True,repeated value in upper 1% tail
1981,109600.0,2,4.2355113744657964e-06,82000.0,False,True,repeated value in upper 1% tail
1981,109800.0,6,1.2706534123397388e-05,82000.0,False,True,repeated value in upper 1% tail
1981,109875.0,4,8.471022748931593e-06,82000.0,False,True,repeated value in upper 1% tail
1981,110000.0,61,0.0001291830969212068,82000.0,False,True,repeated value in upper 1% tail
1981,110038.5,2,4.2355113744657964e-06,82000.0,False,True,repeated value in upper 1% tail
1981,110380.0,5,1.058877843616449e-05,82000.0,False,True,repeated value in upper 1% tail
1981,110400.0,6,1.2706534123397388e-05,82000.0,False,True,repeated value in upper 1% tail
1981,110500.0,8,1.6942045497863186e-05,82000.0,False,True,repeated value in upper 1% tail
1981,110540.0,2,4.2355113744657964e-06,82000.0,False,True,repeated value in upper 1% tail
1981,110722.0,2,4.2355113744657964e-06,82000.0,False,True,repeated value in upper 1% tail
1981,110833.33333333333,3,6.353267061698694e-06,82000.0,False,True,repeated value in upper 1% tail
1981,110977.0,6,1.2706534123397388e-05,82000.0,False,True,repeated value in upper 1% tail
1981,111490.0,3,6.353267061698694e-06,82000.0,False,True,repeated value in upper 1% tail
1981,111500.0,2,4.2355113744657964e-06,82000.0,False,True,repeated value in upper 1% tail
1981,111625.0,6,1.2706534123397388e-05,82000.0,False,True,repeated value in upper 1% tail
1981,111666.66666666667,6,1.2706534123397388e-05,82000.0,False,True,repeated value in upper 1% tail
1981,112000.0,17,3.600184668295927e-05,82000.0,False,True,repeated value in upper 1% tail
1981,112115.0,2,4.2355113744657964e-06,82000.0,False,True,repeated value in upper 1% tail
1981,112324.5,2,4.2355113744657964e-06,82000.0,False,True,repeated value in upper 1% tail
1981,112333.33333333333,9,1.9059801185096082e-05,82000.0,False,True,repeated value in upper 1% tail
1981,112352.0,5,1.058877843616449e-05,82000.0,False,True,repeated value in upper 1% tail
1981,112488.66666666667,4,8.471022748931593e-06,82000.0,False,True,repeated value in upper 1% tail
1981,112500.0,31,6.565042630421984e-05,82000.0,False,True,repeated value in upper 1% tail
1981,112518.75,6,1.2706534123397388e-05,82000.0,False,True,repeated value in upper 1% tail
1981,112565.0,4,8.471022748931593e-06,82000.0,False,True,repeated value in upper 1% tail
1981,112750.0,4,8.471022748931593e-06,82000.0,False,True,repeated value in upper 1% tail
1981,112874.0,9,1.9059801185096082e-05,82000.0,False,True,repeated value in upper 1% tail
1981,112970.0,2,4.2355113744657964e-06,82000.0,False,True,repeated value in upper 1% tail
1981,113000.0,8,1.6942045497863186e-05,82000.0,False,True,repeated value in upper 1% tail
1981,113133.33333333333,4,8.471022748931593e-06,82000.0,False,True,repeated value in upper 1% tail
1981,113250.0,6,1.2706534123397388e-05,82000.0,False,True,repeated value in upper 1% tail
1981,113333.33333333333,6,1.2706534123397388e-05,82000.0,False,True,repeated value in upper 1% tail
1981,113400.0,4,8.471022748931593e-06,82000.0,False,True,repeated value in upper 1% tail
1981,113666.66666666667,3,6.353267061698694e-06,82000.0,False,True,repeated value in upper 1% tail
1981,113759.5,2,4.2355113744657964e-06,82000.0,False,True,repeated value in upper 1% tail
1981,114000.0,7,1.4824289810630286e-05,82000.0,False,True,repeated value in upper 1% tail
1981,114292.85714285714,7,1.4824289810630286e-05,82000.0,False,True,repeated value in upper 1% tail
1981,114316.66666666667,3,6.353267061698694e-06,82000.0,False,True,repeated value in upper 1% tail
1981,114500.0,5,1.058877843616449e-05,82000.0,False,True,repeated value in upper 1% tail
1981,114650.0,4,8.471022748931593e-06,82000.0,False,True,repeated value in upper 1% tail
1981,114666.66666666667,6,1.2706534123397388e-05,82000.0,False,True,repeated value in upper 1% tail
1981,114732.0,2,4.2355113744657964e-06,82000.0,False,True,repeated value in upper 1% tail
1981,115000.0,30,6.353267061698694e-05,82000.0,False,True,repeated value in upper 1% tail
1981,115201.5,3,6.353267061698694e-06,82000.0,False,True,repeated value in upper 1% tail
1981,115300.0,2,4.2355113744657964e-06,82000.0,False,True,repeated value in upper 1% tail
1981,115315.5,2,4.2355113744657964e-06,82000.0,False,True,repeated value in upper 1% tail
1981,115500.0,2,4.2355113744657964e-06,82000.0,False,True,repeated value in upper 1% tail
1981,115625.0,4,8.471022748931593e-06,82000.0,False,True,repeated value in upper 1% tail
1981,115666.66666666667,3,6.353267061698694e-06,82000.0,False,True,repeated value in upper 1% tail
1981,116000.0,3,6.353267061698694e-06,82000.0,False,True,repeated value in upper 1% tail
1981,116250.0,7,1.4824289810630286e-05,82000.0,False,True,repeated value in upper 1% tail
1981,116500.0,5,1.058877843616449e-05,82000.0,False,True,repeated value in upper 1% tail
1981,116600.0,3,6.353267061698694e-06,82000.0,False,True,repeated value in upper 1% tail
1981,116666.66666666667,19,4.023735805742506e-05,82000.0,False,True,repeated value in upper 1% tail
1981,116866.66666666667,3,6.353267061698694e-06,82000.0,False,True,repeated value in upper 1% tail
1981,116932.0,2,4.2355113744657964e-06,82000.0,False,True,repeated value in upper 1% tail
1981,117101.25,4,8.471022748931593e-06,82000.0,False,True,repeated value in upper 1% tail
1981,117275.0,4,8.471022748931593e-06,82000.0,False,True,repeated value in upper 1% tail
1981,117500.0,5,1.058877843616449e-05,82000.0,False,True,repeated value in upper 1% tail
1981,117525.0,5,1.058877843616449e-05,82000.0,False,True,repeated value in upper 1% tail
1981,117600.0,4,8.471022748931593e-06,82000.0,False,True,repeated value in upper 1% tail
1981,117866.66666666667,3,6.353267061698694e-06,82000.0,False,True,repeated value in upper 1% tail
1981,118000.0,11,2.3295312559561878e-05,82000.0,False,True,repeated value in upper 1% tail
1981,118150.0,3,6.353267061698694e-06,82000.0,False,True,repeated value in upper 1% tail
1981,118333.33333333333,10,2.117755687232898e-05,82000.0,False,True,repeated value in upper 1% tail
1981,118411.0,3,6.353267061698694e-06,82000.0,False,True,repeated value in upper 1% tail
1981,118500.0,4,8.471022748931593e-06,82000.0,False,True,repeated value in upper 1% tail
1981,118625.0,4,8.471022748931593e-06,82000.0,False,True,repeated value in upper 1% tail
1981,118666.66666666667,4,8.471022748931593e-06,82000.0,False,True,repeated value in upper 1% tail
1981,118750.0,5,1.058877843616449e-05,82000.0,False,True,repeated value in upper 1% tail
1981,118824.33333333333,6,1.2706534123397388e-05,82000.0,False,True,repeated value in upper 1% tail
1981,118930.0,2,4.2355113744657964e-06,82000.0,False,True,repeated value in upper 1% tail
1981,119000.0,8,1.6942045497863186e-05,82000.0,False,True,repeated value in upper 1% tail
1981,119045.5,2,4.2355113744657964e-06,82000.0,False,True,repeated value in upper 1% tail
1981,119358.33333333333,6,1.2706534123397388e-05,82000.0,False,True,repeated value in upper 1% tail
1981,119469.0,3,6.353267061698694e-06,82000.0,False,True,repeated value in upper 1% tail
1981,119489.5,2,4.2355113744657964e-06,82000.0,False,True,repeated value in upper 1% tail
1981,119500.0,3,6.353267061698694e-06,82000.0,False,True,repeated value in upper 1% tail
1981,120000.0,58,0.0001228298298595081,82000.0,False,True,repeated value in upper 1% tail
1981,120150.0,3,6.353267061698694e-06,82000.0,False,True,repeated value in upper 1% tail
1981,120333.33333333333,4,8.471022748931593e-06,82000.0,False,True,repeated value in upper 1% tail
1981,120395.0,3,6.353267061698694e-06,82000.0,False,True,repeated value in upper 1% tail
1981,121000.0,11,2.3295312559561878e-05,82000.0,False,True,repeated value in upper 1% tail
1981,121333.33333333333,3,6.353267061698694e-06,82000.0,False,True,repeated value in upper 1% tail
1981,121561.0,2,4.2355113744657964e-06,82000.0,False,True,repeated value in upper 1% tail
1981,121750.0,2,4.2355113744657964e-06,82000.0,False,True,repeated value in upper 1% tail
1981,121830.5,2,4.2355113744657964e-06,82000.0,False,True,repeated value in upper 1% tail
1981,122000.0,3,6.353267061698694e-06,82000.0,False,True,repeated value in upper 1% tail
1981,122140.0,2,4.2355113744657964e-06,82000.0,False,True,repeated value in upper 1% tail
1981,122500.0,19,4.023735805742506e-05,82000.0,False,True,repeated value in upper 1% tail
1981,123000.0,5,1.058877843616449e-05,82000.0,False,True,repeated value in upper 1% tail
1981,123333.33333333333,6,1.2706534123397388e-05,82000.0,False,True,repeated value in upper 1% tail
1981,123400.0,5,1.058877843616449e-05,82000.0,False,True,repeated value in upper 1% tail
1981,123800.0,7,1.4824289810630286e-05,82000.0,False,True,repeated value in upper 1% tail
1981,123861.0,2,4.2355113744657964e-06,82000.0,False,True,repeated value in upper 1% tail
1981,123900.0,2,4.2355113744657964e-06,82000.0,False,True,repeated value in upper 1% tail
1981,123925.0,5,1.058877843616449e-05,82000.0,False,True,repeated value in upper 1% tail
1981,124000.0,8,1.6942045497863186e-05,82000.0,False,True,repeated value in upper 1% tail
1981,124075.0,5,1.058877843616449e-05,82000.0,False,True,repeated value in upper 1% tail
1981,124560.0,5,1.058877843616449e-05,82000.0,False,True,repeated value in upper 1% tail
1981,124666.6,5,1.058877843616449e-05,82000.0,False,True,repeated value in upper 1% tail
1981,124827.0,2,4.2355113744657964e-06,82000.0,False,True,repeated value in upper 1% tail
1981,124950.0,3,6.353267061698694e-06,82000.0,False,True,repeated value in upper 1% tail
1981,125000.0,49,0.00010377002867441201,82000.0,False,True,repeated value in upper 1% tail
1981,125162.8,5,1.058877843616449e-05,82000.0,False,True,repeated value in upper 1% tail
1981,125200.0,5,1.058877843616449e-05,82000.0,False,True,repeated value in upper 1% tail
1981,125250.0,4,8.471022748931593e-06,82000.0,False,True,repeated value in upper 1% tail
1981,125333.33333333333,4,8.471022748931593e-06,82000.0,False,True,repeated value in upper 1% tail
1981,125375.0,5,1.058877843616449e-05,82000.0,False,True,repeated value in upper 1% tail
1981,125388.0,3,6.353267061698694e-06,82000.0,False,True,repeated value in upper 1% tail
1981,125475.0,3,6.353267061698694e-06,82000.0,False,True,repeated value in upper 1% tail
1981,125500.0,2,4.2355113744657964e-06,82000.0,False,True,repeated value in upper 1% tail
1981,125750.0,2,4.2355113744657964e-06,82000.0,False,True,repeated value in upper 1% tail
1981,126000.0,7,1.4824289810630286e-05,82000.0,False,True,repeated value in upper 1% tail
1981,126250.0,5,1.058877843616449e-05,82000.0,False,True,repeated value in upper 1% tail
1981,126500.0,2,4.2355113744657964e-06,82000.0,False,True,repeated value in upper 1% tail
1981,126525.5,2,4.2355113744657964e-06,82000.0,False,True,repeated value in upper 1% tail
1981,126666.66666666667,9,1.9059801185096082e-05,82000.0,False,True,repeated value in upper 1% tail
1981,126750.0,5,1.058877843616449e-05,82000.0,False,True,repeated value in upper 1% tail
1981,127000.0,8,1.6942045497863186e-05,82000.0,False,True,repeated value in upper 1% tail
1981,127250.0,5,1.058877843616449e-05,82000.0,False,True,repeated value in upper 1% tail
1981,127333.33333333333,3,6.353267061698694e-06,82000.0,False,True,repeated value in upper 1% tail
1981,127403.33333333333,3,6.353267061698694e-06,82000.0,False,True,repeated value in upper 1% tail
1981,127500.0,17,3.600184668295927e-05,82000.0,False,True,repeated value in upper 1% tail
1981,128000.0,10,2.117755687232898e-05,82000.0,False,True,repeated value in upper 1% tail
1981,128200.0,3,6.353267061698694e-06,82000.0,False,True,repeated value in upper 1% tail
1981,128250.0,6,1.2706534123397388e-05,82000.0,False,True,repeated value in upper 1% tail
1981,128333.33333333333,8,1.6942045497863186e-05,82000.0,False,True,repeated value in upper 1% tail
1981,128400.0,3,6.353267061698694e-06,82000.0,False,True,repeated value in upper 1% tail
1981,128500.0,2,4.2355113744657964e-06,82000.0,False,True,repeated value in upper 1% tail
1981,128571.42857142857,8,1.6942045497863186e-05,82000.0,False,True,repeated value in upper 1% tail
1981,128750.0,4,8.471022748931593e-06,82000.0,False,True,repeated value in upper 1% tail
1981,128825.0,5,1.058877843616449e-05,82000.0,False,True,repeated value in upper 1% tail
1981,129593.0,3,6.353267061698694e-06,82000.0,False,True,repeated value in upper 1% tail
1981,129750.0,6,1.2706534123397388e-05,82000.0,False,True,repeated value in upper 1% tail
1981,129972.0,2,4.2355113744657964e-06,82000.0,False,True,repeated value in upper 1% tail
1981,130000.0,24,5.0826136493589554e-05,82000.0,False,True,repeated value in upper 1% tail
1981,130166.66666666667,3,6.353267061698694e-06,82000.0,False,True,repeated value in upper 1% tail
1981,130500.0,2,4.2355113744657964e-06,82000.0,False,True,repeated value in upper 1% tail
1981,131000.0,5,1.058877843616449e-05,82000.0,False,True,repeated value in upper 1% tail
1981,131010.0,2,4.2355113744657964e-06,82000.0,False,True,repeated value in upper 1% tail
1981,131174.25,4,8.471022748931593e-06,82000.0,False,True,repeated value in upper 1% tail
1981,131350.0,5,1.058877843616449e-05,82000.0,False,True,repeated value in upper 1% tail
1981,131429.0,2,4.2355113744657964e-06,82000.0,False,True,repeated value in upper 1% tail
1981,131500.0,4,8.471022748931593e-06,82000.0,False,True,repeated value in upper 1% tail
1981,131683.33333333334,4,8.471022748931593e-06,82000.0,False,True,repeated value in upper 1% tail
1981,132000.0,11,2.3295312559561878e-05,82000.0,False,True,repeated value in upper 1% tail
1981,132250.0,2,4.2355113744657964e-06,82000.0,False,True,repeated value in upper 1% tail
1981,132500.0,11,2.3295312559561878e-05,82000.0,False,True,repeated value in upper 1% tail
1981,133113.0,2,4.2355113744657964e-06,82000.0,False,True,repeated value in upper 1% tail
1981,133333.33333333334,30,6.353267061698694e-05,82000.0,False,True,repeated value in upper 1% tail
1981,133400.0,10,2.117755687232898e-05,82000.0,False,True,repeated value in upper 1% tail
1981,133500.0,9,1.9059801185096082e-05,82000.0,False,True,repeated value in upper 1% tail
1981,133625.0,4,8.471022748931593e-06,82000.0,False,True,repeated value in upper 1% tail
1981,133750.0,5,1.058877843616449e-05,82000.0,False,True,repeated value in upper 1% tail
1981,135000.0,20,4.235511374465796e-05,82000.0,False,True,repeated value in upper 1% tail
1981,135125.0,2,4.2355113744657964e-06,82000.0,False,True,repeated value in upper 1% tail
1981,136000.0,3,6.353267061698694e-06,82000.0,False,True,repeated value in upper 1% tail
1981,136250.0,4,8.471022748931593e-06,82000.0,False,True,repeated value in upper 1% tail
1981,136379.0,2,4.2355113744657964e-06,82000.0,False,True,repeated value in upper 1% tail
1981,136425.0,4,8.471022748931593e-06,82000.0,False,True,repeated value in upper 1% tail
1981,136500.0,2,4.2355113744657964e-06,82000.0,False,True,repeated value in upper 1% tail
1981,137000.0,2,4.2355113744657964e-06,82000.0,False,True,repeated value in upper 1% tail
1981,137500.0,6,1.2706534123397388e-05,82000.0,False,True,repeated value in upper 1% tail
1981,137525.0,2,4.2355113744657964e-06,82000.0,False,True,repeated value in upper 1% tail
1981,138250.0,3,6.353267061698694e-06,82000.0,False,True,repeated value in upper 1% tail
1981,139499.0,2,4.2355113744657964e-06,82000.0,False,True,repeated value in upper 1% tail
1981,139500.0,12,2.5413068246794777e-05,82000.0,False,True,repeated value in upper 1% tail
1981,140000.0,19,4.023735805742506e-05,82000.0,False,True,repeated value in upper 1% tail
1981,140070.0,5,1.058877843616449e-05,82000.0,False,True,repeated value in upper 1% tail
1981,140241.66666666666,3,6.353267061698694e-06,82000.0,False,True,repeated value in upper 1% tail
1981,140400.0,5,1.058877843616449e-05,82000.0,False,True,repeated value in upper 1% tail
1981,141333.33333333334,8,1.6942045497863186e-05,82000.0,False,True,repeated value in upper 1% tail
1981,141400.0,3,6.353267061698694e-06,82000.0,False,True,repeated value in upper 1% tail
1981,141500.0,5,1.058877843616449e-05,82000.0,False,True,repeated value in upper 1% tail
1981,141872.0,2,4.2355113744657964e-06,82000.0,False,True,repeated value in upper 1% tail
1981,142403.33333333334,3,6.353267061698694e-06,82000.0,False,True,repeated value in upper 1% tail
1981,142500.0,2,4.2355113744657964e-06,82000.0,False,True,repeated value in upper 1% tail
1981,142666.66666666666,6,1.2706534123397388e-05,82000.0,False,True,repeated value in upper 1% tail
1981,142725.0,5,1.058877843616449e-05,82000.0,False,True,repeated value in upper 1% tail
1981,143333.33333333334,14,2.9648579621260573e-05,82000.0,False,True,repeated value in upper 1% tail
1981,144000.0,10,2.117755687232898e-05,82000.0,False,True,repeated value in upper 1% tail
1981,144500.0,2,4.2355113744657964e-06,82000.0,False,True,repeated value in upper 1% tail
1981,145000.0,32,6.776818199145274e-05,82000.0,False,True,repeated value in upper 1% tail
1981,145333.33333333334,5,1.058877843616449e-05,82000.0,False,True,repeated value in upper 1% tail
1981,145366.66666666666,4,8.471022748931593e-06,82000.0,False,True,repeated value in upper 1% tail
1981,145500.0,2,4.2355113744657964e-06,82000.0,False,True,repeated value in upper 1% tail
1981,146000.0,13,2.7530823934027676e-05,82000.0,False,True,repeated value in upper 1% tail
1981,146500.0,3,6.353267061698694e-06,82000.0,False,True,repeated value in upper 1% tail
1981,146666.66666666666,5,1.058877843616449e-05,82000.0,False,True,repeated value in upper 1% tail
1981,146828.0,2,4.2355113744657964e-06,82000.0,False,True,repeated value in upper 1% tail
1981,147500.0,5,1.058877843616449e-05,82000.0,False,True,repeated value in upper 1% tail
1981,148000.0,5,1.058877843616449e-05,82000.0,False,True,repeated value in upper 1% tail
1981,150000.0,82,0.00017365596635309763,82000.0,False,True,repeated value in upper 1% tail
1981,150075.0,2,4.2355113744657964e-06,82000.0,False,True,repeated value in upper 1% tail
1981,150250.0,4,8.471022748931593e-06,82000.0,False,True,repeated value in upper 1% tail
1981,150500.0,4,8.471022748931593e-06,82000.0,False,True,repeated value in upper 1% tail
1981,151000.0,4,8.471022748931593e-06,82000.0,False,True,repeated value in upper 1% tail
1981,151750.0,6,1.2706534123397388e-05,82000.0,False,True,repeated value in upper 1% tail
1981,151847.5,4,8.471022748931593e-06,82000.0,False,True,repeated value in upper 1% tail
1981,152000.0,5,1.058877843616449e-05,82000.0,False,True,repeated value in upper 1% tail
1981,152500.0,8,1.6942045497863186e-05,82000.0,False,True,repeated value in upper 1% tail
1981,153000.0,2,4.2355113744657964e-06,82000.0,False,True,repeated value in upper 1% tail
1981,153333.33333333334,5,1.058877843616449e-05,82000.0,False,True,repeated value in upper 1% tail
1981,153750.0,4,8.471022748931593e-06,82000.0,False,True,repeated value in upper 1% tail
1981,154000.0,4,8.471022748931593e-06,82000.0,False,True,repeated value in upper 1% tail
1981,154500.0,2,4.2355113744657964e-06,82000.0,False,True,repeated value in upper 1% tail
1981,155000.0,12,2.5413068246794777e-05,82000.0,False,True,repeated value in upper 1% tail
1981,155500.0,4,8.471022748931593e-06,82000.0,False,True,repeated value in upper 1% tail
1981,155750.0,2,4.2355113744657964e-06,82000.0,False,True,repeated value in upper 1% tail
1981,156000.0,5,1.058877843616449e-05,82000.0,False,True,repeated value in upper 1% tail
1981,156159.33333333334,3,6.353267061698694e-06,82000.0,False,True,repeated value in upper 1% tail
1981,156289.0,2,4.2355113744657964e-06,82000.0,False,True,repeated value in upper 1% tail
1981,156666.66666666666,3,6.353267061698694e-06,82000.0,False,True,repeated value in upper 1% tail
1981,157241.5,2,4.2355113744657964e-06,82000.0,False,True,repeated value in upper 1% tail
1981,157500.0,2,4.2355113744657964e-06,82000.0,False,True,repeated value in upper 1% tail
1981,158000.0,5,1.058877843616449e-05,82000.0,False,True,repeated value in upper 1% tail
1981,158500.0,2,4.2355113744657964e-06,82000.0,False,True,repeated value in upper 1% tail
1981,158627.5,3,6.353267061698694e-06,82000.0,False,True,repeated value in upper 1% tail
1981,159666.66666666666,3,6.353267061698694e-06,82000.0,False,True,repeated value in upper 1% tail
1981,160000.0,15,3.176633530849347e-05,82000.0,False,True,repeated value in upper 1% tail
1981,160370.0,2,4.2355113744657964e-06,82000.0,False,True,repeated value in upper 1% tail
1981,160709.33333333334,4,8.471022748931593e-06,82000.0,False,True,repeated value in upper 1% tail
1981,161666.66666666666,3,6.353267061698694e-06,82000.0,False,True,repeated value in upper 1% tail
1981,162500.0,9,1.9059801185096082e-05,82000.0,False,True,repeated value in upper 1% tail
1981,165000.0,8,1.6942045497863186e-05,82000.0,False,True,repeated value in upper 1% tail
1981,165052.5,2,4.2355113744657964e-06,82000.0,False,True,repeated value in upper 1% tail
1981,165500.0,2,4.2355113744657964e-06,82000.0,False,True,repeated value in upper 1% tail
1981,166666.66666666666,24,5.0826136493589554e-05,82000.0,False,True,repeated value in upper 1% tail
1981,167122.0,2,4.2355113744657964e-06,82000.0,False,True,repeated value in upper 1% tail
1981,167732.0,2,4.2355113744657964e-06,82000.0,False,True,repeated value in upper 1% tail
1981,167750.0,4,8.471022748931593e-06,82000.0,False,True,repeated value in upper 1% tail
1981,168000.0,3,6.353267061698694e-06,82000.0,False,True,repeated value in upper 1% tail
1981,168155.0,2,4.2355113744657964e-06,82000.0,False,True,repeated value in upper 1% tail
1981,169000.0,2,4.2355113744657964e-06,82000.0,False,True,repeated value in upper 1% tail
1981,169500.0,3,6.353267061698694e-06,82000.0,False,True,repeated value in upper 1% tail
1981,169941.5,2,4.2355113744657964e-06,82000.0,False,True,repeated value in upper 1% tail
1981,170000.0,16,3.388409099572637e-05,82000.0,False,True,repeated value in upper 1% tail
1981,170333.33333333334,3,6.353267061698694e-06,82000.0,False,True,repeated value in upper 1% tail
1981,170833.33333333334,8,1.6942045497863186e-05,82000.0,False,True,repeated value in upper 1% tail
1981,171501.0,4,8.471022748931593e-06,82000.0,False,True,repeated value in upper 1% tail
1981,172001.33333333334,3,6.353267061698694e-06,82000.0,False,True,repeated value in upper 1% tail
1981,172500.0,13,2.7530823934027676e-05,82000.0,False,True,repeated value in upper 1% tail
1981,172800.0,3,6.353267061698694e-06,82000.0,False,True,repeated value in upper 1% tail
1981,173333.33333333334,3,6.353267061698694e-06,82000.0,False,True,repeated value in upper 1% tail
1981,173500.0,5,1.058877843616449e-05,82000.0,False,True,repeated value in upper 1% tail
1981,174000.0,2,4.2355113744657964e-06,82000.0,False,True,repeated value in upper 1% tail
1981,174333.33333333334,3,6.353267061698694e-06,82000.0,False,True,repeated value in upper 1% tail
1981,175000.0,14,2.9648579621260573e-05,82000.0,False,True,repeated value in upper 1% tail
1981,176300.0,2,4.2355113744657964e-06,82000.0,False,True,repeated value in upper 1% tail
1981,176406.66666666666,3,6.353267061698694e-06,82000.0,False,True,repeated value in upper 1% tail
1981,176500.0,3,6.353267061698694e-06,82000.0,False,True,repeated value in upper 1% tail
1981,176600.0,2,4.2355113744657964e-06,82000.0,False,True,repeated value in upper 1% tail
1981,176666.66666666666,4,8.471022748931593e-06,82000.0,False,True,repeated value in upper 1% tail
1981,177000.0,2,4.2355113744657964e-06,82000.0,False,True,repeated value in upper 1% tail
1981,177200.0,7,1.4824289810630286e-05,82000.0,False,True,repeated value in upper 1% tail
1981,177666.66666666666,3,6.353267061698694e-06,82000.0,False,True,repeated value in upper 1% tail
1981,178000.0,2,4.2355113744657964e-06,82000.0,False,True,repeated value in upper 1% tail
1981,179000.0,3,6.353267061698694e-06,82000.0,False,True,repeated value in upper 1% tail
1981,179383.0,4,8.471022748931593e-06,82000.0,False,True,repeated value in upper 1% tail
1981,179500.0,3,6.353267061698694e-06,82000.0,False,True,repeated value in upper 1% tail
1981,180000.0,16,3.388409099572637e-05,82000.0,False,True,repeated value in upper 1% tail
1981,180500.0,2,4.2355113744657964e-06,82000.0,False,True,repeated value in upper 1% tail
1981,181000.0,4,8.471022748931593e-06,82000.0,False,True,repeated value in upper 1% tail
1981,181250.0,2,4.2355113744657964e-06,82000.0,False,True,repeated value in upper 1% tail
1981,182500.0,3,6.353267061698694e-06,82000.0,False,True,repeated value in upper 1% tail
1981,182750.0,2,4.2355113744657964e-06,82000.0,False,True,repeated value in upper 1% tail
1981,183333.33333333334,6,1.2706534123397388e-05,82000.0,False,True,repeated value in upper 1% tail
1981,185000.0,4,8.471022748931593e-06,82000.0,False,True,repeated value in upper 1% tail
1981,185714.2857142857,7,1.4824289810630286e-05,82000.0,False,True,repeated value in upper 1% tail
1981,186500.0,2,4.2355113744657964e-06,82000.0,False,True,repeated value in upper 1% tail
1981,187000.0,7,1.4824289810630286e-05,82000.0,False,True,repeated value in upper 1% tail
1981,187280.0,3,6.353267061698694e-06,82000.0,False,True,repeated value in upper 1% tail
1981,187500.0,4,8.471022748931593e-06,82000.0,False,True,repeated value in upper 1% tail
1981,188250.0,6,1.2706534123397388e-05,82000.0,False,True,repeated value in upper 1% tail
1981,190000.0,5,1.058877843616449e-05,82000.0,False,True,repeated value in upper 1% tail
1981,191000.0,6,1.2706534123397388e-05,82000.0,False,True,repeated value in upper 1% tail
1981,191101.0,4,8.471022748931593e-06,82000.0,False,True,repeated value in upper 1% tail
1981,191555.66666666666,3,6.353267061698694e-06,82000.0,False,True,repeated value in upper 1% tail
1981,191635.0,2,4.2355113744657964e-06,82000.0,False,True,repeated value in upper 1% tail
1981,192000.0,5,1.058877843616449e-05,82000.0,False,True,repeated value in upper 1% tail
1981,193000.0,3,6.353267061698694e-06,82000.0,False,True,repeated value in upper 1% tail
1981,195000.0,2,4.2355113744657964e-06,82000.0,False,True,repeated value in upper 1% tail
1981,195216.66666666666,4,8.471022748931593e-06,82000.0,False,True,repeated value in upper 1% tail
1981,196000.0,3,6.353267061698694e-06,82000.0,False,True,repeated value in upper 1% tail
1981,196737.25,5,1.058877843616449e-05,82000.0,False,True,repeated value in upper 1% tail
1981,197000.0,7,1.4824289810630286e-05,82000.0,False,True,repeated value in upper 1% tail
1981,198654.33333333334,4,8.471022748931593e-06,82000.0,False,True,repeated value in upper 1% tail
1981,198900.0,6,1.2706534123397388e-05,82000.0,False,True,repeated value in upper 1% tail
1981,200000.0,38,8.047471611485012e-05,82000.0,False,True,repeated value in upper 1% tail
1981,200154.0,2,4.2355113744657964e-06,82000.0,False,True,repeated value in upper 1% tail
1981,201374.66666666666,3,6.353267061698694e-06,82000.0,False,True,repeated value in upper 1% tail
1981,201666.66666666666,4,8.471022748931593e-06,82000.0,False,True,repeated value in upper 1% tail
1981,202480.0,2,4.2355113744657964e-06,82000.0,False,True,repeated value in upper 1% tail
1981,203000.0,6,1.2706534123397388e-05,82000.0,False,True,repeated value in upper 1% tail
1981,203500.0,4,8.471022748931593e-06,82000.0,False,True,repeated value in upper 1% tail
1981,204000.0,2,4.2355113744657964e-06,82000.0,False,True,repeated value in upper 1% tail
1981,205000.0,7,1.4824289810630286e-05,82000.0,False,True,repeated value in upper 1% tail
1981,206750.0,6,1.2706534123397388e-05,82000.0,False,True,repeated value in upper 1% tail
1981,207500.0,2,4.2355113744657964e-06,82000.0,False,True,repeated value in upper 1% tail
1981,208000.0,2,4.2355113744657964e-06,82000.0,False,True,repeated value in upper 1% tail
1981,209333.33333333334,3,6.353267061698694e-06,82000.0,False,True,repeated value in upper 1% tail
1981,209891.66666666666,3,6.353267061698694e-06,82000.0,False,True,repeated value in upper 1% tail
1981,210000.0,10,2.117755687232898e-05,82000.0,False,True,repeated value in upper 1% tail
1981,212350.0,7,1.4824289810630286e-05,82000.0,False,True,repeated value in upper 1% tail
1981,213383.0,2,4.2355113744657964e-06,82000.0,False,True,repeated value in upper 1% tail
1981,213730.0,4,8.471022748931593e-06,82000.0,False,True,repeated value in upper 1% tail
1981,215000.0,8,1.6942045497863186e-05,82000.0,False,True,repeated value in upper 1% tail
1981,215500.0,3,6.353267061698694e-06,82000.0,False,True,repeated value in upper 1% tail
1981,216000.0,3,6.353267061698694e-06,82000.0,False,True,repeated value in upper 1% tail
1981,216500.0,2,4.2355113744657964e-06,82000.0,False,True,repeated value in upper 1% tail
1981,217500.0,3,6.353267061698694e-06,82000.0,False,True,repeated value in upper 1% tail
1981,219000.0,3,6.353267061698694e-06,82000.0,False,True,repeated value in upper 1% tail
1981,220000.0,9,1.9059801185096082e-05,82000.0,False,True,repeated value in upper 1% tail
1981,221353.33333333334,3,6.353267061698694e-06,82000.0,False,True,repeated value in upper 1% tail
1981,221500.0,2,4.2355113744657964e-06,82000.0,False,True,repeated value in upper 1% tail
1981,223666.66666666666,3,6.353267061698694e-06,82000.0,False,True,repeated value in upper 1% tail
1981,224100.0,2,4.2355113744657964e-06,82000.0,False,True,repeated value in upper 1% tail
1981,225000.0,2,4.2355113744657964e-06,82000.0,False,True,repeated value in upper 1% tail
1981,230000.0,4,8.471022748931593e-06,82000.0,False,True,repeated value in upper 1% tail
1981,231666.66666666666,3,6.353267061698694e-06,82000.0,False,True,repeated value in upper 1% tail
1981,232066.66666666666,3,6.353267061698694e-06,82000.0,False,True,repeated value in upper 1% tail
1981,232500.0,2,4.2355113744657964e-06,82000.0,False,True,repeated value in upper 1% tail
1981,232700.0,2,4.2355113744657964e-06,82000.0,False,True,repeated value in upper 1% tail
1981,235000.0,5,1.058877843616449e-05,82000.0,False,True,repeated value in upper 1% tail
1981,236166.66666666666,3,6.353267061698694e-06,82000.0,False,True,repeated value in upper 1% tail
1981,238000.0,6,1.2706534123397388e-05,82000.0,False,True,repeated value in upper 1% tail
1981,239000.0,2,4.2355113744657964e-06,82000.0,False,True,repeated value in upper 1% tail
1981,240000.0,6,1.2706534123397388e-05,82000.0,False,True,repeated value in upper 1% tail
1981,240100.0,4,8.471022748931593e-06,82000.0,False,True,repeated value in upper 1% tail
1981,244750.0,4,8.471022748931593e-06,82000.0,False,True,repeated value in upper 1% tail
1981,245000.0,3,6.353267061698694e-06,82000.0,False,True,repeated value in upper 1% tail
1981,245500.0,2,4.2355113744657964e-06,82000.0,False,True,repeated value in upper 1% tail
1981,246666.66666666666,3,6.353267061698694e-06,82000.0,False,True,repeated value in upper 1% tail
1981,248732.0,2,4.2355113744657964e-06,82000.0,False,True,repeated value in upper 1% tail
1981,250000.0,16,3.388409099572637e-05,82000.0,False,True,repeated value in upper 1% tail
1981,254600.0,2,4.2355113744657964e-06,82000.0,False,True,repeated value in upper 1% tail
1981,255000.0,4,8.471022748931593e-06,82000.0,False,True,repeated value in upper 1% tail
1981,256000.0,2,4.2355113744657964e-06,82000.0,False,True,repeated value in upper 1% tail
1981,256666.66666666666,3,6.353267061698694e-06,82000.0,False,True,repeated value in upper 1% tail
1981,260000.0,7,1.4824289810630286e-05,82000.0,False,True,repeated value in upper 1% tail
1981,260025.0,3,6.353267061698694e-06,82000.0,False,True,repeated value in upper 1% tail
1981,263333.3333333333,4,8.471022748931593e-06,82000.0,False,True,repeated value in upper 1% tail
1981,265000.0,2,4.2355113744657964e-06,82000.0,False,True,repeated value in upper 1% tail
1981,265250.0,2,4.2355113744657964e-06,82000.0,False,True,repeated value in upper 1% tail
1981,266666.6666666667,4,8.471022748931593e-06,82000.0,False,True,repeated value in upper 1% tail
1981,267000.0,2,4.2355113744657964e-06,82000.0,False,True,repeated value in upper 1% tail
1981,267500.0,2,4.2355113744657964e-06,82000.0,False,True,repeated value in upper 1% tail
1981,267847.75,4,8.471022748931593e-06,82000.0,False,True,repeated value in upper 1% tail
1981,268000.0,2,4.2355113744657964e-06,82000.0,False,True,repeated value in upper 1% tail
1981,270000.0,3,6.353267061698694e-06,82000.0,False,True,repeated value in upper 1% tail
1981,273000.0,2,4.2355113744657964e-06,82000.0,False,True,repeated value in upper 1% tail
1981,275000.0,2,4.2355113744657964e-06,82000.0,False,True,repeated value in upper 1% tail
1981,280000.0,8,1.6942045497863186e-05,82000.0,False,True,repeated value in upper 1% tail
1981,282500.0,3,6.353267061698694e-06,82000.0,False,True,repeated value in upper 1% tail
1981,283500.0,2,4.2355113744657964e-06,82000.0,False,True,repeated value in upper 1% tail
1981,287500.0,4,8.471022748931593e-06,82000.0,False,True,repeated value in upper 1% tail
1981,290000.0,4,8.471022748931593e-06,82000.0,False,True,repeated value in upper 1% tail
1981,291000.0,3,6.353267061698694e-06,82000.0,False,True,repeated value in upper 1% tail
1981,291900.0,4,8.471022748931593e-06,82000.0,False,True,repeated value in upper 1% tail
1981,293100.0,2,4.2355113744657964e-06,82000.0,False,True,repeated value in upper 1% tail
1981,293250.0,3,6.353267061698694e-06,82000.0,False,True,repeated value in upper 1% tail
1981,297000.0,2,4.2355113744657964e-06,82000.0,False,True,repeated value in upper 1% tail
1981,300000.0,19,4.023735805742506e-05,82000.0,False,True,repeated value in upper 1% tail
1981,300950.0,2,4.2355113744657964e-06,82000.0,False,True,repeated value in upper 1% tail
1981,306400.0,8,1.6942045497863186e-05,82000.0,False,True,repeated value in upper 1% tail
1981,310350.0,4,8.471022748931593e-06,82000.0,False,True,repeated value in upper 1% tail
1981,314400.0,5,1.058877843616449e-05,82000.0,False,True,repeated value in upper 1% tail
1981,318000.0,2,4.2355113744657964e-06,82000.0,False,True,repeated value in upper 1% tail
1981,318512.5,2,4.2355113744657964e-06,82000.0,False,True,repeated value in upper 1% tail
1981,320000.0,5,1.058877843616449e-05,82000.0,False,True,repeated value in upper 1% tail
1981,330000.0,2,4.2355113744657964e-06,82000.0,False,True,repeated value in upper 1% tail
1981,332750.0,3,6.353267061698694e-06,82000.0,False,True,repeated value in upper 1% tail
1981,333333.3333333333,3,6.353267061698694e-06,82000.0,False,True,repeated value in upper 1% tail
1981,336866.3333333333,3,6.353267061698694e-06,82000.0,False,True,repeated value in upper 1% tail
1981,342100.0,3,6.353267061698694e-06,82000.0,False,True,repeated value in upper 1% tail
1981,344433.5,2,4.2355113744657964e-06,82000.0,False,True,repeated value in upper 1% tail
1981,347100.0,2,4.2355113744657964e-06,82000.0,False,True,repeated value in upper 1% tail
1981,365000.0,2,4.2355113744657964e-06,82000.0,False,True,repeated value in upper 1% tail
1981,381200.0,3,6.353267061698694e-06,82000.0,False,True,repeated value in upper 1% tail
1981,390000.0,4,8.471022748931593e-06,82000.0,False,True,repeated value in upper 1% tail
1981,400000.0,3,6.353267061698694e-06,82000.0,False,True,repeated value in upper 1% tail
1981,418755.0,2,4.2355113744657964e-06,82000.0,False,True,repeated value in upper 1% tail
1981,432000.0,3,6.353267061698694e-06,82000.0,False,True,repeated value in upper 1% tail
1981,441000.0,3,6.353267061698694e-06,82000.0,False,True,repeated value in upper 1% tail
1981,467000.0,2,4.2355113744657964e-06,82000.0,False,True,repeated value in upper 1% tail
1981,475000.0,3,6.353267061698694e-06,82000.0,False,True,repeated value in upper 1% tail
1981,500000.0,4,8.471022748931593e-06,82000.0,False,True,repeated value in upper 1% tail
1981,503200.0,2,4.2355113744657964e-06,82000.0,False,True,repeated value in upper 1% tail
1981,522980.0,5,1.058877843616449e-05,82000.0,False,True,repeated value in upper 1% tail
1981,527702.5,3,6.353267061698694e-06,82000.0,False,True,repeated value in upper 1% tail
1981,569250.0,2,4.2355113744657964e-06,82000.0,False,True,repeated value in upper 1% tail
1981,640000.0,2,4.2355113744657964e-06,82000.0,False,True,repeated value in upper 1% tail
1981,690000.0,3,6.353267061698694e-06,82000.0,False,True,repeated value in upper 1% tail
1981,772500.0,2,4.2355113744657964e-06,82000.0,False,True,repeated value in upper 1% tail
1982,404000.0,4,1.9338151756145905e-05,404000.0,False,True,repeated value in upper 1% tail
1982,405000.0,16,7.735260702458362e-05,404000.0,False,True,repeated value in upper 1% tail
1982,406000.0,2,9.669075878072953e-06,404000.0,False,True,repeated value in upper 1% tail
1982,407000.0,4,1.9338151756145905e-05,404000.0,False,True,repeated value in upper 1% tail
1982,408000.0,4,1.9338151756145905e-05,404000.0,False,True,repeated value in upper 1% tail
1982,410000.0,25,0.00012086344847591191,404000.0,False,True,repeated value in upper 1% tail
1982,411000.0,2,9.669075878072953e-06,404000.0,False,True,repeated value in upper 1% tail
1982,412000.0,7,3.3841765573255333e-05,404000.0,False,True,repeated value in upper 1% tail
1982,413000.0,3,1.450361381710943e-05,404000.0,False,True,repeated value in upper 1% tail
1982,414000.0,3,1.450361381710943e-05,404000.0,False,True,repeated value in upper 1% tail
1982,415000.0,9,4.351084145132829e-05,404000.0,False,True,repeated value in upper 1% tail
1982,417000.0,7,3.3841765573255333e-05,404000.0,False,True,repeated value in upper 1% tail
1982,418000.0,4,1.9338151756145905e-05,404000.0,False,True,repeated value in upper 1% tail
1982,419000.0,5,2.4172689695182383e-05,404000.0,False,True,repeated value in upper 1% tail
1982,420000.0,54,0.00026106504870796973,404000.0,False,True,repeated value in upper 1% tail
1982,421000.0,2,9.669075878072953e-06,404000.0,False,True,repeated value in upper 1% tail
1982,423000.0,3,1.450361381710943e-05,404000.0,False,True,repeated value in upper 1% tail
1982,424000.0,2,9.669075878072953e-06,404000.0,False,True,repeated value in upper 1% tail
1982,425000.0,10,4.8345379390364765e-05,404000.0,False,True,repeated value in upper 1% tail
1982,426000.0,3,1.450361381710943e-05,404000.0,False,True,repeated value in upper 1% tail
1982,427000.0,3,1.450361381710943e-05,404000.0,False,True,repeated value in upper 1% tail
1982,430000.0,31,0.00014987067611013077,404000.0,False,True,repeated value in upper 1% tail
1982,434000.0,3,1.450361381710943e-05,404000.0,False,True,repeated value in upper 1% tail
1982,435000.0,8,3.867630351229181e-05,404000.0,False,True,repeated value in upper 1% tail
1982,436000.0,2,9.669075878072953e-06,404000.0,False,True,repeated value in upper 1% tail
1982,437000.0,2,9.669075878072953e-06,404000.0,False,True,repeated value in upper 1% tail
1982,438000.0,7,3.3841765573255333e-05,404000.0,False,True,repeated value in upper 1% tail
1982,440000.0,27,0.00013053252435398486,404000.0,False,True,repeated value in upper 1% tail
1982,442000.0,3,1.450361381710943e-05,404000.0,False,True,repeated value in upper 1% tail
1982,444000.0,3,1.450361381710943e-05,404000.0,False,True,repeated value in upper 1% tail
1982,445000.0,12,5.801445526843772e-05,404000.0,False,True,repeated value in upper 1% tail
1982,447000.0,2,9.669075878072953e-06,404000.0,False,True,repeated value in upper 1% tail
1982,448000.0,3,1.450361381710943e-05,404000.0,False,True,repeated value in upper 1% tail
1982,450000.0,97,0.0004689501800865382,404000.0,False,True,repeated value in upper 1% tail
1982,450500.0,2,9.669075878072953e-06,404000.0,False,True,repeated value in upper 1% tail
1982,451000.0,2,9.669075878072953e-06,404000.0,False,True,repeated value in upper 1% tail
1982,451440.0,3,1.450361381710943e-05,404000.0,False,True,repeated value in upper 1% tail
1982,452000.0,2,9.669075878072953e-06,404000.0,False,True,repeated value in upper 1% tail
1982,453000.0,2,9.669075878072953e-06,404000.0,False,True,repeated value in upper 1% tail
1982,455000.0,5,2.4172689695182383e-05,404000.0,False,True,repeated value in upper 1% tail
1982,457000.0,2,9.669075878072953e-06,404000.0,False,True,repeated value in upper 1% tail
1982,457500.0,2,9.669075878072953e-06,404000.0,False,True,repeated value in upper 1% tail
1982,458000.0,3,1.450361381710943e-05,404000.0,False,True,repeated value in upper 1% tail
1982,460000.0,29,0.00014020160023205783,404000.0,False,True,repeated value in upper 1% tail
1982,464000.0,3,1.450361381710943e-05,404000.0,False,True,repeated value in upper 1% tail
1982,465000.0,6,2.900722763421886e-05,404000.0,False,True,repeated value in upper 1% tail
1982,467000.0,2,9.669075878072953e-06,404000.0,False,True,repeated value in upper 1% tail
1982,468000.0,2,9.669075878072953e-06,404000.0,False,True,repeated value in upper 1% tail
1982,470000.0,35,0.00016920882786627668,404000.0,False,True,repeated value in upper 1% tail
1982,471000.0,2,9.669075878072953e-06,404000.0,False,True,repeated value in upper 1% tail
1982,472000.0,2,9.669075878072953e-06,404000.0,False,True,repeated value in upper 1% tail
1982,475000.0,4,1.9338151756145905e-05,404000.0,False,True,repeated value in upper 1% tail
1982,477000.0,2,9.669075878072953e-06,404000.0,False,True,repeated value in upper 1% tail
1982,478000.0,2,9.669075878072953e-06,404000.0,False,True,repeated value in upper 1% tail
1982,480000.0,33,0.00015953975198820374,404000.0,False,True,repeated value in upper 1% tail
1982,482000.0,2,9.669075878072953e-06,404000.0,False,True,repeated value in upper 1% tail
1982,483000.0,3,1.450361381710943e-05,404000.0,False,True,repeated value in upper 1% tail
1982,485000.0,4,1.9338151756145905e-05,404000.0,False,True,repeated value in upper 1% tail
1982,486000.0,4,1.9338151756145905e-05,404000.0,False,True,repeated value in upper 1% tail
1982,489000.0,3,1.450361381710943e-05,404000.0,False,True,repeated value in upper 1% tail
1982,490000.0,17,8.21871449636201e-05,404000.0,False,True,repeated value in upper 1% tail
1982,497000.0,2,9.669075878072953e-06,404000.0,False,True,repeated value in upper 1% tail
1982,498000.0,3,1.450361381710943e-05,404000.0,False,True,repeated value in upper 1% tail
1982,499000.0,2,9.669075878072953e-06,404000.0,False,True,repeated value in upper 1% tail
1982,500000.0,251,0.0012134690226981556,404000.0,False,True,repeated value in upper 1% tail
1982,501500.0,2,9.669075878072953e-06,404000.0,False,True,repeated value in upper 1% tail
1982,502000.0,4,1.9338151756145905e-05,404000.0,False,True,repeated value in upper 1% tail
1982,502500.0,2,9.669075878072953e-06,404000.0,False,True,repeated value in upper 1% tail
1982,503000.0,2,9.669075878072953e-06,404000.0,False,True,repeated value in upper 1% tail
1982,505000.0,4,1.9338151756145905e-05,404000.0,False,True,repeated value in upper 1% tail
1982,506000.0,2,9.669075878072953e-06,404000.0,False,True,repeated value in upper 1% tail
1982,507000.0,4,1.9338151756145905e-05,404000.0,False,True,repeated value in upper 1% tail
1982,510000.0,10,4.8345379390364765e-05,404000.0,False,True,repeated value in upper 1% tail
1982,513000.0,2,9.669075878072953e-06,404000.0,False,True,repeated value in upper 1% tail
1982,515000.0,2,9.669075878072953e-06,404000.0,False,True,repeated value in upper 1% tail
1982,518000.0,2,9.669075878072953e-06,404000.0,False,True,repeated value in upper 1% tail
1982,520000.0,26,0.0001256979864149484,404000.0,False,True,repeated value in upper 1% tail
1982,522000.0,3,1.450361381710943e-05,404000.0,False,True,repeated value in upper 1% tail
1982,524000.0,2,9.669075878072953e-06,404000.0,False,True,repeated value in upper 1% tail
1982,525000.0,5,2.4172689695182383e-05,404000.0,False,True,repeated value in upper 1% tail
1982,528000.0,2,9.669075878072953e-06,404000.0,False,True,repeated value in upper 1% tail
1982,530000.0,24,0.00011602891053687544,404000.0,False,True,repeated value in upper 1% tail
1982,531000.0,3,1.450361381710943e-05,404000.0,False,True,repeated value in upper 1% tail
1982,533000.0,4,1.9338151756145905e-05,404000.0,False,True,repeated value in upper 1% tail
1982,535000.0,2,9.669075878072953e-06,404000.0,False,True,repeated value in upper 1% tail
1982,540000.0,17,8.21871449636201e-05,404000.0,False,True,repeated value in upper 1% tail
1982,542000.0,4,1.9338151756145905e-05,404000.0,False,True,repeated value in upper 1% tail
1982,545000.0,4,1.9338151756145905e-05,404000.0,False,True,repeated value in upper 1% tail
1982,550000.0,47,0.0002272232831347144,404000.0,False,True,repeated value in upper 1% tail
1982,550600.0,2,9.669075878072953e-06,404000.0,False,True,repeated value in upper 1% tail
1982,555000.0,2,9.669075878072953e-06,404000.0,False,True,repeated value in upper 1% tail
1982,560000.0,18,8.702168290265658e-05,404000.0,False,True,repeated value in upper 1% tail
1982,562000.0,2,9.669075878072953e-06,404000.0,False,True,repeated value in upper 1% tail
1982,565000.0,2,9.669075878072953e-06,404000.0,False,True,repeated value in upper 1% tail
1982,570000.0,11,5.317991732940124e-05,404000.0,False,True,repeated value in upper 1% tail
1982,580000.0,15,7.251806908554715e-05,404000.0,False,True,repeated value in upper 1% tail
1982,585000.0,3,1.450361381710943e-05,404000.0,False,True,repeated value in upper 1% tail
1982,587000.0,2,9.669075878072953e-06,404000.0,False,True,repeated value in upper 1% tail
1982,590000.0,5,2.4172689695182383e-05,404000.0,False,True,repeated value in upper 1% tail
1982,600000.0,120,0.0005801445526843772,404000.0,False,True,repeated value in upper 1% tail
1982,605000.0,3,1.450361381710943e-05,404000.0,False,True,repeated value in upper 1% tail
1982,610000.0,2,9.669075878072953e-06,404000.0,False,True,repeated value in upper 1% tail
1982,615000.0,2,9.669075878072953e-06,404000.0,False,True,repeated value in upper 1% tail
1982,617000.0,2,9.669075878072953e-06,404000.0,False,True,repeated value in upper 1% tail
1982,620000.0,18,8.702168290265658e-05,404000.0,False,True,repeated value in upper 1% tail
1982,630000.0,9,4.351084145132829e-05,404000.0,False,True,repeated value in upper 1% tail
1982,635000.0,3,1.450361381710943e-05,404000.0,False,True,repeated value in upper 1% tail
1982,636000.0,2,9.669075878072953e-06,404000.0,False,True,repeated value in upper 1% tail
1982,637000.0,2,9.669075878072953e-06,404000.0,False,True,repeated value in upper 1% tail
1982,640000.0,9,4.351084145132829e-05,404000.0,False,True,repeated value in upper 1% tail
1982,644000.0,3,1.450361381710943e-05,404000.0,False,True,repeated value in upper 1% tail
1982,648000.0,2,9.669075878072953e-06,404000.0,False,True,repeated value in upper 1% tail
1982,650000.0,31,0.00014987067611013077,404000.0,False,True,repeated value in upper 1% tail
1982,655000.0,5,2.4172689695182383e-05,404000.0,False,True,repeated value in upper 1% tail
1982,660000.0,12,5.801445526843772e-05,404000.0,False,True,repeated value in upper 1% tail
1982,670000.0,7,3.3841765573255333e-05,404000.0,False,True,repeated value in upper 1% tail
1982,672000.0,3,1.450361381710943e-05,404000.0,False,True,repeated value in upper 1% tail
1982,680000.0,7,3.3841765573255333e-05,404000.0,False,True,repeated value in upper 1% tail
1982,690000.0,2,9.669075878072953e-06,404000.0,False,True,repeated value in upper 1% tail
1982,700000.0,62,0.00029974135222026154,404000.0,False,True,repeated value in upper 1% tail
1982,706000.0,2,9.669075878072953e-06,404000.0,False,True,repeated value in upper 1% tail
1982,710000.0,7,3.3841765573255333e-05,404000.0,False,True,repeated value in upper 1% tail
1982,715000.0,2,9.669075878072953e-06,404000.0,False,True,repeated value in upper 1% tail
1982,720000.0,3,1.450361381710943e-05,404000.0,False,True,repeated value in upper 1% tail
1982,721000.0,2,9.669075878072953e-06,404000.0,False,True,repeated value in upper 1% tail
1982,730000.0,9,4.351084145132829e-05,404000.0,False,True,repeated value in upper 1% tail
1982,735000.0,2,9.669075878072953e-06,404000.0,False,True,repeated value in upper 1% tail
1982,740000.0,6,2.900722763421886e-05,404000.0,False,True,repeated value in upper 1% tail
1982,750000.0,11,5.317991732940124e-05,404000.0,False,True,repeated value in upper 1% tail
1982,760000.0,7,3.3841765573255333e-05,404000.0,False,True,repeated value in upper 1% tail
1982,780000.0,5,2.4172689695182383e-05,404000.0,False,True,repeated value in upper 1% tail
1982,800000.0,56,0.00027073412458604267,404000.0,False,True,repeated value in upper 1% tail
1982,825500.0,2,9.669075878072953e-06,404000.0,False,True,repeated value in upper 1% tail
1982,834000.0,2,9.669075878072953e-06,404000.0,False,True,repeated value in upper 1% tail
1982,840000.0,5,2.4172689695182383e-05,404000.0,False,True,repeated value in upper 1% tail
1982,850000.0,11,5.317991732940124e-05,404000.0,False,True,repeated value in upper 1% tail
1982,855000.0,2,9.669075878072953e-06,404000.0,False,True,repeated value in upper 1% tail
1982,860000.0,4,1.9338151756145905e-05,404000.0,False,True,repeated value in upper 1% tail
1982,865000.0,2,9.669075878072953e-06,404000.0,False,True,repeated value in upper 1% tail
1982,870000.0,2,9.669075878072953e-06,404000.0,False,True,repeated value in upper 1% tail
1982,880000.0,4,1.9338151756145905e-05,404000.0,False,True,repeated value in upper 1% tail
1982,890000.0,2,9.669075878072953e-06,404000.0,False,True,repeated value in upper 1% tail
1982,900000.0,20,9.669075878072953e-05,404000.0,False,True,repeated value in upper 1% tail
1982,910000.0,3,1.450361381710943e-05,404000.0,False,True,repeated value in upper 1% tail
1982,920000.0,2,9.669075878072953e-06,404000.0,False,True,repeated value in upper 1% tail
1982,930000.0,2,9.669075878072953e-06,404000.0,False,True,repeated value in upper 1% tail
1982,950000.0,6,2.900722763421886e-05,404000.0,False,True,repeated value in upper 1% tail
1982,960000.0,3,1.450361381710943e-05,404000.0,False,True,repeated value in upper 1% tail
1982,980000.0,2,9.669075878072953e-06,404000.0,False,True,repeated value in upper 1% tail
1982,1000000.0,31,0.00014987067611013077,404000.0,False,True,repeated value in upper 1% tail
1982,1020000.0,3,1.450361381710943e-05,404000.0,False,True,repeated value in upper 1% tail
1982,1040000.0,2,9.669075878072953e-06,404000.0,False,True,repeated value in upper 1% tail
1982,1100000.0,8,3.867630351229181e-05,404000.0,False,True,repeated value in upper 1% tail
1982,1150000.0,2,9.669075878072953e-06,404000.0,False,True,repeated value in upper 1% tail
1982,1200000.0,12,5.801445526843772e-05,404000.0,False,True,repeated value in upper 1% tail
1982,1240000.0,2,9.669075878072953e-06,404000.0,False,True,repeated value in upper 1% tail
1982,1250000.0,2,9.669075878072953e-06,404000.0,False,True,repeated value in upper 1% tail
1982,1260000.0,2,9.669075878072953e-06,404000.0,False,True,repeated value in upper 1% tail
1982,1350000.0,4,1.9338151756145905e-05,404000.0,False,True,repeated value in upper 1% tail
1982,1400000.0,4,1.9338151756145905e-05,404000.0,False,True,repeated value in upper 1% tail
1982,1500000.0,10,4.8345379390364765e-05,404000.0,False,True,repeated value in upper 1% tail
1982,1800000.0,2,9.669075878072953e-06,404000.0,False,True,repeated value in upper 1% tail
1982,2000000.0,7,3.3841765573255333e-05,404000.0,False,True,repeated value in upper 1% tail
1982,3000000.0,3,1.450361381710943e-05,404000.0,False,True,repeated value in upper 1% tail
1982,3000007.0,2,9.669075878072953e-06,404000.0,False,True,repeated value in upper 1% tail
1982,4000000.0,2,9.669075878072953e-06,404000.0,False,True,repeated value in upper 1% tail
1983,350000.0,151,0.00030212266180069106,350000.0,False,True,repeated value in upper 1% tail
1983,350025.0,5,1.0004061649029505e-05,350000.0,False,True,repeated value in upper 1% tail
1983,350333.3333333333,7,1.4005686308641308e-05,350000.0,False,True,repeated value in upper 1% tail
1983,350360.5,2,4.001624659611802e-06,350000.0,False,True,repeated value in upper 1% tail
1983,350500.0,3,6.002436989417704e-06,350000.0,False,True,repeated value in upper 1% tail
1983,350570.0,2,4.001624659611802e-06,350000.0,False,True,repeated value in upper 1% tail
1983,351376.25,4,8.003249319223605e-06,350000.0,False,True,repeated value in upper 1% tail
1983,351500.0,2,4.001624659611802e-06,350000.0,False,True,repeated value in upper 1% tail
1983,351675.0,5,1.0004061649029505e-05,350000.0,False,True,repeated value in upper 1% tail
1983,351800.0,6,1.2004873978835408e-05,350000.0,False,True,repeated value in upper 1% tail
1983,351827.0,2,4.001624659611802e-06,350000.0,False,True,repeated value in upper 1% tail
1983,351908.6666666667,3,6.002436989417704e-06,350000.0,False,True,repeated value in upper 1% tail
1983,352000.0,7,1.4005686308641308e-05,350000.0,False,True,repeated value in upper 1% tail
1983,352375.0,4,8.003249319223605e-06,350000.0,False,True,repeated value in upper 1% tail
1983,352500.0,2,4.001624659611802e-06,350000.0,False,True,repeated value in upper 1% tail
1983,352526.6666666667,3,6.002436989417704e-06,350000.0,False,True,repeated value in upper 1% tail
1983,353000.0,6,1.2004873978835408e-05,350000.0,False,True,repeated value in upper 1% tail
1983,353331.25,4,8.003249319223605e-06,350000.0,False,True,repeated value in upper 1% tail
1983,353333.3333333333,20,4.001624659611802e-05,350000.0,False,True,repeated value in upper 1% tail
1983,353750.0,4,8.003249319223605e-06,350000.0,False,True,repeated value in upper 1% tail
1983,354000.0,16,3.201299727689442e-05,350000.0,False,True,repeated value in upper 1% tail
1983,354500.0,6,1.2004873978835408e-05,350000.0,False,True,repeated value in upper 1% tail
1983,354600.0,6,1.2004873978835408e-05,350000.0,False,True,repeated value in upper 1% tail
1983,355000.0,21,4.201705892592392e-05,350000.0,False,True,repeated value in upper 1% tail
1983,355134.3333333333,4,8.003249319223605e-06,350000.0,False,True,repeated value in upper 1% tail
1983,355246.0,3,6.002436989417704e-06,350000.0,False,True,repeated value in upper 1% tail
1983,355333.3333333333,3,6.002436989417704e-06,350000.0,False,True,repeated value in upper 1% tail
1983,355500.0,9,1.800731096825311e-05,350000.0,False,True,repeated value in upper 1% tail
1983,355600.0,5,1.0004061649029505e-05,350000.0,False,True,repeated value in upper 1% tail
1983,356000.0,5,1.0004061649029505e-05,350000.0,False,True,repeated value in upper 1% tail
1983,356250.0,4,8.003249319223605e-06,350000.0,False,True,repeated value in upper 1% tail
1983,356333.3333333333,4,8.003249319223605e-06,350000.0,False,True,repeated value in upper 1% tail
1983,356500.0,2,4.001624659611802e-06,350000.0,False,True,repeated value in upper 1% tail
1983,356666.6666666667,6,1.2004873978835408e-05,350000.0,False,True,repeated value in upper 1% tail
1983,356684.5,5,1.0004061649029505e-05,350000.0,False,True,repeated value in upper 1% tail
1983,356769.0,3,6.002436989417704e-06,350000.0,False,True,repeated value in upper 1% tail
1983,356966.6666666667,3,6.002436989417704e-06,350000.0,False,True,repeated value in upper 1% tail
1983,357500.0,9,1.800731096825311e-05,350000.0,False,True,repeated value in upper 1% tail
1983,358000.0,5,1.0004061649029505e-05,350000.0,False,True,repeated value in upper 1% tail
1983,358250.0,4,8.003249319223605e-06,350000.0,False,True,repeated value in upper 1% tail
1983,358279.0,2,4.001624659611802e-06,350000.0,False,True,repeated value in upper 1% tail
1983,358995.6666666667,3,6.002436989417704e-06,350000.0,False,True,repeated value in upper 1% tail
1983,359000.0,2,4.001624659611802e-06,350000.0,False,True,repeated value in upper 1% tail
1983,359250.0,4,8.003249319223605e-06,350000.0,False,True,repeated value in upper 1% tail
1983,359753.0,3,6.002436989417704e-06,350000.0,False,True,repeated value in upper 1% tail
1983,359766.6666666667,3,6.002436989417704e-06,350000.0,False,True,repeated value in upper 1% tail
1983,360000.0,46,9.203736717107146e-05,350000.0,False,True,repeated value in upper 1% tail
1983,360040.6666666667,4,8.003249319223605e-06,350000.0,False,True,repeated value in upper 1% tail
1983,360250.0,2,4.001624659611802e-06,350000.0,False,True,repeated value in upper 1% tail
1983,360542.8,5,1.0004061649029505e-05,350000.0,False,True,repeated value in upper 1% tail
1983,360579.3333333333,3,6.002436989417704e-06,350000.0,False,True,repeated value in upper 1% tail
1983,360624.0,3,6.002436989417704e-06,350000.0,False,True,repeated value in upper 1% tail
1983,361146.5,2,4.001624659611802e-06,350000.0,False,True,repeated value in upper 1% tail
1983,361155.0,2,4.001624659611802e-06,350000.0,False,True,repeated value in upper 1% tail
1983,361250.0,5,1.0004061649029505e-05,350000.0,False,True,repeated value in upper 1% tail
1983,361262.5,2,4.001624659611802e-06,350000.0,False,True,repeated value in upper 1% tail
1983,361600.0,5,1.0004061649029505e-05,350000.0,False,True,repeated value in upper 1% tail
1983,362000.0,5,1.0004061649029505e-05,350000.0,False,True,repeated value in upper 1% tail
1983,362236.0,3,6.002436989417704e-06,350000.0,False,True,repeated value in upper 1% tail
1983,362500.0,25,5.002030824514753e-05,350000.0,False,True,repeated value in upper 1% tail
1983,362875.0,6,1.2004873978835408e-05,350000.0,False,True,repeated value in upper 1% tail
1983,363000.0,2,4.001624659611802e-06,350000.0,False,True,repeated value in upper 1% tail
1983,363329.0,4,8.003249319223605e-06,350000.0,False,True,repeated value in upper 1% tail
1983,363500.0,2,4.001624659611802e-06,350000.0,False,True,repeated value in upper 1% tail
1983,363890.0,2,4.001624659611802e-06,350000.0,False,True,repeated value in upper 1% tail
1983,364120.0,2,4.001624659611802e-06,350000.0,False,True,repeated value in upper 1% tail
1983,364500.0,4,8.003249319223605e-06,350000.0,False,True,repeated value in upper 1% tail
1983,365000.0,11,2.2008935627864915e-05,350000.0,False,True,repeated value in upper 1% tail
1983,365189.3333333333,4,8.003249319223605e-06,350000.0,False,True,repeated value in upper 1% tail
1983,365750.0,4,8.003249319223605e-06,350000.0,False,True,repeated value in upper 1% tail
1983,366000.0,5,1.0004061649029505e-05,350000.0,False,True,repeated value in upper 1% tail
1983,366233.3333333333,4,8.003249319223605e-06,350000.0,False,True,repeated value in upper 1% tail
1983,366666.6666666667,41,8.203330552204194e-05,350000.0,False,True,repeated value in upper 1% tail
1983,366738.0,4,8.003249319223605e-06,350000.0,False,True,repeated value in upper 1% tail
1983,366750.0,4,8.003249319223605e-06,350000.0,False,True,repeated value in upper 1% tail
1983,367000.0,7,1.4005686308641308e-05,350000.0,False,True,repeated value in upper 1% tail
1983,367388.0,2,4.001624659611802e-06,350000.0,False,True,repeated value in upper 1% tail
1983,367500.0,4,8.003249319223605e-06,350000.0,False,True,repeated value in upper 1% tail
1983,367969.0,4,8.003249319223605e-06,350000.0,False,True,repeated value in upper 1% tail
1983,368000.0,13,2.6010560287476716e-05,350000.0,False,True,repeated value in upper 1% tail
1983,368333.3333333333,3,6.002436989417704e-06,350000.0,False,True,repeated value in upper 1% tail
1983,369000.0,3,6.002436989417704e-06,350000.0,False,True,repeated value in upper 1% tail
1983,369333.3333333333,9,1.800731096825311e-05,350000.0,False,True,repeated value in upper 1% tail
1983,369750.0,2,4.001624659611802e-06,350000.0,False,True,repeated value in upper 1% tail
1983,370000.0,13,2.6010560287476716e-05,350000.0,False,True,repeated value in upper 1% tail
1983,370033.3333333333,3,6.002436989417704e-06,350000.0,False,True,repeated value in upper 1% tail
1983,370107.0,4,8.003249319223605e-06,350000.0,False,True,repeated value in upper 1% tail
1983,370333.3333333333,14,2.8011372617282617e-05,350000.0,False,True,repeated value in upper 1% tail
1983,370580.0,2,4.001624659611802e-06,350000.0,False,True,repeated value in upper 1% tail
1983,371000.0,5,1.0004061649029505e-05,350000.0,False,True,repeated value in upper 1% tail
1983,371138.0,5,1.0004061649029505e-05,350000.0,False,True,repeated value in upper 1% tail
1983,371250.0,4,8.003249319223605e-06,350000.0,False,True,repeated value in upper 1% tail
1983,371500.0,5,1.0004061649029505e-05,350000.0,False,True,repeated value in upper 1% tail
1983,371666.6666666667,14,2.8011372617282617e-05,350000.0,False,True,repeated value in upper 1% tail
1983,372000.0,8,1.600649863844721e-05,350000.0,False,True,repeated value in upper 1% tail
1983,372333.3333333333,7,1.4005686308641308e-05,350000.0,False,True,repeated value in upper 1% tail
1983,372500.0,5,1.0004061649029505e-05,350000.0,False,True,repeated value in upper 1% tail
1983,372572.3333333333,3,6.002436989417704e-06,350000.0,False,True,repeated value in upper 1% tail
1983,373333.3333333333,3,6.002436989417704e-06,350000.0,False,True,repeated value in upper 1% tail
1983,373356.5,2,4.001624659611802e-06,350000.0,False,True,repeated value in upper 1% tail
1983,373843.5,2,4.001624659611802e-06,350000.0,False,True,repeated value in upper 1% tail
1983,374666.6666666667,4,8.003249319223605e-06,350000.0,False,True,repeated value in upper 1% tail
1983,375000.0,108,0.00021608773161903733,350000.0,False,True,repeated value in upper 1% tail
1983,375250.0,2,4.001624659611802e-06,350000.0,False,True,repeated value in upper 1% tail
1983,375314.0,3,6.002436989417704e-06,350000.0,False,True,repeated value in upper 1% tail
1983,375500.0,2,4.001624659611802e-06,350000.0,False,True,repeated value in upper 1% tail
1983,375869.0,5,1.0004061649029505e-05,350000.0,False,True,repeated value in upper 1% tail
1983,376000.0,2,4.001624659611802e-06,350000.0,False,True,repeated value in upper 1% tail
1983,376122.5,2,4.001624659611802e-06,350000.0,False,True,repeated value in upper 1% tail
1983,376200.5,3,6.002436989417704e-06,350000.0,False,True,repeated value in upper 1% tail
1983,376210.3333333333,4,8.003249319223605e-06,350000.0,False,True,repeated value in upper 1% tail
1983,376244.0,4,8.003249319223605e-06,350000.0,False,True,repeated value in upper 1% tail
1983,376500.0,8,1.600649863844721e-05,350000.0,False,True,repeated value in upper 1% tail
1983,376666.6666666667,3,6.002436989417704e-06,350000.0,False,True,repeated value in upper 1% tail
1983,377500.0,10,2.000812329805901e-05,350000.0,False,True,repeated value in upper 1% tail
1983,377666.6666666667,6,1.2004873978835408e-05,350000.0,False,True,repeated value in upper 1% tail
1983,378000.0,2,4.001624659611802e-06,350000.0,False,True,repeated value in upper 1% tail
1983,378500.0,2,4.001624659611802e-06,350000.0,False,True,repeated value in upper 1% tail
1983,378583.5,2,4.001624659611802e-06,350000.0,False,True,repeated value in upper 1% tail
1983,378750.0,4,8.003249319223605e-06,350000.0,False,True,repeated value in upper 1% tail
1983,379166.6666666667,8,1.600649863844721e-05,350000.0,False,True,repeated value in upper 1% tail
1983,379367.5,2,4.001624659611802e-06,350000.0,False,True,repeated value in upper 1% tail
1983,379760.0,7,1.4005686308641308e-05,350000.0,False,True,repeated value in upper 1% tail
1983,379994.75,4,8.003249319223605e-06,350000.0,False,True,repeated value in upper 1% tail
1983,380000.0,20,4.001624659611802e-05,350000.0,False,True,repeated value in upper 1% tail
1983,380300.0,6,1.2004873978835408e-05,350000.0,False,True,repeated value in upper 1% tail
1983,380976.0,2,4.001624659611802e-06,350000.0,False,True,repeated value in upper 1% tail
1983,381666.6666666667,3,6.002436989417704e-06,350000.0,False,True,repeated value in upper 1% tail
1983,382000.0,5,1.0004061649029505e-05,350000.0,False,True,repeated value in upper 1% tail
1983,382069.0,2,4.001624659611802e-06,350000.0,False,True,repeated value in upper 1% tail
1983,383333.3333333333,25,5.002030824514753e-05,350000.0,False,True,repeated value in upper 1% tail
1983,383404.0,3,6.002436989417704e-06,350000.0,False,True,repeated value in upper 1% tail
1983,384000.0,6,1.2004873978835408e-05,350000.0,False,True,repeated value in upper 1% tail
1983,385000.0,16,3.201299727689442e-05,350000.0,False,True,repeated value in upper 1% tail
1983,385333.3333333333,3,6.002436989417704e-06,350000.0,False,True,repeated value in upper 1% tail
1983,385364.5,3,6.002436989417704e-06,350000.0,False,True,repeated value in upper 1% tail
1983,385500.0,5,1.0004061649029505e-05,350000.0,False,True,repeated value in upper 1% tail
1983,386260.0,3,6.002436989417704e-06,350000.0,False,True,repeated value in upper 1% tail
1983,386333.3333333333,3,6.002436989417704e-06,350000.0,False,True,repeated value in upper 1% tail
1983,386666.6666666667,15,3.0012184947088518e-05,350000.0,False,True,repeated value in upper 1% tail
1983,386776.3333333333,3,6.002436989417704e-06,350000.0,False,True,repeated value in upper 1% tail
1983,387000.0,14,2.8011372617282617e-05,350000.0,False,True,repeated value in upper 1% tail
1983,387250.0,8,1.600649863844721e-05,350000.0,False,True,repeated value in upper 1% tail
1983,387333.3333333333,3,6.002436989417704e-06,350000.0,False,True,repeated value in upper 1% tail
1983,387400.0,5,1.0004061649029505e-05,350000.0,False,True,repeated value in upper 1% tail
1983,387500.0,12,2.4009747957670815e-05,350000.0,False,True,repeated value in upper 1% tail
1983,388000.0,3,6.002436989417704e-06,350000.0,False,True,repeated value in upper 1% tail
1983,388771.25,5,1.0004061649029505e-05,350000.0,False,True,repeated value in upper 1% tail
1983,389000.0,8,1.600649863844721e-05,350000.0,False,True,repeated value in upper 1% tail
1983,390000.0,41,8.203330552204194e-05,350000.0,False,True,repeated value in upper 1% tail
1983,390750.0,2,4.001624659611802e-06,350000.0,False,True,repeated value in upper 1% tail
1983,391158.6666666667,3,6.002436989417704e-06,350000.0,False,True,repeated value in upper 1% tail
1983,391250.0,2,4.001624659611802e-06,350000.0,False,True,repeated value in upper 1% tail
1983,391500.0,4,8.003249319223605e-06,350000.0,False,True,repeated value in upper 1% tail
1983,391585.0,3,6.002436989417704e-06,350000.0,False,True,repeated value in upper 1% tail
1983,392000.0,3,6.002436989417704e-06,350000.0,False,True,repeated value in upper 1% tail
1983,392500.0,8,1.600649863844721e-05,350000.0,False,True,repeated value in upper 1% tail
1983,393133.3333333333,5,1.0004061649029505e-05,350000.0,False,True,repeated value in upper 1% tail
1983,393333.3333333333,7,1.4005686308641308e-05,350000.0,False,True,repeated value in upper 1% tail
1983,394000.0,5,1.0004061649029505e-05,350000.0,False,True,repeated value in upper 1% tail
1983,394250.0,2,4.001624659611802e-06,350000.0,False,True,repeated value in upper 1% tail
1983,394333.3333333333,3,6.002436989417704e-06,350000.0,False,True,repeated value in upper 1% tail
1983,394400.0,5,1.0004061649029505e-05,350000.0,False,True,repeated value in upper 1% tail
1983,394925.3333333333,3,6.002436989417704e-06,350000.0,False,True,repeated value in upper 1% tail
1983,395000.0,4,8.003249319223605e-06,350000.0,False,True,repeated value in upper 1% tail
1983,395250.0,4,8.003249319223605e-06,350000.0,False,True,repeated value in upper 1% tail
1983,395333.3333333333,4,8.003249319223605e-06,350000.0,False,True,repeated value in upper 1% tail
1983,395500.0,4,8.003249319223605e-06,350000.0,False,True,repeated value in upper 1% tail
1983,395710.5,2,4.001624659611802e-06,350000.0,False,True,repeated value in upper 1% tail
1983,395775.3333333333,6,1.2004873978835408e-05,350000.0,False,True,repeated value in upper 1% tail
1983,396000.0,5,1.0004061649029505e-05,350000.0,False,True,repeated value in upper 1% tail
1983,396333.3333333333,4,8.003249319223605e-06,350000.0,False,True,repeated value in upper 1% tail
1983,396738.0,2,4.001624659611802e-06,350000.0,False,True,repeated value in upper 1% tail
1983,397000.0,5,1.0004061649029505e-05,350000.0,False,True,repeated value in upper 1% tail
1983,397250.0,2,4.001624659611802e-06,350000.0,False,True,repeated value in upper 1% tail
1983,397333.3333333333,3,6.002436989417704e-06,350000.0,False,True,repeated value in upper 1% tail
1983,397353.75,4,8.003249319223605e-06,350000.0,False,True,repeated value in upper 1% tail
1983,398750.0,5,1.0004061649029505e-05,350000.0,False,True,repeated value in upper 1% tail
1983,398950.0,2,4.001624659611802e-06,350000.0,False,True,repeated value in upper 1% tail
1983,399000.0,4,8.003249319223605e-06,350000.0,False,True,repeated value in upper 1% tail
1983,399471.6666666667,3,6.002436989417704e-06,350000.0,False,True,repeated value in upper 1% tail
1983,400000.0,158,0.00031612834810933237,350000.0,False,True,repeated value in upper 1% tail
1983,400333.3333333333,3,6.002436989417704e-06,350000.0,False,True,repeated value in upper 1% tail
1983,400500.0,3,6.002436989417704e-06,350000.0,False,True,repeated value in upper 1% tail
1983,400587.0,4,8.003249319223605e-06,350000.0,False,True,repeated value in upper 1% tail
1983,400666.6666666667,3,6.002436989417704e-06,350000.0,False,True,repeated value in upper 1% tail
1983,401250.0,7,1.4005686308641308e-05,350000.0,False,True,repeated value in upper 1% tail
1983,402164.0,2,4.001624659611802e-06,350000.0,False,True,repeated value in upper 1% tail
1983,402250.0,4,8.003249319223605e-06,350000.0,False,True,repeated value in upper 1% tail
1983,402344.4,5,1.0004061649029505e-05,350000.0,False,True,repeated value in upper 1% tail
1983,402400.0,3,6.002436989417704e-06,350000.0,False,True,repeated value in upper 1% tail
1983,402500.0,10,2.000812329805901e-05,350000.0,False,True,repeated value in upper 1% tail
1983,402947.75,5,1.0004061649029505e-05,350000.0,False,True,repeated value in upper 1% tail
1983,403369.0,2,4.001624659611802e-06,350000.0,False,True,repeated value in upper 1% tail
1983,403500.0,2,4.001624659611802e-06,350000.0,False,True,repeated value in upper 1% tail
1983,404250.0,4,8.003249319223605e-06,350000.0,False,True,repeated value in upper 1% tail
1983,404770.0,5,1.0004061649029505e-05,350000.0,False,True,repeated value in upper 1% tail
1983,405000.0,14,2.8011372617282617e-05,350000.0,False,True,repeated value in upper 1% tail
1983,405533.3333333333,3,6.002436989417704e-06,350000.0,False,True,repeated value in upper 1% tail
1983,406250.0,9,1.800731096825311e-05,350000.0,False,True,repeated value in upper 1% tail
1983,406666.6666666667,4,8.003249319223605e-06,350000.0,False,True,repeated value in upper 1% tail
1983,407250.0,5,1.0004061649029505e-05,350000.0,False,True,repeated value in upper 1% tail
1983,407275.5,3,6.002436989417704e-06,350000.0,False,True,repeated value in upper 1% tail
1983,407500.0,6,1.2004873978835408e-05,350000.0,False,True,repeated value in upper 1% tail
1983,407750.0,2,4.001624659611802e-06,350000.0,False,True,repeated value in upper 1% tail
1983,407824.0,2,4.001624659611802e-06,350000.0,False,True,repeated value in upper 1% tail
1983,407850.6666666667,6,1.2004873978835408e-05,350000.0,False,True,repeated value in upper 1% tail
1983,408000.0,5,1.0004061649029505e-05,350000.0,False,True,repeated value in upper 1% tail
1983,408333.3333333333,3,6.002436989417704e-06,350000.0,False,True,repeated value in upper 1% tail
1983,408500.0,2,4.001624659611802e-06,350000.0,False,True,repeated value in upper 1% tail
1983,408641.5,2,4.001624659611802e-06,350000.0,False,True,repeated value in upper 1% tail
1983,408666.6666666667,3,6.002436989417704e-06,350000.0,False,True,repeated value in upper 1% tail
1983,408847.75,4,8.003249319223605e-06,350000.0,False,True,repeated value in upper 1% tail
1983,409000.0,6,1.2004873978835408e-05,350000.0,False,True,repeated value in upper 1% tail
1983,409166.6666666667,6,1.2004873978835408e-05,350000.0,False,True,repeated value in upper 1% tail
1983,409209.6666666667,3,6.002436989417704e-06,350000.0,False,True,repeated value in upper 1% tail
1983,409285.71428571426,7,1.4005686308641308e-05,350000.0,False,True,repeated value in upper 1% tail
1983,410000.0,16,3.201299727689442e-05,350000.0,False,True,repeated value in upper 1% tail
1983,410014.0,5,1.0004061649029505e-05,350000.0,False,True,repeated value in upper 1% tail
1983,410333.3333333333,3,6.002436989417704e-06,350000.0,False,True,repeated value in upper 1% tail
1983,410500.0,2,4.001624659611802e-06,350000.0,False,True,repeated value in upper 1% tail
1983,410666.6666666667,3,6.002436989417704e-06,350000.0,False,True,repeated value in upper 1% tail
1983,410694.3333333333,3,6.002436989417704e-06,350000.0,False,True,repeated value in upper 1% tail
1983,412500.0,30,6.0024369894177035e-05,350000.0,False,True,repeated value in upper 1% tail
1983,412912.6666666667,5,1.0004061649029505e-05,350000.0,False,True,repeated value in upper 1% tail
1983,413204.6666666667,3,6.002436989417704e-06,350000.0,False,True,repeated value in upper 1% tail
1983,413333.3333333333,7,1.4005686308641308e-05,350000.0,False,True,repeated value in upper 1% tail
1983,413500.0,3,6.002436989417704e-06,350000.0,False,True,repeated value in upper 1% tail
1983,413832.6666666667,3,6.002436989417704e-06,350000.0,False,True,repeated value in upper 1% tail
1983,414000.0,7,1.4005686308641308e-05,350000.0,False,True,repeated value in upper 1% tail
1983,414430.0,2,4.001624659611802e-06,350000.0,False,True,repeated value in upper 1% tail
1983,414925.3333333333,3,6.002436989417704e-06,350000.0,False,True,repeated value in upper 1% tail
1983,415000.0,16,3.201299727689442e-05,350000.0,False,True,repeated value in upper 1% tail
1983,415466.6666666667,3,6.002436989417704e-06,350000.0,False,True,repeated value in upper 1% tail
1983,416000.0,2,4.001624659611802e-06,350000.0,False,True,repeated value in upper 1% tail
1983,416666.6666666667,10,2.000812329805901e-05,350000.0,False,True,repeated value in upper 1% tail
1983,417000.0,2,4.001624659611802e-06,350000.0,False,True,repeated value in upper 1% tail
1983,417333.3333333333,5,1.0004061649029505e-05,350000.0,False,True,repeated value in upper 1% tail
1983,417388.0,2,4.001624659611802e-06,350000.0,False,True,repeated value in upper 1% tail
1983,417401.5,9,1.800731096825311e-05,350000.0,False,True,repeated value in upper 1% tail
1983,417500.0,9,1.800731096825311e-05,350000.0,False,True,repeated value in upper 1% tail
1983,417590.0,2,4.001624659611802e-06,350000.0,False,True,repeated value in upper 1% tail
1983,417605.25,4,8.003249319223605e-06,350000.0,False,True,repeated value in upper 1% tail
1983,417666.6666666667,3,6.002436989417704e-06,350000.0,False,True,repeated value in upper 1% tail
1983,418406.0,4,8.003249319223605e-06,350000.0,False,True,repeated value in upper 1% tail
1983,418477.0,2,4.001624659611802e-06,350000.0,False,True,repeated value in upper 1% tail
1983,418500.0,4,8.003249319223605e-06,350000.0,False,True,repeated value in upper 1% tail
1983,418750.0,9,1.800731096825311e-05,350000.0,False,True,repeated value in upper 1% tail
1983,419000.0,2,4.001624659611802e-06,350000.0,False,True,repeated value in upper 1% tail
1983,419666.6666666667,3,6.002436989417704e-06,350000.0,False,True,repeated value in upper 1% tail
1983,420000.0,27,5.402193290475933e-05,350000.0,False,True,repeated value in upper 1% tail
1983,420258.0,2,4.001624659611802e-06,350000.0,False,True,repeated value in upper 1% tail
1983,420500.0,6,1.2004873978835408e-05,350000.0,False,True,repeated value in upper 1% tail
1983,421100.0,2,4.001624659611802e-06,350000.0,False,True,repeated value in upper 1% tail
1983,421250.0,5,1.0004061649029505e-05,350000.0,False,True,repeated value in upper 1% tail
1983,421450.0,4,8.003249319223605e-06,350000.0,False,True,repeated value in upper 1% tail
1983,421500.0,3,6.002436989417704e-06,350000.0,False,True,repeated value in upper 1% tail
1983,421750.0,4,8.003249319223605e-06,350000.0,False,True,repeated value in upper 1% tail
1983,422250.0,2,4.001624659611802e-06,350000.0,False,True,repeated value in upper 1% tail
1983,422500.0,2,4.001624659611802e-06,350000.0,False,True,repeated value in upper 1% tail
1983,423000.0,9,1.800731096825311e-05,350000.0,False,True,repeated value in upper 1% tail
1983,423312.5,2,4.001624659611802e-06,350000.0,False,True,repeated value in upper 1% tail
1983,423333.3333333333,4,8.003249319223605e-06,350000.0,False,True,repeated value in upper 1% tail
1983,423500.0,2,4.001624659611802e-06,350000.0,False,True,repeated value in upper 1% tail
1983,423533.3333333333,3,6.002436989417704e-06,350000.0,False,True,repeated value in upper 1% tail
1983,424000.0,5,1.0004061649029505e-05,350000.0,False,True,repeated value in upper 1% tail
1983,424800.0,5,1.0004061649029505e-05,350000.0,False,True,repeated value in upper 1% tail
1983,425000.0,43,8.603493018165376e-05,350000.0,False,True,repeated value in upper 1% tail
1983,425500.0,2,4.001624659611802e-06,350000.0,False,True,repeated value in upper 1% tail
1983,425645.0,2,4.001624659611802e-06,350000.0,False,True,repeated value in upper 1% tail
1983,425750.0,2,4.001624659611802e-06,350000.0,False,True,repeated value in upper 1% tail
1983,426000.0,3,6.002436989417704e-06,350000.0,False,True,repeated value in upper 1% tail
1983,426666.6666666667,3,6.002436989417704e-06,350000.0,False,True,repeated value in upper 1% tail
1983,426750.0,4,8.003249319223605e-06,350000.0,False,True,repeated value in upper 1% tail
1983,427024.3333333333,3,6.002436989417704e-06,350000.0,False,True,repeated value in upper 1% tail
1983,427179.5,3,6.002436989417704e-06,350000.0,False,True,repeated value in upper 1% tail
1983,428200.0,5,1.0004061649029505e-05,350000.0,False,True,repeated value in upper 1% tail
1983,428571.4285714286,8,1.600649863844721e-05,350000.0,False,True,repeated value in upper 1% tail
1983,429500.0,3,6.002436989417704e-06,350000.0,False,True,repeated value in upper 1% tail
1983,430000.0,29,5.8023557564371134e-05,350000.0,False,True,repeated value in upper 1% tail
1983,430066.6666666667,3,6.002436989417704e-06,350000.0,False,True,repeated value in upper 1% tail
1983,430500.0,2,4.001624659611802e-06,350000.0,False,True,repeated value in upper 1% tail
1983,431446.0,2,4.001624659611802e-06,350000.0,False,True,repeated value in upper 1% tail
1983,431800.0,5,1.0004061649029505e-05,350000.0,False,True,repeated value in upper 1% tail
1983,431976.0,2,4.001624659611802e-06,350000.0,False,True,repeated value in upper 1% tail
1983,432250.0,2,4.001624659611802e-06,350000.0,False,True,repeated value in upper 1% tail
1983,432500.0,9,1.800731096825311e-05,350000.0,False,True,repeated value in upper 1% tail
1983,433070.4,6,1.2004873978835408e-05,350000.0,False,True,repeated value in upper 1% tail
1983,433333.3333333333,23,4.601868358553573e-05,350000.0,False,True,repeated value in upper 1% tail
1983,433666.6666666667,4,8.003249319223605e-06,350000.0,False,True,repeated value in upper 1% tail
1983,433733.2,5,1.0004061649029505e-05,350000.0,False,True,repeated value in upper 1% tail
1983,433750.0,4,8.003249319223605e-06,350000.0,False,True,repeated value in upper 1% tail
1983,434492.0,3,6.002436989417704e-06,350000.0,False,True,repeated value in upper 1% tail
1983,434500.0,8,1.600649863844721e-05,350000.0,False,True,repeated value in upper 1% tail
1983,435000.0,4,8.003249319223605e-06,350000.0,False,True,repeated value in upper 1% tail
1983,435333.3333333333,3,6.002436989417704e-06,350000.0,False,True,repeated value in upper 1% tail
1983,435352.3333333333,4,8.003249319223605e-06,350000.0,False,True,repeated value in upper 1% tail
1983,435500.0,4,8.003249319223605e-06,350000.0,False,True,repeated value in upper 1% tail
1983,435533.3333333333,5,1.0004061649029505e-05,350000.0,False,True,repeated value in upper 1% tail
1983,435750.0,4,8.003249319223605e-06,350000.0,False,True,repeated value in upper 1% tail
1983,435848.25,4,8.003249319223605e-06,350000.0,False,True,repeated value in upper 1% tail
1983,436000.0,5,1.0004061649029505e-05,350000.0,False,True,repeated value in upper 1% tail
1983,436117.0,2,4.001624659611802e-06,350000.0,False,True,repeated value in upper 1% tail
1983,437142.85714285716,7,1.4005686308641308e-05,350000.0,False,True,repeated value in upper 1% tail
1983,437164.0,2,4.001624659611802e-06,350000.0,False,True,repeated value in upper 1% tail
1983,437333.3333333333,4,8.003249319223605e-06,350000.0,False,True,repeated value in upper 1% tail
1983,437500.0,29,5.8023557564371134e-05,350000.0,False,True,repeated value in upper 1% tail
1983,438141.25,4,8.003249319223605e-06,350000.0,False,True,repeated value in upper 1% tail
1983,438250.0,4,8.003249319223605e-06,350000.0,False,True,repeated value in upper 1% tail
1983,438369.0,4,8.003249319223605e-06,350000.0,False,True,repeated value in upper 1% tail
1983,438780.0,6,1.2004873978835408e-05,350000.0,False,True,repeated value in upper 1% tail
1983,439400.0,4,8.003249319223605e-06,350000.0,False,True,repeated value in upper 1% tail
1983,439716.0,2,4.001624659611802e-06,350000.0,False,True,repeated value in upper 1% tail
1983,440000.0,5,1.0004061649029505e-05,350000.0,False,True,repeated value in upper 1% tail
1983,440300.0,2,4.001624659611802e-06,350000.0,False,True,repeated value in upper 1% tail
1983,440916.0,2,4.001624659611802e-06,350000.0,False,True,repeated value in upper 1% tail
1983,441570.5,2,4.001624659611802e-06,350000.0,False,True,repeated value in upper 1% tail
1983,441666.6666666667,21,4.201705892592392e-05,350000.0,False,True,repeated value in upper 1% tail
1983,441725.0,6,1.2004873978835408e-05,350000.0,False,True,repeated value in upper 1% tail
1983,442000.0,4,8.003249319223605e-06,350000.0,False,True,repeated value in upper 1% tail
1983,442309.5,5,1.0004061649029505e-05,350000.0,False,True,repeated value in upper 1% tail
1983,442333.3333333333,3,6.002436989417704e-06,350000.0,False,True,repeated value in upper 1% tail
1983,442500.0,9,1.800731096825311e-05,350000.0,False,True,repeated value in upper 1% tail
1983,443000.0,2,4.001624659611802e-06,350000.0,False,True,repeated value in upper 1% tail
1983,443333.3333333333,10,2.000812329805901e-05,350000.0,False,True,repeated value in upper 1% tail
1983,443500.0,2,4.001624659611802e-06,350000.0,False,True,repeated value in upper 1% tail
1983,443750.0,5,1.0004061649029505e-05,350000.0,False,True,repeated value in upper 1% tail
1983,445000.0,4,8.003249319223605e-06,350000.0,False,True,repeated value in upper 1% tail
1983,446000.0,3,6.002436989417704e-06,350000.0,False,True,repeated value in upper 1% tail
1983,446250.0,2,4.001624659611802e-06,350000.0,False,True,repeated value in upper 1% tail
1983,446420.0,3,6.002436989417704e-06,350000.0,False,True,repeated value in upper 1% tail
1983,447000.0,2,4.001624659611802e-06,350000.0,False,True,repeated value in upper 1% tail
1983,447581.5,3,6.002436989417704e-06,350000.0,False,True,repeated value in upper 1% tail
1983,447633.5,4,8.003249319223605e-06,350000.0,False,True,repeated value in upper 1% tail
1983,447830.0,6,1.2004873978835408e-05,350000.0,False,True,repeated value in upper 1% tail
1983,448000.0,6,1.2004873978835408e-05,350000.0,False,True,repeated value in upper 1% tail
1983,448250.0,4,8.003249319223605e-06,350000.0,False,True,repeated value in upper 1% tail
1983,449333.3333333333,3,6.002436989417704e-06,350000.0,False,True,repeated value in upper 1% tail
1983,449626.6666666667,4,8.003249319223605e-06,350000.0,False,True,repeated value in upper 1% tail
1983,450000.0,86,0.00017206986036330752,350000.0,False,True,repeated value in upper 1% tail
1983,450108.0,2,4.001624659611802e-06,350000.0,False,True,repeated value in upper 1% tail
1983,450500.0,2,4.001624659611802e-06,350000.0,False,True,repeated value in upper 1% tail
1983,450666.6666666667,3,6.002436989417704e-06,350000.0,False,True,repeated value in upper 1% tail
1983,450750.0,2,4.001624659611802e-06,350000.0,False,True,repeated value in upper 1% tail
1983,451158.6666666667,3,6.002436989417704e-06,350000.0,False,True,repeated value in upper 1% tail
1983,451415.0,2,4.001624659611802e-06,350000.0,False,True,repeated value in upper 1% tail
1983,451666.6666666667,4,8.003249319223605e-06,350000.0,False,True,repeated value in upper 1% tail
1983,453000.0,4,8.003249319223605e-06,350000.0,False,True,repeated value in upper 1% tail
1983,454000.0,3,6.002436989417704e-06,350000.0,False,True,repeated value in upper 1% tail
1983,454474.5,2,4.001624659611802e-06,350000.0,False,True,repeated value in upper 1% tail
1983,455000.0,10,2.000812329805901e-05,350000.0,False,True,repeated value in upper 1% tail
1983,455295.2,5,1.0004061649029505e-05,350000.0,False,True,repeated value in upper 1% tail
1983,455887.0,3,6.002436989417704e-06,350000.0,False,True,repeated value in upper 1% tail
1983,456000.0,6,1.2004873978835408e-05,350000.0,False,True,repeated value in upper 1% tail
1983,456500.0,2,4.001624659611802e-06,350000.0,False,True,repeated value in upper 1% tail
1983,456618.5,2,4.001624659611802e-06,350000.0,False,True,repeated value in upper 1% tail
1983,456666.6666666667,3,6.002436989417704e-06,350000.0,False,True,repeated value in upper 1% tail
1983,457807.0,2,4.001624659611802e-06,350000.0,False,True,repeated value in upper 1% tail
1983,458333.3333333333,6,1.2004873978835408e-05,350000.0,False,True,repeated value in upper 1% tail
1983,458500.0,2,4.001624659611802e-06,350000.0,False,True,repeated value in upper 1% tail
1983,459333.3333333333,3,6.002436989417704e-06,350000.0,False,True,repeated value in upper 1% tail
1983,460000.0,17,3.401380960670032e-05,350000.0,False,True,repeated value in upper 1% tail
1983,460160.0,5,1.0004061649029505e-05,350000.0,False,True,repeated value in upper 1% tail
1983,460695.2,5,1.0004061649029505e-05,350000.0,False,True,repeated value in upper 1% tail
1983,460750.0,2,4.001624659611802e-06,350000.0,False,True,repeated value in upper 1% tail
1983,460800.0,5,1.0004061649029505e-05,350000.0,False,True,repeated value in upper 1% tail
1983,461000.0,2,4.001624659611802e-06,350000.0,False,True,repeated value in upper 1% tail
1983,462333.3333333333,6,1.2004873978835408e-05,350000.0,False,True,repeated value in upper 1% tail
1983,462500.0,7,1.4005686308641308e-05,350000.0,False,True,repeated value in upper 1% tail
1983,462903.6666666667,3,6.002436989417704e-06,350000.0,False,True,repeated value in upper 1% tail
1983,463500.0,4,8.003249319223605e-06,350000.0,False,True,repeated value in upper 1% tail
1983,464000.0,4,8.003249319223605e-06,350000.0,False,True,repeated value in upper 1% tail
1983,465750.0,4,8.003249319223605e-06,350000.0,False,True,repeated value in upper 1% tail
1983,466500.0,2,4.001624659611802e-06,350000.0,False,True,repeated value in upper 1% tail
1983,466666.6666666667,17,3.401380960670032e-05,350000.0,False,True,repeated value in upper 1% tail
1983,466988.5,2,4.001624659611802e-06,350000.0,False,True,repeated value in upper 1% tail
1983,467000.0,2,4.001624659611802e-06,350000.0,False,True,repeated value in upper 1% tail
1983,467500.0,4,8.003249319223605e-06,350000.0,False,True,repeated value in upper 1% tail
1983,467879.5,2,4.001624659611802e-06,350000.0,False,True,repeated value in upper 1% tail
1983,468000.0,7,1.4005686308641308e-05,350000.0,False,True,repeated value in upper 1% tail
1983,468434.5,2,4.001624659611802e-06,350000.0,False,True,repeated value in upper 1% tail
1983,469159.0,3,6.002436989417704e-06,350000.0,False,True,repeated value in upper 1% tail
1983,470000.0,12,2.4009747957670815e-05,350000.0,False,True,repeated value in upper 1% tail
1983,471000.0,3,6.002436989417704e-06,350000.0,False,True,repeated value in upper 1% tail
1983,471250.0,4,8.003249319223605e-06,350000.0,False,True,repeated value in upper 1% tail
1983,471666.6666666667,3,6.002436989417704e-06,350000.0,False,True,repeated value in upper 1% tail
1983,471747.6666666667,3,6.002436989417704e-06,350000.0,False,True,repeated value in upper 1% tail
1983,472000.0,2,4.001624659611802e-06,350000.0,False,True,repeated value in upper 1% tail
1983,472857.14285714284,8,1.600649863844721e-05,350000.0,False,True,repeated value in upper 1% tail
1983,473333.3333333333,4,8.003249319223605e-06,350000.0,False,True,repeated value in upper 1% tail
1983,473350.0,2,4.001624659611802e-06,350000.0,False,True,repeated value in upper 1% tail
1983,473400.0,5,1.0004061649029505e-05,350000.0,False,True,repeated value in upper 1% tail
1983,473515.0,2,4.001624659611802e-06,350000.0,False,True,repeated value in upper 1% tail
1983,473662.5,2,4.001624659611802e-06,350000.0,False,True,repeated value in upper 1% tail
1983,474193.5,5,1.0004061649029505e-05,350000.0,False,True,repeated value in upper 1% tail
1983,474950.0,5,1.0004061649029505e-05,350000.0,False,True,repeated value in upper 1% tail
1983,475000.0,15,3.0012184947088518e-05,350000.0,False,True,repeated value in upper 1% tail
1983,475800.0,4,8.003249319223605e-06,350000.0,False,True,repeated value in upper 1% tail
1983,475833.3333333333,3,6.002436989417704e-06,350000.0,False,True,repeated value in upper 1% tail
1983,475912.6666666667,3,6.002436989417704e-06,350000.0,False,True,repeated value in upper 1% tail
1983,476194.0,4,8.003249319223605e-06,350000.0,False,True,repeated value in upper 1% tail
1983,477000.0,2,4.001624659611802e-06,350000.0,False,True,repeated value in upper 1% tail
1983,478258.6666666667,3,6.002436989417704e-06,350000.0,False,True,repeated value in upper 1% tail
1983,480000.0,12,2.4009747957670815e-05,350000.0,False,True,repeated value in upper 1% tail
1983,480246.0,3,6.002436989417704e-06,350000.0,False,True,repeated value in upper 1% tail
1983,480500.0,2,4.001624659611802e-06,350000.0,False,True,repeated value in upper 1% tail
1983,481500.0,2,4.001624659611802e-06,350000.0,False,True,repeated value in upper 1% tail
1983,481785.0,2,4.001624659611802e-06,350000.0,False,True,repeated value in upper 1% tail
1983,482272.5,2,4.001624659611802e-06,350000.0,False,True,repeated value in upper 1% tail
1983,482500.0,2,4.001624659611802e-06,350000.0,False,True,repeated value in upper 1% tail
1983,482776.5,6,1.2004873978835408e-05,350000.0,False,True,repeated value in upper 1% tail
1983,482880.0,2,4.001624659611802e-06,350000.0,False,True,repeated value in upper 1% tail
1983,483166.6666666667,3,6.002436989417704e-06,350000.0,False,True,repeated value in upper 1% tail
1983,483333.3333333333,3,6.002436989417704e-06,350000.0,False,True,repeated value in upper 1% tail
1983,485000.0,8,1.600649863844721e-05,350000.0,False,True,repeated value in upper 1% tail
1983,485666.6666666667,6,1.2004873978835408e-05,350000.0,False,True,repeated value in upper 1% tail
1983,486666.6666666667,6,1.2004873978835408e-05,350000.0,False,True,repeated value in upper 1% tail
1983,487000.0,2,4.001624659611802e-06,350000.0,False,True,repeated value in upper 1% tail
1983,488000.0,2,4.001624659611802e-06,350000.0,False,True,repeated value in upper 1% tail
1983,488333.3333333333,3,6.002436989417704e-06,350000.0,False,True,repeated value in upper 1% tail
1983,489300.0,2,4.001624659611802e-06,350000.0,False,True,repeated value in upper 1% tail
1983,490000.0,9,1.800731096825311e-05,350000.0,False,True,repeated value in upper 1% tail
1983,490210.0,2,4.001624659611802e-06,350000.0,False,True,repeated value in upper 1% tail
1983,491000.0,3,6.002436989417704e-06,350000.0,False,True,repeated value in upper 1% tail
1983,491769.0,2,4.001624659611802e-06,350000.0,False,True,repeated value in upper 1% tail
1983,492325.0,2,4.001624659611802e-06,350000.0,False,True,repeated value in upper 1% tail
1983,492500.0,6,1.2004873978835408e-05,350000.0,False,True,repeated value in upper 1% tail
1983,492666.6666666667,3,6.002436989417704e-06,350000.0,False,True,repeated value in upper 1% tail
1983,493164.0,2,4.001624659611802e-06,350000.0,False,True,repeated value in upper 1% tail
1983,493333.3333333333,3,6.002436989417704e-06,350000.0,False,True,repeated value in upper 1% tail
1983,494500.0,3,6.002436989417704e-06,350000.0,False,True,repeated value in upper 1% tail
1983,495000.0,8,1.600649863844721e-05,350000.0,False,True,repeated value in upper 1% tail
1983,496533.5,2,4.001624659611802e-06,350000.0,False,True,repeated value in upper 1% tail
1983,496666.6666666667,4,8.003249319223605e-06,350000.0,False,True,repeated value in upper 1% tail
1983,497625.0,5,1.0004061649029505e-05,350000.0,False,True,repeated value in upper 1% tail
1983,498250.0,4,8.003249319223605e-06,350000.0,False,True,repeated value in upper 1% tail
1983,498354.3333333333,5,1.0004061649029505e-05,350000.0,False,True,repeated value in upper 1% tail
1983,499000.0,2,4.001624659611802e-06,350000.0,False,True,repeated value in upper 1% tail
1983,499405.0,2,4.001624659611802e-06,350000.0,False,True,repeated value in upper 1% tail
1983,499750.0,4,8.003249319223605e-06,350000.0,False,True,repeated value in upper 1% tail
1983,500000.0,179,0.00035814540703525634,350000.0,False,True,repeated value in upper 1% tail
1983,500194.75,4,8.003249319223605e-06,350000.0,False,True,repeated value in upper 1% tail
1983,500972.25,4,8.003249319223605e-06,350000.0,False,True,repeated value in upper 1% tail
1983,501000.0,10,2.000812329805901e-05,350000.0,False,True,repeated value in upper 1% tail
1983,501666.6666666667,3,6.002436989417704e-06,350000.0,False,True,repeated value in upper 1% tail
1983,502000.0,3,6.002436989417704e-06,350000.0,False,True,repeated value in upper 1% tail
1983,502500.0,3,6.002436989417704e-06,350000.0,False,True,repeated value in upper 1% tail
1983,503250.0,3,6.002436989417704e-06,350000.0,False,True,repeated value in upper 1% tail
1983,503333.3333333333,4,8.003249319223605e-06,350000.0,False,True,repeated value in upper 1% tail
1983,504139.5,2,4.001624659611802e-06,350000.0,False,True,repeated value in upper 1% tail
1983,504475.0,2,4.001624659611802e-06,350000.0,False,True,repeated value in upper 1% tail
1983,505000.0,12,2.4009747957670815e-05,350000.0,False,True,repeated value in upper 1% tail
1983,505984.0,2,4.001624659611802e-06,350000.0,False,True,repeated value in upper 1% tail
1983,506500.0,2,4.001624659611802e-06,350000.0,False,True,repeated value in upper 1% tail
1983,507000.0,3,6.002436989417704e-06,350000.0,False,True,repeated value in upper 1% tail
1983,507500.0,4,8.003249319223605e-06,350000.0,False,True,repeated value in upper 1% tail
1983,508000.0,4,8.003249319223605e-06,350000.0,False,True,repeated value in upper 1% tail
1983,508625.0,4,8.003249319223605e-06,350000.0,False,True,repeated value in upper 1% tail
1983,508680.5,2,4.001624659611802e-06,350000.0,False,True,repeated value in upper 1% tail
1983,509000.0,9,1.800731096825311e-05,350000.0,False,True,repeated value in upper 1% tail
1983,509166.6666666667,6,1.2004873978835408e-05,350000.0,False,True,repeated value in upper 1% tail
1983,509400.0,5,1.0004061649029505e-05,350000.0,False,True,repeated value in upper 1% tail
1983,510000.0,9,1.800731096825311e-05,350000.0,False,True,repeated value in upper 1% tail
1983,510273.0,3,6.002436989417704e-06,350000.0,False,True,repeated value in upper 1% tail
1983,511420.0,5,1.0004061649029505e-05,350000.0,False,True,repeated value in upper 1% tail
1983,512500.0,4,8.003249319223605e-06,350000.0,False,True,repeated value in upper 1% tail
1983,513333.3333333333,3,6.002436989417704e-06,350000.0,False,True,repeated value in upper 1% tail
1983,514000.0,6,1.2004873978835408e-05,350000.0,False,True,repeated value in upper 1% tail
1983,514666.6666666667,3,6.002436989417704e-06,350000.0,False,True,repeated value in upper 1% tail
1983,514866.6666666667,5,1.0004061649029505e-05,350000.0,False,True,repeated value in upper 1% tail
1983,515000.0,14,2.8011372617282617e-05,350000.0,False,True,repeated value in upper 1% tail
1983,516666.6666666667,3,6.002436989417704e-06,350000.0,False,True,repeated value in upper 1% tail
1983,517066.6666666667,3,6.002436989417704e-06,350000.0,False,True,repeated value in upper 1% tail
1983,517500.0,5,1.0004061649029505e-05,350000.0,False,True,repeated value in upper 1% tail
1983,518750.0,5,1.0004061649029505e-05,350000.0,False,True,repeated value in upper 1% tail
1983,519000.0,6,1.2004873978835408e-05,350000.0,False,True,repeated value in upper 1% tail
1983,520000.0,23,4.601868358553573e-05,350000.0,False,True,repeated value in upper 1% tail
1983,520298.75,5,1.0004061649029505e-05,350000.0,False,True,repeated value in upper 1% tail
1983,520447.5,2,4.001624659611802e-06,350000.0,False,True,repeated value in upper 1% tail
1983,521640.0,2,4.001624659611802e-06,350000.0,False,True,repeated value in upper 1% tail
1983,522500.0,2,4.001624659611802e-06,350000.0,False,True,repeated value in upper 1% tail
1983,523000.0,2,4.001624659611802e-06,350000.0,False,True,repeated value in upper 1% tail
1983,523100.0,2,4.001624659611802e-06,350000.0,False,True,repeated value in upper 1% tail
1983,523200.0,3,6.002436989417704e-06,350000.0,False,True,repeated value in upper 1% tail
1983,523333.3333333333,7,1.4005686308641308e-05,350000.0,False,True,repeated value in upper 1% tail
1983,524347.6,5,1.0004061649029505e-05,350000.0,False,True,repeated value in upper 1% tail
1983,525000.0,13,2.6010560287476716e-05,350000.0,False,True,repeated value in upper 1% tail
1983,525250.0,2,4.001624659611802e-06,350000.0,False,True,repeated value in upper 1% tail
1983,525970.75,4,8.003249319223605e-06,350000.0,False,True,repeated value in upper 1% tail
1983,526250.0,2,4.001624659611802e-06,350000.0,False,True,repeated value in upper 1% tail
1983,527000.0,3,6.002436989417704e-06,350000.0,False,True,repeated value in upper 1% tail
1983,530000.0,7,1.4005686308641308e-05,350000.0,False,True,repeated value in upper 1% tail
1983,530045.0,4,8.003249319223605e-06,350000.0,False,True,repeated value in upper 1% tail
1983,530250.0,5,1.0004061649029505e-05,350000.0,False,True,repeated value in upper 1% tail
1983,530500.0,3,6.002436989417704e-06,350000.0,False,True,repeated value in upper 1% tail
1983,531333.3333333334,4,8.003249319223605e-06,350000.0,False,True,repeated value in upper 1% tail
1983,532500.0,4,8.003249319223605e-06,350000.0,False,True,repeated value in upper 1% tail
1983,533333.3333333334,15,3.0012184947088518e-05,350000.0,False,True,repeated value in upper 1% tail
1983,535000.0,7,1.4005686308641308e-05,350000.0,False,True,repeated value in upper 1% tail
1983,535184.0,5,1.0004061649029505e-05,350000.0,False,True,repeated value in upper 1% tail
1983,536000.0,2,4.001624659611802e-06,350000.0,False,True,repeated value in upper 1% tail
1983,536666.6666666666,3,6.002436989417704e-06,350000.0,False,True,repeated value in upper 1% tail
1983,536999.0,3,6.002436989417704e-06,350000.0,False,True,repeated value in upper 1% tail
1983,537500.0,2,4.001624659611802e-06,350000.0,False,True,repeated value in upper 1% tail
1983,540000.0,9,1.800731096825311e-05,350000.0,False,True,repeated value in upper 1% tail
1983,540175.3333333334,3,6.002436989417704e-06,350000.0,False,True,repeated value in upper 1% tail
1983,540800.0,4,8.003249319223605e-06,350000.0,False,True,repeated value in upper 1% tail
1983,542500.0,7,1.4005686308641308e-05,350000.0,False,True,repeated value in upper 1% tail
1983,544000.0,3,6.002436989417704e-06,350000.0,False,True,repeated value in upper 1% tail
1983,544500.0,5,1.0004061649029505e-05,350000.0,False,True,repeated value in upper 1% tail
1983,544666.6666666666,4,8.003249319223605e-06,350000.0,False,True,repeated value in upper 1% tail
1983,545000.0,5,1.0004061649029505e-05,350000.0,False,True,repeated value in upper 1% tail
1983,546918.0,2,4.001624659611802e-06,350000.0,False,True,repeated value in upper 1% tail
1983,547500.0,8,1.600649863844721e-05,350000.0,False,True,repeated value in upper 1% tail
1983,547785.0,2,4.001624659611802e-06,350000.0,False,True,repeated value in upper 1% tail
1983,550000.0,40,8.003249319223604e-05,350000.0,False,True,repeated value in upper 1% tail
1983,550140.0,2,4.001624659611802e-06,350000.0,False,True,repeated value in upper 1% tail
1983,550150.0,2,4.001624659611802e-06,350000.0,False,True,repeated value in upper 1% tail
1983,550720.0,2,4.001624659611802e-06,350000.0,False,True,repeated value in upper 1% tail
1983,551394.0,2,4.001624659611802e-06,350000.0,False,True,repeated value in upper 1% tail
1983,552000.0,2,4.001624659611802e-06,350000.0,False,True,repeated value in upper 1% tail
1983,553500.0,3,6.002436989417704e-06,350000.0,False,True,repeated value in upper 1% tail
1983,555000.0,4,8.003249319223605e-06,350000.0,False,True,repeated value in upper 1% tail
1983,555180.0,2,4.001624659611802e-06,350000.0,False,True,repeated value in upper 1% tail
1983,555647.0,2,4.001624659611802e-06,350000.0,False,True,repeated value in upper 1% tail
1983,555820.0,2,4.001624659611802e-06,350000.0,False,True,repeated value in upper 1% tail
1983,555833.3333333334,3,6.002436989417704e-06,350000.0,False,True,repeated value in upper 1% tail
1983,556000.0,3,6.002436989417704e-06,350000.0,False,True,repeated value in upper 1% tail
1983,556250.0,4,8.003249319223605e-06,350000.0,False,True,repeated value in upper 1% tail
1983,557500.0,4,8.003249319223605e-06,350000.0,False,True,repeated value in upper 1% tail
1983,557640.6666666666,3,6.002436989417704e-06,350000.0,False,True,repeated value in upper 1% tail
1983,557666.6666666666,6,1.2004873978835408e-05,350000.0,False,True,repeated value in upper 1% tail
1983,558650.0,2,4.001624659611802e-06,350000.0,False,True,repeated value in upper 1% tail
1983,560000.0,6,1.2004873978835408e-05,350000.0,False,True,repeated value in upper 1% tail
1983,560333.3333333334,3,6.002436989417704e-06,350000.0,False,True,repeated value in upper 1% tail
1983,560399.0,2,4.001624659611802e-06,350000.0,False,True,repeated value in upper 1% tail
1983,561200.0,9,1.800731096825311e-05,350000.0,False,True,repeated value in upper 1% tail
1983,561250.0,3,6.002436989417704e-06,350000.0,False,True,repeated value in upper 1% tail
1983,562250.0,4,8.003249319223605e-06,350000.0,False,True,repeated value in upper 1% tail
1983,563000.0,5,1.0004061649029505e-05,350000.0,False,True,repeated value in upper 1% tail
1983,565000.0,2,4.001624659611802e-06,350000.0,False,True,repeated value in upper 1% tail
1983,565333.3333333334,4,8.003249319223605e-06,350000.0,False,True,repeated value in upper 1% tail
1983,566250.0,4,8.003249319223605e-06,350000.0,False,True,repeated value in upper 1% tail
1983,566500.0,2,4.001624659611802e-06,350000.0,False,True,repeated value in upper 1% tail
1983,566666.6666666666,19,3.801543426631212e-05,350000.0,False,True,repeated value in upper 1% tail
1983,567000.0,4,8.003249319223605e-06,350000.0,False,True,repeated value in upper 1% tail
1983,567733.5,2,4.001624659611802e-06,350000.0,False,True,repeated value in upper 1% tail
1983,568000.0,7,1.4005686308641308e-05,350000.0,False,True,repeated value in upper 1% tail
1983,570000.0,6,1.2004873978835408e-05,350000.0,False,True,repeated value in upper 1% tail
1983,571428.5714285715,7,1.4005686308641308e-05,350000.0,False,True,repeated value in upper 1% tail
1983,572500.0,5,1.0004061649029505e-05,350000.0,False,True,repeated value in upper 1% tail
1983,574654.25,10,2.000812329805901e-05,350000.0,False,True,repeated value in upper 1% tail
1983,575000.0,9,1.800731096825311e-05,350000.0,False,True,repeated value in upper 1% tail
1983,576000.0,4,8.003249319223605e-06,350000.0,False,True,repeated value in upper 1% tail
1983,577500.0,4,8.003249319223605e-06,350000.0,False,True,repeated value in upper 1% tail
1983,577750.0,2,4.001624659611802e-06,350000.0,False,True,repeated value in upper 1% tail
1983,578333.3333333334,3,6.002436989417704e-06,350000.0,False,True,repeated value in upper 1% tail
1983,579000.0,4,8.003249319223605e-06,350000.0,False,True,repeated value in upper 1% tail
1983,579500.0,2,4.001624659611802e-06,350000.0,False,True,repeated value in upper 1% tail
1983,580000.0,6,1.2004873978835408e-05,350000.0,False,True,repeated value in upper 1% tail
1983,581080.0,5,1.0004061649029505e-05,350000.0,False,True,repeated value in upper 1% tail
1983,581684.5,2,4.001624659611802e-06,350000.0,False,True,repeated value in upper 1% tail
1983,583500.0,2,4.001624659611802e-06,350000.0,False,True,repeated value in upper 1% tail
1983,585000.0,2,4.001624659611802e-06,350000.0,False,True,repeated value in upper 1% tail
1983,585759.0,4,8.003249319223605e-06,350000.0,False,True,repeated value in upper 1% tail
1983,586000.0,9,1.800731096825311e-05,350000.0,False,True,repeated value in upper 1% tail
1983,586250.0,4,8.003249319223605e-06,350000.0,False,True,repeated value in upper 1% tail
1983,587925.5,2,4.001624659611802e-06,350000.0,False,True,repeated value in upper 1% tail
1983,590000.0,3,6.002436989417704e-06,350000.0,False,True,repeated value in upper 1% tail
1983,592500.0,14,2.8011372617282617e-05,350000.0,False,True,repeated value in upper 1% tail
1983,593333.3333333334,3,6.002436989417704e-06,350000.0,False,True,repeated value in upper 1% tail
1983,593454.0,2,4.001624659611802e-06,350000.0,False,True,repeated value in upper 1% tail
1983,595000.0,7,1.4005686308641308e-05,350000.0,False,True,repeated value in upper 1% tail
1983,595666.6666666666,9,1.800731096825311e-05,350000.0,False,True,repeated value in upper 1% tail
1983,597500.0,4,8.003249319223605e-06,350000.0,False,True,repeated value in upper 1% tail
1983,597937.5,6,1.2004873978835408e-05,350000.0,False,True,repeated value in upper 1% tail
1983,598500.0,3,6.002436989417704e-06,350000.0,False,True,repeated value in upper 1% tail
1983,600000.0,95,0.00019007717133156062,350000.0,False,True,repeated value in upper 1% tail
1983,600579.3333333334,3,6.002436989417704e-06,350000.0,False,True,repeated value in upper 1% tail
1983,601000.0,4,8.003249319223605e-06,350000.0,False,True,repeated value in upper 1% tail
1983,601155.0,3,6.002436989417704e-06,350000.0,False,True,repeated value in upper 1% tail
1983,602500.0,2,4.001624659611802e-06,350000.0,False,True,repeated value in upper 1% tail
1983,603000.0,6,1.2004873978835408e-05,350000.0,False,True,repeated value in upper 1% tail
1983,605000.0,6,1.2004873978835408e-05,350000.0,False,True,repeated value in upper 1% tail
1983,606500.0,4,8.003249319223605e-06,350000.0,False,True,repeated value in upper 1% tail
1983,606611.0,2,4.001624659611802e-06,350000.0,False,True,repeated value in upper 1% tail
1983,606750.0,5,1.0004061649029505e-05,350000.0,False,True,repeated value in upper 1% tail
1983,607500.0,2,4.001624659611802e-06,350000.0,False,True,repeated value in upper 1% tail
1983,607922.25,4,8.003249319223605e-06,350000.0,False,True,repeated value in upper 1% tail
1983,610000.0,7,1.4005686308641308e-05,350000.0,False,True,repeated value in upper 1% tail
1983,611365.5,2,4.001624659611802e-06,350000.0,False,True,repeated value in upper 1% tail
1983,611375.0,5,1.0004061649029505e-05,350000.0,False,True,repeated value in upper 1% tail
1983,612000.0,3,6.002436989417704e-06,350000.0,False,True,repeated value in upper 1% tail
1983,612500.0,8,1.600649863844721e-05,350000.0,False,True,repeated value in upper 1% tail
1983,612820.4,8,1.600649863844721e-05,350000.0,False,True,repeated value in upper 1% tail
1983,613333.3333333334,4,8.003249319223605e-06,350000.0,False,True,repeated value in upper 1% tail
1983,615000.0,5,1.0004061649029505e-05,350000.0,False,True,repeated value in upper 1% tail
1983,615597.5,3,6.002436989417704e-06,350000.0,False,True,repeated value in upper 1% tail
1983,617500.0,4,8.003249319223605e-06,350000.0,False,True,repeated value in upper 1% tail
1983,618000.0,2,4.001624659611802e-06,350000.0,False,True,repeated value in upper 1% tail
1983,618250.0,2,4.001624659611802e-06,350000.0,False,True,repeated value in upper 1% tail
1983,618704.0,2,4.001624659611802e-06,350000.0,False,True,repeated value in upper 1% tail
1983,620000.0,2,4.001624659611802e-06,350000.0,False,True,repeated value in upper 1% tail
1983,620500.0,2,4.001624659611802e-06,350000.0,False,True,repeated value in upper 1% tail
1983,620857.5,2,4.001624659611802e-06,350000.0,False,True,repeated value in upper 1% tail
1983,623333.3333333334,3,6.002436989417704e-06,350000.0,False,True,repeated value in upper 1% tail
1983,625000.0,17,3.401380960670032e-05,350000.0,False,True,repeated value in upper 1% tail
1983,625225.0,2,4.001624659611802e-06,350000.0,False,True,repeated value in upper 1% tail
1983,629000.0,3,6.002436989417704e-06,350000.0,False,True,repeated value in upper 1% tail
1983,630699.1428571428,7,1.4005686308641308e-05,350000.0,False,True,repeated value in upper 1% tail
1983,631500.0,6,1.2004873978835408e-05,350000.0,False,True,repeated value in upper 1% tail
1983,631666.6666666666,4,8.003249319223605e-06,350000.0,False,True,repeated value in upper 1% tail
1983,633333.3333333334,9,1.800731096825311e-05,350000.0,False,True,repeated value in upper 1% tail
1983,633369.0,4,8.003249319223605e-06,350000.0,False,True,repeated value in upper 1% tail
1983,633500.0,2,4.001624659611802e-06,350000.0,False,True,repeated value in upper 1% tail
1983,635000.0,2,4.001624659611802e-06,350000.0,False,True,repeated value in upper 1% tail
1983,635192.75,5,1.0004061649029505e-05,350000.0,False,True,repeated value in upper 1% tail
1983,635500.0,2,4.001624659611802e-06,350000.0,False,True,repeated value in upper 1% tail
1983,637022.5,3,6.002436989417704e-06,350000.0,False,True,repeated value in upper 1% tail
1983,637700.0,5,1.0004061649029505e-05,350000.0,False,True,repeated value in upper 1% tail
1983,637750.0,2,4.001624659611802e-06,350000.0,False,True,repeated value in upper 1% tail
1983,642686.0,2,4.001624659611802e-06,350000.0,False,True,repeated value in upper 1% tail
1983,643200.0,3,6.002436989417704e-06,350000.0,False,True,repeated value in upper 1% tail
1983,644000.0,5,1.0004061649029505e-05,350000.0,False,True,repeated value in upper 1% tail
1983,644857.5,6,1.2004873978835408e-05,350000.0,False,True,repeated value in upper 1% tail
1983,648000.0,5,1.0004061649029505e-05,350000.0,False,True,repeated value in upper 1% tail
1983,650000.0,13,2.6010560287476716e-05,350000.0,False,True,repeated value in upper 1% tail
1983,650533.2,5,1.0004061649029505e-05,350000.0,False,True,repeated value in upper 1% tail
1983,652026.0,2,4.001624659611802e-06,350000.0,False,True,repeated value in upper 1% tail
1983,656943.0,2,4.001624659611802e-06,350000.0,False,True,repeated value in upper 1% tail
1983,660000.0,11,2.2008935627864915e-05,350000.0,False,True,repeated value in upper 1% tail
1983,661916.5,3,6.002436989417704e-06,350000.0,False,True,repeated value in upper 1% tail
1983,662500.0,3,6.002436989417704e-06,350000.0,False,True,repeated value in upper 1% tail
1983,666666.6666666666,35,7.002843154320654e-05,350000.0,False,True,repeated value in upper 1% tail
1983,667000.0,4,8.003249319223605e-06,350000.0,False,True,repeated value in upper 1% tail
1983,667246.0,4,8.003249319223605e-06,350000.0,False,True,repeated value in upper 1% tail
1983,667500.0,6,1.2004873978835408e-05,350000.0,False,True,repeated value in upper 1% tail
1983,669250.0,2,4.001624659611802e-06,350000.0,False,True,repeated value in upper 1% tail
1983,670000.0,6,1.2004873978835408e-05,350000.0,False,True,repeated value in upper 1% tail
1983,670383.0,2,4.001624659611802e-06,350000.0,False,True,repeated value in upper 1% tail
1983,673750.0,4,8.003249319223605e-06,350000.0,False,True,repeated value in upper 1% tail
1983,674500.0,2,4.001624659611802e-06,350000.0,False,True,repeated value in upper 1% tail
1983,675000.0,3,6.002436989417704e-06,350000.0,False,True,repeated value in upper 1% tail
1983,676290.5,2,4.001624659611802e-06,350000.0,False,True,repeated value in upper 1% tail
1983,676666.6666666666,3,6.002436989417704e-06,350000.0,False,True,repeated value in upper 1% tail
1983,677500.0,2,4.001624659611802e-06,350000.0,False,True,repeated value in upper 1% tail
1983,678333.3333333334,3,6.002436989417704e-06,350000.0,False,True,repeated value in upper 1% tail
1983,680000.0,6,1.2004873978835408e-05,350000.0,False,True,repeated value in upper 1% tail
1983,681250.0,2,4.001624659611802e-06,350000.0,False,True,repeated value in upper 1% tail
1983,682500.0,6,1.2004873978835408e-05,350000.0,False,True,repeated value in upper 1% tail
1983,683333.3333333334,3,6.002436989417704e-06,350000.0,False,True,repeated value in upper 1% tail
1983,684666.6666666666,6,1.2004873978835408e-05,350000.0,False,True,repeated value in upper 1% tail
1983,685000.0,5,1.0004061649029505e-05,350000.0,False,True,repeated value in upper 1% tail
1983,685376.3333333334,3,6.002436989417704e-06,350000.0,False,True,repeated value in upper 1% tail
1983,686666.6666666666,4,8.003249319223605e-06,350000.0,False,True,repeated value in upper 1% tail
1983,687265.0,4,8.003249319223605e-06,350000.0,False,True,repeated value in upper 1% tail
1983,688333.3333333334,4,8.003249319223605e-06,350000.0,False,True,repeated value in upper 1% tail
1983,690000.0,2,4.001624659611802e-06,350000.0,False,True,repeated value in upper 1% tail
1983,692000.0,3,6.002436989417704e-06,350000.0,False,True,repeated value in upper 1% tail
1983,693333.3333333334,3,6.002436989417704e-06,350000.0,False,True,repeated value in upper 1% tail
1983,694000.0,2,4.001624659611802e-06,350000.0,False,True,repeated value in upper 1% tail
1983,695000.0,2,4.001624659611802e-06,350000.0,False,True,repeated value in upper 1% tail
1983,695129.3333333334,3,6.002436989417704e-06,350000.0,False,True,repeated value in upper 1% tail
1983,699333.3333333334,3,6.002436989417704e-06,350000.0,False,True,repeated value in upper 1% tail
1983,700000.0,42,8.403411785184784e-05,350000.0,False,True,repeated value in upper 1% tail
1983,700500.0,2,4.001624659611802e-06,350000.0,False,True,repeated value in upper 1% tail
1983,704000.0,2,4.001624659611802e-06,350000.0,False,True,repeated value in upper 1% tail
1983,705000.0,2,4.001624659611802e-06,350000.0,False,True,repeated value in upper 1% tail
1983,706000.0,2,4.001624659611802e-06,350000.0,False,True,repeated value in upper 1% tail
1983,707500.0,2,4.001624659611802e-06,350000.0,False,True,repeated value in upper 1% tail
1983,710000.0,7,1.4005686308641308e-05,350000.0,False,True,repeated value in upper 1% tail
1983,711333.3333333334,5,1.0004061649029505e-05,350000.0,False,True,repeated value in upper 1% tail
1983,713100.0,2,4.001624659611802e-06,350000.0,False,True,repeated value in upper 1% tail
1983,714104.0,2,4.001624659611802e-06,350000.0,False,True,repeated value in upper 1% tail
1983,715000.0,5,1.0004061649029505e-05,350000.0,False,True,repeated value in upper 1% tail
1983,716500.0,2,4.001624659611802e-06,350000.0,False,True,repeated value in upper 1% tail
1983,716666.6666666666,3,6.002436989417704e-06,350000.0,False,True,repeated value in upper 1% tail
1983,717500.0,4,8.003249319223605e-06,350000.0,False,True,repeated value in upper 1% tail
1983,717806.0,3,6.002436989417704e-06,350000.0,False,True,repeated value in upper 1% tail
1983,720000.0,6,1.2004873978835408e-05,350000.0,False,True,repeated value in upper 1% tail
1983,721500.0,2,4.001624659611802e-06,350000.0,False,True,repeated value in upper 1% tail
1983,721666.6666666666,3,6.002436989417704e-06,350000.0,False,True,repeated value in upper 1% tail
1983,723250.0,6,1.2004873978835408e-05,350000.0,False,True,repeated value in upper 1% tail
1983,723333.3333333334,4,8.003249319223605e-06,350000.0,False,True,repeated value in upper 1% tail
1983,725000.0,11,2.2008935627864915e-05,350000.0,False,True,repeated value in upper 1% tail
1983,728500.0,4,8.003249319223605e-06,350000.0,False,True,repeated value in upper 1% tail
1983,730000.0,8,1.600649863844721e-05,350000.0,False,True,repeated value in upper 1% tail
1983,744000.0,2,4.001624659611802e-06,350000.0,False,True,repeated value in upper 1% tail
1983,745000.0,2,4.001624659611802e-06,350000.0,False,True,repeated value in upper 1% tail
1983,746000.0,2,4.001624659611802e-06,350000.0,False,True,repeated value in upper 1% tail
1983,747333.3333333334,3,6.002436989417704e-06,350000.0,False,True,repeated value in upper 1% tail
1983,747500.0,2,4.001624659611802e-06,350000.0,False,True,repeated value in upper 1% tail
1983,750000.0,52,0.00010404224114990686,350000.0,False,True,repeated value in upper 1% tail
1983,750500.0,4,8.003249319223605e-06,350000.0,False,True,repeated value in upper 1% tail
1983,750530.5,3,6.002436989417704e-06,350000.0,False,True,repeated value in upper 1% tail
1983,756000.0,5,1.0004061649029505e-05,350000.0,False,True,repeated value in upper 1% tail
1983,756666.6666666666,3,6.002436989417704e-06,350000.0,False,True,repeated value in upper 1% tail
1983,758694.0,4,8.003249319223605e-06,350000.0,False,True,repeated value in upper 1% tail
1983,760000.0,10,2.000812329805901e-05,350000.0,False,True,repeated value in upper 1% tail
1983,764695.4,5,1.0004061649029505e-05,350000.0,False,True,repeated value in upper 1% tail
1983,765000.0,2,4.001624659611802e-06,350000.0,False,True,repeated value in upper 1% tail
1983,766666.6666666666,5,1.0004061649029505e-05,350000.0,False,True,repeated value in upper 1% tail
1983,767500.0,3,6.002436989417704e-06,350000.0,False,True,repeated value in upper 1% tail
1983,768369.0,4,8.003249319223605e-06,350000.0,False,True,repeated value in upper 1% tail
1983,772568.25,6,1.2004873978835408e-05,350000.0,False,True,repeated value in upper 1% tail
1983,773333.3333333334,4,8.003249319223605e-06,350000.0,False,True,repeated value in upper 1% tail
1983,775000.0,8,1.600649863844721e-05,350000.0,False,True,repeated value in upper 1% tail
1983,776738.0,4,8.003249319223605e-06,350000.0,False,True,repeated value in upper 1% tail
1983,778333.3333333334,5,1.0004061649029505e-05,350000.0,False,True,repeated value in upper 1% tail
1983,779832.0,2,4.001624659611802e-06,350000.0,False,True,repeated value in upper 1% tail
1983,780000.0,6,1.2004873978835408e-05,350000.0,False,True,repeated value in upper 1% tail
1983,783750.0,4,8.003249319223605e-06,350000.0,False,True,repeated value in upper 1% tail
1983,785000.0,6,1.2004873978835408e-05,350000.0,False,True,repeated value in upper 1% tail
1983,786500.0,4,8.003249319223605e-06,350000.0,False,True,repeated value in upper 1% tail
1983,787500.0,5,1.0004061649029505e-05,350000.0,False,True,repeated value in upper 1% tail
1983,787700.0,2,4.001624659611802e-06,350000.0,False,True,repeated value in upper 1% tail
1983,792000.0,3,6.002436989417704e-06,350000.0,False,True,repeated value in upper 1% tail
1983,793750.0,5,1.0004061649029505e-05,350000.0,False,True,repeated value in upper 1% tail
1983,795000.0,2,4.001624659611802e-06,350000.0,False,True,repeated value in upper 1% tail
1983,796159.0,2,4.001624659611802e-06,350000.0,False,True,repeated value in upper 1% tail
1983,800000.0,36,7.202924387301244e-05,350000.0,False,True,repeated value in upper 1% tail
1983,800440.0,5,1.0004061649029505e-05,350000.0,False,True,repeated value in upper 1% tail
1983,804500.0,2,4.001624659611802e-06,350000.0,False,True,repeated value in upper 1% tail
1983,806000.0,2,4.001624659611802e-06,350000.0,False,True,repeated value in upper 1% tail
1983,810000.0,5,1.0004061649029505e-05,350000.0,False,True,repeated value in upper 1% tail
1983,810500.0,5,1.0004061649029505e-05,350000.0,False,True,repeated value in upper 1% tail
1983,811700.0,4,8.003249319223605e-06,350000.0,False,True,repeated value in upper 1% tail
1983,812070.0,2,4.001624659611802e-06,350000.0,False,True,repeated value in upper 1% tail
1983,813500.0,4,8.003249319223605e-06,350000.0,False,True,repeated value in upper 1% tail
1983,817383.0,2,4.001624659611802e-06,350000.0,False,True,repeated value in upper 1% tail
1983,820000.0,2,4.001624659611802e-06,350000.0,False,True,repeated value in upper 1% tail
1983,822333.3333333334,3,6.002436989417704e-06,350000.0,False,True,repeated value in upper 1% tail
1983,825000.0,2,4.001624659611802e-06,350000.0,False,True,repeated value in upper 1% tail
1983,827760.0,3,6.002436989417704e-06,350000.0,False,True,repeated value in upper 1% tail
1983,828000.0,2,4.001624659611802e-06,350000.0,False,True,repeated value in upper 1% tail
1983,829619.0,2,4.001624659611802e-06,350000.0,False,True,repeated value in upper 1% tail
1983,830000.0,2,4.001624659611802e-06,350000.0,False,True,repeated value in upper 1% tail
1983,832500.0,6,1.2004873978835408e-05,350000.0,False,True,repeated value in upper 1% tail
1983,833333.3333333334,16,3.201299727689442e-05,350000.0,False,True,repeated value in upper 1% tail
1983,836750.0,3,6.002436989417704e-06,350000.0,False,True,repeated value in upper 1% tail
1983,840000.0,9,1.800731096825311e-05,350000.0,False,True,repeated value in upper 1% tail
1983,843500.0,2,4.001624659611802e-06,350000.0,False,True,repeated value in upper 1% tail
1983,843658.5,2,4.001624659611802e-06,350000.0,False,True,repeated value in upper 1% tail
1983,843666.6666666666,3,6.002436989417704e-06,350000.0,False,True,repeated value in upper 1% tail
1983,846666.6666666666,3,6.002436989417704e-06,350000.0,False,True,repeated value in upper 1% tail
1983,848738.0,2,4.001624659611802e-06,350000.0,False,True,repeated value in upper 1% tail
1983,850000.0,23,4.601868358553573e-05,350000.0,False,True,repeated value in upper 1% tail
1983,856666.6666666666,3,6.002436989417704e-06,350000.0,False,True,repeated value in upper 1% tail
1983,869500.0,2,4.001624659611802e-06,350000.0,False,True,repeated value in upper 1% tail
1983,872000.0,5,1.0004061649029505e-05,350000.0,False,True,repeated value in upper 1% tail
1983,875000.0,10,2.000812329805901e-05,350000.0,False,True,repeated value in upper 1% tail
1983,879950.0,2,4.001624659611802e-06,350000.0,False,True,repeated value in upper 1% tail
1983,884144.0,5,1.0004061649029505e-05,350000.0,False,True,repeated value in upper 1% tail
1983,900000.0,22,4.401787125572983e-05,350000.0,False,True,repeated value in upper 1% tail
1983,905000.0,2,4.001624659611802e-06,350000.0,False,True,repeated value in upper 1% tail
1983,910000.0,2,4.001624659611802e-06,350000.0,False,True,repeated value in upper 1% tail
1983,920000.0,2,4.001624659611802e-06,350000.0,False,True,repeated value in upper 1% tail
1983,922541.0,2,4.001624659611802e-06,350000.0,False,True,repeated value in upper 1% tail
1983,926000.0,2,4.001624659611802e-06,350000.0,False,True,repeated value in upper 1% tail
1983,927500.0,2,4.001624659611802e-06,350000.0,False,True,repeated value in upper 1% tail
1983,935000.0,4,8.003249319223605e-06,350000.0,False,True,repeated value in upper 1% tail
1983,950000.0,17,3.401380960670032e-05,350000.0,False,True,repeated value in upper 1% tail
1983,953000.0,2,4.001624659611802e-06,350000.0,False,True,repeated value in upper 1% tail
1983,960000.0,2,4.001624659611802e-06,350000.0,False,True,repeated value in upper 1% tail
1983,961000.0,2,4.001624659611802e-06,350000.0,False,True,repeated value in upper 1% tail
1983,965196.6666666666,3,6.002436989417704e-06,350000.0,False,True,repeated value in upper 1% tail
1983,975000.0,9,1.800731096825311e-05,350000.0,False,True,repeated value in upper 1% tail
1983,990000.0,5,1.0004061649029505e-05,350000.0,False,True,repeated value in upper 1% tail
1983,1000000.0,29,5.8023557564371134e-05,350000.0,False,True,repeated value in upper 1% tail
1983,1003000.0,2,4.001624659611802e-06,350000.0,False,True,repeated value in upper 1% tail
1983,1003250.0,2,4.001624659611802e-06,350000.0,False,True,repeated value in upper 1% tail
1983,1010000.0,5,1.0004061649029505e-05,350000.0,False,True,repeated value in upper 1% tail
1983,1012000.0,2,4.001624659611802e-06,350000.0,False,True,repeated value in upper 1% tail
1983,1015000.0,3,6.002436989417704e-06,350000.0,False,True,repeated value in upper 1% tail
1983,1018243.0,2,4.001624659611802e-06,350000.0,False,True,repeated value in upper 1% tail
1983,1021333.3333333334,3,6.002436989417704e-06,350000.0,False,True,repeated value in upper 1% tail
1983,1021359.5,2,4.001624659611802e-06,350000.0,False,True,repeated value in upper 1% tail
1983,1025000.0,11,2.2008935627864915e-05,350000.0,False,True,repeated value in upper 1% tail
1983,1028000.0,6,1.2004873978835408e-05,350000.0,False,True,repeated value in upper 1% tail
1983,1030000.0,2,4.001624659611802e-06,350000.0,False,True,repeated value in upper 1% tail
1983,1031465.3333333334,5,1.0004061649029505e-05,350000.0,False,True,repeated value in upper 1% tail
1983,1033333.3333333334,4,8.003249319223605e-06,350000.0,False,True,repeated value in upper 1% tail
1983,1035666.6666666666,3,6.002436989417704e-06,350000.0,False,True,repeated value in upper 1% tail
1983,1037261.0,5,1.0004061649029505e-05,350000.0,False,True,repeated value in upper 1% tail
1983,1050000.0,7,1.4005686308641308e-05,350000.0,False,True,repeated value in upper 1% tail
1983,1054992.0,2,4.001624659611802e-06,350000.0,False,True,repeated value in upper 1% tail
1983,1055000.0,2,4.001624659611802e-06,350000.0,False,True,repeated value in upper 1% tail
1983,1065500.0,3,6.002436989417704e-06,350000.0,False,True,repeated value in upper 1% tail
1983,1066000.0,2,4.001624659611802e-06,350000.0,False,True,repeated value in upper 1% tail
1983,1070000.0,2,4.001624659611802e-06,350000.0,False,True,repeated value in upper 1% tail
1983,1078000.0,3,6.002436989417704e-06,350000.0,False,True,repeated value in upper 1% tail
1983,1086666.6666666667,4,8.003249319223605e-06,350000.0,False,True,repeated value in upper 1% tail
1983,1087500.0,2,4.001624659611802e-06,350000.0,False,True,repeated value in upper 1% tail
1983,1090585.0,5,1.0004061649029505e-05,350000.0,False,True,repeated value in upper 1% tail
1983,1100000.0,5,1.0004061649029505e-05,350000.0,False,True,repeated value in upper 1% tail
1983,1118000.0,3,6.002436989417704e-06,350000.0,False,True,repeated value in upper 1% tail
1983,1120000.0,6,1.2004873978835408e-05,350000.0,False,True,repeated value in upper 1% tail
1983,1125000.0,7,1.4005686308641308e-05,350000.0,False,True,repeated value in upper 1% tail
1983,1140000.0,3,6.002436989417704e-06,350000.0,False,True,repeated value in upper 1% tail
1983,1140625.0,6,1.2004873978835408e-05,350000.0,False,True,repeated value in upper 1% tail
1983,1142500.0,3,6.002436989417704e-06,350000.0,False,True,repeated value in upper 1% tail
1983,1148000.0,2,4.001624659611802e-06,350000.0,False,True,repeated value in upper 1% tail
1983,1150000.0,5,1.0004061649029505e-05,350000.0,False,True,repeated value in upper 1% tail
1983,1166666.6666666667,4,8.003249319223605e-06,350000.0,False,True,repeated value in upper 1% tail
1983,1173880.0,2,4.001624659611802e-06,350000.0,False,True,repeated value in upper 1% tail
1983,1186666.6666666667,3,6.002436989417704e-06,350000.0,False,True,repeated value in upper 1% tail
1983,1195039.0,2,4.001624659611802e-06,350000.0,False,True,repeated value in upper 1% tail
1983,1200000.0,8,1.600649863844721e-05,350000.0,False,True,repeated value in upper 1% tail
1983,1205716.0,2,4.001624659611802e-06,350000.0,False,True,repeated value in upper 1% tail
1983,1250000.0,13,2.6010560287476716e-05,350000.0,False,True,repeated value in upper 1% tail
1983,1260000.0,5,1.0004061649029505e-05,350000.0,False,True,repeated value in upper 1% tail
1983,1263750.0,6,1.2004873978835408e-05,350000.0,False,True,repeated value in upper 1% tail
1983,1267830.0,2,4.001624659611802e-06,350000.0,False,True,repeated value in upper 1% tail
1983,1277000.0,2,4.001624659611802e-06,350000.0,False,True,repeated value in upper 1% tail
1983,1280000.0,5,1.0004061649029505e-05,350000.0,False,True,repeated value in upper 1% tail
1983,1300000.0,4,8.003249319223605e-06,350000.0,False,True,repeated value in upper 1% tail
1983,1310000.0,3,6.002436989417704e-06,350000.0,False,True,repeated value in upper 1% tail
1983,1371250.0,5,1.0004061649029505e-05,350000.0,False,True,repeated value in upper 1% tail
1983,1392462.6666666667,3,6.002436989417704e-06,350000.0,False,True,repeated value in upper 1% tail
1983,1424400.0,5,1.0004061649029505e-05,350000.0,False,True,repeated value in upper 1% tail
1983,1433333.3333333333,3,6.002436989417704e-06,350000.0,False,True,repeated value in upper 1% tail
1983,1440625.0,5,1.0004061649029505e-05,350000.0,False,True,repeated value in upper 1% tail
1983,1460000.0,2,4.001624659611802e-06,350000.0,False,True,repeated value in upper 1% tail
1983,1500000.0,8,1.600649863844721e-05,350000.0,False,True,repeated value in upper 1% tail
1983,1508333.3333333333,7,1.4005686308641308e-05,350000.0,False,True,repeated value in upper 1% tail
1983,1547666.6666666667,3,6.002436989417704e-06,350000.0,False,True,repeated value in upper 1% tail
1983,1550000.0,2,4.001624659611802e-06,350000.0,False,True,repeated value in upper 1% tail
1983,1587500.0,5,1.0004061649029505e-05,350000.0,False,True,repeated value in upper 1% tail
1983,1596000.0,2,4.001624659611802e-06,350000.0,False,True,repeated value in upper 1% tail
1983,1700000.0,2,4.001624659611802e-06,350000.0,False,True,repeated value in upper 1% tail
1983,1725000.0,2,4.001624659611802e-06,350000.0,False,True,repeated value in upper 1% tail
1983,1750000.0,4,8.003249319223605e-06,350000.0,False,True,repeated value in upper 1% tail
1983,1788500.0,4,8.003249319223605e-06,350000.0,False,True,repeated value in upper 1% tail
1983,1825000.0,2,4.001624659611802e-06,350000.0,False,True,repeated value in upper 1% tail
1983,1900000.0,5,1.0004061649029505e-05,350000.0,False,True,repeated value in upper 1% tail
1983,2000000.0,8,1.600649863844721e-05,350000.0,False,True,repeated value in upper 1% tail
1983,2004000.0,3,6.002436989417704e-06,350000.0,False,True,repeated value in upper 1% tail
1983,2007500.0,4,8.003249319223605e-06,350000.0,False,True,repeated value in upper 1% tail
1983,2066666.6666666667,3,6.002436989417704e-06,350000.0,False,True,repeated value in upper 1% tail
1983,2125000.0,4,8.003249319223605e-06,350000.0,False,True,repeated value in upper 1% tail
1983,2333333.3333333335,3,6.002436989417704e-06,350000.0,False,True,repeated value in upper 1% tail
1983,2605000.0,2,4.001624659611802e-06,350000.0,False,True,repeated value in upper 1% tail
1983,2615000.0,3,6.002436989417704e-06,350000.0,False,True,repeated value in upper 1% tail
1983,2673880.0,2,4.001624659611802e-06,350000.0,False,True,repeated value in upper 1% tail
1983,2955000.0,2,4.001624659611802e-06,350000.0,False,True,repeated value in upper 1% tail
1983,3000000.0,7,1.4005686308641308e-05,350000.0,False,True,repeated value in upper 1% tail
1983,3359000.0,5,1.0004061649029505e-05,350000.0,False,True,repeated value in upper 1% tail
1983,4300000.0,3,6.002436989417704e-06,350000.0,False,True,repeated value in upper 1% tail
1983,5250000.0,3,6.002436989417704e-06,350000.0,False,True,repeated value in upper 1% tail
1984,1000875.0,4,7.927966496413586e-06,1000875.0,False,True,repeated value in upper 1% tail
1984,1001187.5,4,7.927966496413586e-06,1000875.0,False,True,repeated value in upper 1% tail
1984,1001200.0,4,7.927966496413586e-06,1000875.0,False,True,repeated value in upper 1% tail
1984,1001250.0,2,3.963983248206793e-06,1000875.0,False,True,repeated value in upper 1% tail
1984,1001333.3333333334,4,7.927966496413586e-06,1000875.0,False,True,repeated value in upper 1% tail
1984,1001500.0,4,7.927966496413586e-06,1000875.0,False,True,repeated value in upper 1% tail
1984,1001619.0,3,5.945974872310189e-06,1000875.0,False,True,repeated value in upper 1% tail
1984,1001619.3333333334,3,5.945974872310189e-06,1000875.0,False,True,repeated value in upper 1% tail
1984,1001619.6666666666,3,5.945974872310189e-06,1000875.0,False,True,repeated value in upper 1% tail
1984,1002000.0,7,1.3873941368723776e-05,1000875.0,False,True,repeated value in upper 1% tail
1984,1002425.0,4,7.927966496413586e-06,1000875.0,False,True,repeated value in upper 1% tail
1984,1002429.0,5,9.909958120516983e-06,1000875.0,False,True,repeated value in upper 1% tail
1984,1002429.5,4,7.927966496413586e-06,1000875.0,False,True,repeated value in upper 1% tail
1984,1002500.0,8,1.585593299282717e-05,1000875.0,False,True,repeated value in upper 1% tail
1984,1003000.0,2,3.963983248206793e-06,1000875.0,False,True,repeated value in upper 1% tail
1984,1003238.6666666666,3,5.945974872310189e-06,1000875.0,False,True,repeated value in upper 1% tail
1984,1003333.3333333334,4,7.927966496413586e-06,1000875.0,False,True,repeated value in upper 1% tail
1984,1003500.0,2,3.963983248206793e-06,1000875.0,False,True,repeated value in upper 1% tail
1984,1003750.0,5,9.909958120516983e-06,1000875.0,False,True,repeated value in upper 1% tail
1984,1004000.0,5,9.909958120516983e-06,1000875.0,False,True,repeated value in upper 1% tail
1984,1004285.7142857143,7,1.3873941368723776e-05,1000875.0,False,True,repeated value in upper 1% tail
1984,1004572.6666666666,3,5.945974872310189e-06,1000875.0,False,True,repeated value in upper 1% tail
1984,1004858.5,5,9.909958120516983e-06,1000875.0,False,True,repeated value in upper 1% tail
1984,1004859.0,4,7.927966496413586e-06,1000875.0,False,True,repeated value in upper 1% tail
1984,1005000.0,11,2.1801907865137363e-05,1000875.0,False,True,repeated value in upper 1% tail
1984,1006250.0,4,7.927966496413586e-06,1000875.0,False,True,repeated value in upper 1% tail
1984,1007000.0,6,1.1891949744620378e-05,1000875.0,False,True,repeated value in upper 1% tail
1984,1007038.75,4,7.927966496413586e-06,1000875.0,False,True,repeated value in upper 1% tail
1984,1007429.5,4,7.927966496413586e-06,1000875.0,False,True,repeated value in upper 1% tail
1984,1008625.0,4,7.927966496413586e-06,1000875.0,False,True,repeated value in upper 1% tail
1984,1008679.5,4,7.927966496413586e-06,1000875.0,False,True,repeated value in upper 1% tail
1984,1009000.0,7,1.3873941368723776e-05,1000875.0,False,True,repeated value in upper 1% tail
1984,1010000.0,9,1.783792461693057e-05,1000875.0,False,True,repeated value in upper 1% tail
1984,1010301.0,4,7.927966496413586e-06,1000875.0,False,True,repeated value in upper 1% tail
1984,1011619.6666666666,3,5.945974872310189e-06,1000875.0,False,True,repeated value in upper 1% tail
1984,1011675.2,8,1.585593299282717e-05,1000875.0,False,True,repeated value in upper 1% tail
1984,1011906.0,3,5.945974872310189e-06,1000875.0,False,True,repeated value in upper 1% tail
1984,1012000.0,6,1.1891949744620378e-05,1000875.0,False,True,repeated value in upper 1% tail
1984,1012179.5,4,7.927966496413586e-06,1000875.0,False,True,repeated value in upper 1% tail
1984,1012447.5,5,9.909958120516983e-06,1000875.0,False,True,repeated value in upper 1% tail
1984,1012500.0,5,9.909958120516983e-06,1000875.0,False,True,repeated value in upper 1% tail
1984,1012914.8,7,1.3873941368723776e-05,1000875.0,False,True,repeated value in upper 1% tail
1984,1013286.3333333334,3,5.945974872310189e-06,1000875.0,False,True,repeated value in upper 1% tail
1984,1013333.3333333334,7,1.3873941368723776e-05,1000875.0,False,True,repeated value in upper 1% tail
1984,1013500.0,3,5.945974872310189e-06,1000875.0,False,True,repeated value in upper 1% tail
1984,1013750.0,4,7.927966496413586e-06,1000875.0,False,True,repeated value in upper 1% tail
1984,1014953.0,3,5.945974872310189e-06,1000875.0,False,True,repeated value in upper 1% tail
1984,1015000.0,8,1.585593299282717e-05,1000875.0,False,True,repeated value in upper 1% tail
1984,1015077.0,2,3.963983248206793e-06,1000875.0,False,True,repeated value in upper 1% tail
1984,1016000.0,5,9.909958120516983e-06,1000875.0,False,True,repeated value in upper 1% tail
1984,1016500.0,2,3.963983248206793e-06,1000875.0,False,True,repeated value in upper 1% tail
1984,1016666.6666666666,6,1.1891949744620378e-05,1000875.0,False,True,repeated value in upper 1% tail
1984,1016714.75,5,9.909958120516983e-06,1000875.0,False,True,repeated value in upper 1% tail
1984,1018500.0,2,3.963983248206793e-06,1000875.0,False,True,repeated value in upper 1% tail
1984,1018596.3333333334,4,7.927966496413586e-06,1000875.0,False,True,repeated value in upper 1% tail
1984,1019000.0,4,7.927966496413586e-06,1000875.0,False,True,repeated value in upper 1% tail
1984,1019304.5,4,7.927966496413586e-06,1000875.0,False,True,repeated value in upper 1% tail
1984,1019430.8,5,9.909958120516983e-06,1000875.0,False,True,repeated value in upper 1% tail
1984,1019435.2,5,9.909958120516983e-06,1000875.0,False,True,repeated value in upper 1% tail
1984,1019500.0,2,3.963983248206793e-06,1000875.0,False,True,repeated value in upper 1% tail
1984,1020000.0,3,5.945974872310189e-06,1000875.0,False,True,repeated value in upper 1% tail
1984,1020788.5,5,9.909958120516983e-06,1000875.0,False,True,repeated value in upper 1% tail
1984,1021500.0,4,7.927966496413586e-06,1000875.0,False,True,repeated value in upper 1% tail
1984,1023000.0,2,3.963983248206793e-06,1000875.0,False,True,repeated value in upper 1% tail
1984,1023333.3333333334,3,5.945974872310189e-06,1000875.0,False,True,repeated value in upper 1% tail
1984,1023575.0,2,3.963983248206793e-06,1000875.0,False,True,repeated value in upper 1% tail
1984,1024000.0,4,7.927966496413586e-06,1000875.0,False,True,repeated value in upper 1% tail
1984,1024556.3333333334,3,5.945974872310189e-06,1000875.0,False,True,repeated value in upper 1% tail
1984,1025000.0,12,2.3783899489240757e-05,1000875.0,False,True,repeated value in upper 1% tail
1984,1025125.0,4,7.927966496413586e-06,1000875.0,False,True,repeated value in upper 1% tail
1984,1025952.6666666666,4,7.927966496413586e-06,1000875.0,False,True,repeated value in upper 1% tail
1984,1026666.6666666666,5,9.909958120516983e-06,1000875.0,False,True,repeated value in upper 1% tail
1984,1027568.25,5,9.909958120516983e-06,1000875.0,False,True,repeated value in upper 1% tail
1984,1028000.0,2,3.963983248206793e-06,1000875.0,False,True,repeated value in upper 1% tail
1984,1028777.5,2,3.963983248206793e-06,1000875.0,False,True,repeated value in upper 1% tail
1984,1030000.0,13,2.5765891113344154e-05,1000875.0,False,True,repeated value in upper 1% tail
1984,1031250.0,2,3.963983248206793e-06,1000875.0,False,True,repeated value in upper 1% tail
1984,1032000.0,2,3.963983248206793e-06,1000875.0,False,True,repeated value in upper 1% tail
1984,1033000.0,2,3.963983248206793e-06,1000875.0,False,True,repeated value in upper 1% tail
1984,1033333.3333333334,30,5.94597487231019e-05,1000875.0,False,True,repeated value in upper 1% tail
1984,1034000.0,2,3.963983248206793e-06,1000875.0,False,True,repeated value in upper 1% tail
1984,1034952.6666666666,4,7.927966496413586e-06,1000875.0,False,True,repeated value in upper 1% tail
1984,1034953.0,3,5.945974872310189e-06,1000875.0,False,True,repeated value in upper 1% tail
1984,1034966.6666666666,4,7.927966496413586e-06,1000875.0,False,True,repeated value in upper 1% tail
1984,1038400.0,5,9.909958120516983e-06,1000875.0,False,True,repeated value in upper 1% tail
1984,1039500.0,3,5.945974872310189e-06,1000875.0,False,True,repeated value in upper 1% tail
1984,1040000.0,10,1.9819916241033966e-05,1000875.0,False,True,repeated value in upper 1% tail
1984,1040260.0,5,9.909958120516983e-06,1000875.0,False,True,repeated value in upper 1% tail
1984,1041000.0,5,9.909958120516983e-06,1000875.0,False,True,repeated value in upper 1% tail
1984,1041666.6666666666,5,9.909958120516983e-06,1000875.0,False,True,repeated value in upper 1% tail
1984,1042500.0,2,3.963983248206793e-06,1000875.0,False,True,repeated value in upper 1% tail
1984,1042600.0,5,9.909958120516983e-06,1000875.0,False,True,repeated value in upper 1% tail
1984,1043239.3333333334,3,5.945974872310189e-06,1000875.0,False,True,repeated value in upper 1% tail
1984,1044000.0,6,1.1891949744620378e-05,1000875.0,False,True,repeated value in upper 1% tail
1984,1044700.0,2,3.963983248206793e-06,1000875.0,False,True,repeated value in upper 1% tail
1984,1045000.0,4,7.927966496413586e-06,1000875.0,False,True,repeated value in upper 1% tail
1984,1046200.0,2,3.963983248206793e-06,1000875.0,False,True,repeated value in upper 1% tail
1984,1046250.0,4,7.927966496413586e-06,1000875.0,False,True,repeated value in upper 1% tail
1984,1047166.6666666666,6,1.1891949744620378e-05,1000875.0,False,True,repeated value in upper 1% tail
1984,1047500.0,2,3.963983248206793e-06,1000875.0,False,True,repeated value in upper 1% tail
1984,1048200.0,5,9.909958120516983e-06,1000875.0,False,True,repeated value in upper 1% tail
1984,1048588.0,2,3.963983248206793e-06,1000875.0,False,True,repeated value in upper 1% tail
1984,1049000.0,5,9.909958120516983e-06,1000875.0,False,True,repeated value in upper 1% tail
1984,1050000.0,31,6.144174034720529e-05,1000875.0,False,True,repeated value in upper 1% tail
1984,1050150.0,2,3.963983248206793e-06,1000875.0,False,True,repeated value in upper 1% tail
1984,1050500.0,2,3.963983248206793e-06,1000875.0,False,True,repeated value in upper 1% tail
1984,1050666.6666666667,3,5.945974872310189e-06,1000875.0,False,True,repeated value in upper 1% tail
1984,1051517.5,4,7.927966496413586e-06,1000875.0,False,True,repeated value in upper 1% tail
1984,1051619.3333333333,3,5.945974872310189e-06,1000875.0,False,True,repeated value in upper 1% tail
1984,1052429.5,4,7.927966496413586e-06,1000875.0,False,True,repeated value in upper 1% tail
1984,1052804.75,4,7.927966496413586e-06,1000875.0,False,True,repeated value in upper 1% tail
1984,1053000.0,2,3.963983248206793e-06,1000875.0,False,True,repeated value in upper 1% tail
1984,1053857.5,2,3.963983248206793e-06,1000875.0,False,True,repeated value in upper 1% tail
1984,1054000.0,2,3.963983248206793e-06,1000875.0,False,True,repeated value in upper 1% tail
1984,1057000.0,7,1.3873941368723776e-05,1000875.0,False,True,repeated value in upper 1% tail
1984,1057224.6666666667,3,5.945974872310189e-06,1000875.0,False,True,repeated value in upper 1% tail
1984,1058250.0,2,3.963983248206793e-06,1000875.0,False,True,repeated value in upper 1% tail
1984,1058333.3333333333,14,2.774788273744755e-05,1000875.0,False,True,repeated value in upper 1% tail
1984,1059500.0,5,9.909958120516983e-06,1000875.0,False,True,repeated value in upper 1% tail
1984,1059972.6666666667,3,5.945974872310189e-06,1000875.0,False,True,repeated value in upper 1% tail
1984,1060000.0,19,3.765784085796454e-05,1000875.0,False,True,repeated value in upper 1% tail
1984,1061179.0,5,9.909958120516983e-06,1000875.0,False,True,repeated value in upper 1% tail
1984,1062500.0,6,1.1891949744620378e-05,1000875.0,False,True,repeated value in upper 1% tail
1984,1063100.0,6,1.1891949744620378e-05,1000875.0,False,True,repeated value in upper 1% tail
1984,1063218.0,2,3.963983248206793e-06,1000875.0,False,True,repeated value in upper 1% tail
1984,1063711.2,6,1.1891949744620378e-05,1000875.0,False,True,repeated value in upper 1% tail
1984,1064000.0,4,7.927966496413586e-06,1000875.0,False,True,repeated value in upper 1% tail
1984,1065000.0,2,3.963983248206793e-06,1000875.0,False,True,repeated value in upper 1% tail
1984,1066000.0,3,5.945974872310189e-06,1000875.0,False,True,repeated value in upper 1% tail
1984,1066666.6666666667,18,3.567584923386114e-05,1000875.0,False,True,repeated value in upper 1% tail
1984,1068286.3333333333,3,5.945974872310189e-06,1000875.0,False,True,repeated value in upper 1% tail
1984,1068500.0,2,3.963983248206793e-06,1000875.0,False,True,repeated value in upper 1% tail
1984,1068540.0,2,3.963983248206793e-06,1000875.0,False,True,repeated value in upper 1% tail
1984,1069000.0,2,3.963983248206793e-06,1000875.0,False,True,repeated value in upper 1% tail
1984,1069119.6666666667,3,5.945974872310189e-06,1000875.0,False,True,repeated value in upper 1% tail
1984,1069370.0,2,3.963983248206793e-06,1000875.0,False,True,repeated value in upper 1% tail
1984,1069906.0,3,5.945974872310189e-06,1000875.0,False,True,repeated value in upper 1% tail
1984,1070000.0,2,3.963983248206793e-06,1000875.0,False,True,repeated value in upper 1% tail
1984,1070136.0,4,7.927966496413586e-06,1000875.0,False,True,repeated value in upper 1% tail
1984,1070786.0,4,7.927966496413586e-06,1000875.0,False,True,repeated value in upper 1% tail
1984,1070992.6666666667,4,7.927966496413586e-06,1000875.0,False,True,repeated value in upper 1% tail
1984,1071250.0,4,7.927966496413586e-06,1000875.0,False,True,repeated value in upper 1% tail
1984,1072666.6666666667,3,5.945974872310189e-06,1000875.0,False,True,repeated value in upper 1% tail
1984,1073333.3333333333,7,1.3873941368723776e-05,1000875.0,False,True,repeated value in upper 1% tail
1984,1073352.0,4,7.927966496413586e-06,1000875.0,False,True,repeated value in upper 1% tail
1984,1074030.0,2,3.963983248206793e-06,1000875.0,False,True,repeated value in upper 1% tail
1984,1075000.0,12,2.3783899489240757e-05,1000875.0,False,True,repeated value in upper 1% tail
1984,1075400.0,5,9.909958120516983e-06,1000875.0,False,True,repeated value in upper 1% tail
1984,1076000.0,6,1.1891949744620378e-05,1000875.0,False,True,repeated value in upper 1% tail
1984,1078250.0,5,9.909958120516983e-06,1000875.0,False,True,repeated value in upper 1% tail
1984,1079500.0,2,3.963983248206793e-06,1000875.0,False,True,repeated value in upper 1% tail
1984,1079859.0,4,7.927966496413586e-06,1000875.0,False,True,repeated value in upper 1% tail
1984,1080000.0,13,2.5765891113344154e-05,1000875.0,False,True,repeated value in upper 1% tail
1984,1080583.3333333333,8,1.585593299282717e-05,1000875.0,False,True,repeated value in upper 1% tail
1984,1083333.3333333333,3,5.945974872310189e-06,1000875.0,False,True,repeated value in upper 1% tail
1984,1084000.0,2,3.963983248206793e-06,1000875.0,False,True,repeated value in upper 1% tail
1984,1084666.6666666667,6,1.1891949744620378e-05,1000875.0,False,True,repeated value in upper 1% tail
1984,1084953.0,3,5.945974872310189e-06,1000875.0,False,True,repeated value in upper 1% tail
1984,1085000.0,3,5.945974872310189e-06,1000875.0,False,True,repeated value in upper 1% tail
1984,1085430.8,5,9.909958120516983e-06,1000875.0,False,True,repeated value in upper 1% tail
1984,1086666.6666666667,6,1.1891949744620378e-05,1000875.0,False,True,repeated value in upper 1% tail
1984,1088750.0,4,7.927966496413586e-06,1000875.0,False,True,repeated value in upper 1% tail
1984,1090000.0,12,2.3783899489240757e-05,1000875.0,False,True,repeated value in upper 1% tail
1984,1092500.0,2,3.963983248206793e-06,1000875.0,False,True,repeated value in upper 1% tail
1984,1093023.4,7,1.3873941368723776e-05,1000875.0,False,True,repeated value in upper 1% tail
1984,1094000.0,6,1.1891949744620378e-05,1000875.0,False,True,repeated value in upper 1% tail
1984,1095000.0,10,1.9819916241033966e-05,1000875.0,False,True,repeated value in upper 1% tail
1984,1096000.0,4,7.927966496413586e-06,1000875.0,False,True,repeated value in upper 1% tail
1984,1096179.5,5,9.909958120516983e-06,1000875.0,False,True,repeated value in upper 1% tail
1984,1096853.5,2,3.963983248206793e-06,1000875.0,False,True,repeated value in upper 1% tail
1984,1097379.4,6,1.1891949744620378e-05,1000875.0,False,True,repeated value in upper 1% tail
1984,1098000.0,3,5.945974872310189e-06,1000875.0,False,True,repeated value in upper 1% tail
1984,1099058.6666666667,3,5.945974872310189e-06,1000875.0,False,True,repeated value in upper 1% tail
1984,1099200.0,5,9.909958120516983e-06,1000875.0,False,True,repeated value in upper 1% tail
1984,1099295.75,4,7.927966496413586e-06,1000875.0,False,True,repeated value in upper 1% tail
1984,1099750.0,4,7.927966496413586e-06,1000875.0,False,True,repeated value in upper 1% tail
1984,1100000.0,77,0.00015261335505596153,1000875.0,False,True,repeated value in upper 1% tail
1984,1100750.0,2,3.963983248206793e-06,1000875.0,False,True,repeated value in upper 1% tail
1984,1101250.0,2,3.963983248206793e-06,1000875.0,False,True,repeated value in upper 1% tail
1984,1101906.0,3,5.945974872310189e-06,1000875.0,False,True,repeated value in upper 1% tail
1984,1102250.0,5,9.909958120516983e-06,1000875.0,False,True,repeated value in upper 1% tail
1984,1102914.8,5,9.909958120516983e-06,1000875.0,False,True,repeated value in upper 1% tail
1984,1103500.0,3,5.945974872310189e-06,1000875.0,False,True,repeated value in upper 1% tail
1984,1104197.0,2,3.963983248206793e-06,1000875.0,False,True,repeated value in upper 1% tail
1984,1104750.0,4,7.927966496413586e-06,1000875.0,False,True,repeated value in upper 1% tail
1984,1104824.5,4,7.927966496413586e-06,1000875.0,False,True,repeated value in upper 1% tail
1984,1104859.0,4,7.927966496413586e-06,1000875.0,False,True,repeated value in upper 1% tail
1984,1105666.6666666667,3,5.945974872310189e-06,1000875.0,False,True,repeated value in upper 1% tail
1984,1106666.6666666667,4,7.927966496413586e-06,1000875.0,False,True,repeated value in upper 1% tail
1984,1107000.0,4,7.927966496413586e-06,1000875.0,False,True,repeated value in upper 1% tail
1984,1107141.8,5,9.909958120516983e-06,1000875.0,False,True,repeated value in upper 1% tail
1984,1107513.5,4,7.927966496413586e-06,1000875.0,False,True,repeated value in upper 1% tail
1984,1108000.0,2,3.963983248206793e-06,1000875.0,False,True,repeated value in upper 1% tail
1984,1108286.3333333333,3,5.945974872310189e-06,1000875.0,False,True,repeated value in upper 1% tail
1984,1108500.0,4,7.927966496413586e-06,1000875.0,False,True,repeated value in upper 1% tail
1984,1108750.0,2,3.963983248206793e-06,1000875.0,False,True,repeated value in upper 1% tail
1984,1109718.0,2,3.963983248206793e-06,1000875.0,False,True,repeated value in upper 1% tail
1984,1109953.0,3,5.945974872310189e-06,1000875.0,False,True,repeated value in upper 1% tail
1984,1110000.0,11,2.1801907865137363e-05,1000875.0,False,True,repeated value in upper 1% tail
1984,1112140.0,2,3.963983248206793e-06,1000875.0,False,True,repeated value in upper 1% tail
1984,1112500.0,14,2.774788273744755e-05,1000875.0,False,True,repeated value in upper 1% tail
1984,1112795.3333333333,4,7.927966496413586e-06,1000875.0,False,True,repeated value in upper 1% tail
1984,1113000.0,2,3.963983248206793e-06,1000875.0,False,True,repeated value in upper 1% tail
1984,1113239.3333333333,3,5.945974872310189e-06,1000875.0,False,True,repeated value in upper 1% tail
1984,1113333.3333333333,3,5.945974872310189e-06,1000875.0,False,True,repeated value in upper 1% tail
1984,1114047.0,3,5.945974872310189e-06,1000875.0,False,True,repeated value in upper 1% tail
1984,1114285.7142857143,7,1.3873941368723776e-05,1000875.0,False,True,repeated value in upper 1% tail
1984,1114929.5,4,7.927966496413586e-06,1000875.0,False,True,repeated value in upper 1% tail
1984,1115000.0,4,7.927966496413586e-06,1000875.0,False,True,repeated value in upper 1% tail
1984,1118802.0,2,3.963983248206793e-06,1000875.0,False,True,repeated value in upper 1% tail
1984,1120000.0,13,2.5765891113344154e-05,1000875.0,False,True,repeated value in upper 1% tail
1984,1120971.8,5,9.909958120516983e-06,1000875.0,False,True,repeated value in upper 1% tail
1984,1121000.0,5,9.909958120516983e-06,1000875.0,False,True,repeated value in upper 1% tail
1984,1123500.0,2,3.963983248206793e-06,1000875.0,False,True,repeated value in upper 1% tail
1984,1123857.142857143,7,1.3873941368723776e-05,1000875.0,False,True,repeated value in upper 1% tail
1984,1125000.0,32,6.342373197130868e-05,1000875.0,False,True,repeated value in upper 1% tail
1984,1125300.0,2,3.963983248206793e-06,1000875.0,False,True,repeated value in upper 1% tail
1984,1127000.0,2,3.963983248206793e-06,1000875.0,False,True,repeated value in upper 1% tail
1984,1127142.857142857,7,1.3873941368723776e-05,1000875.0,False,True,repeated value in upper 1% tail
1984,1127400.0,4,7.927966496413586e-06,1000875.0,False,True,repeated value in upper 1% tail
1984,1127429.0,4,7.927966496413586e-06,1000875.0,False,True,repeated value in upper 1% tail
1984,1127429.5,12,2.3783899489240757e-05,1000875.0,False,True,repeated value in upper 1% tail
1984,1127500.0,9,1.783792461693057e-05,1000875.0,False,True,repeated value in upper 1% tail
1984,1129929.0,4,7.927966496413586e-06,1000875.0,False,True,repeated value in upper 1% tail
1984,1130000.0,3,5.945974872310189e-06,1000875.0,False,True,repeated value in upper 1% tail
1984,1130482.3333333333,3,5.945974872310189e-06,1000875.0,False,True,repeated value in upper 1% tail
1984,1131250.0,5,9.909958120516983e-06,1000875.0,False,True,repeated value in upper 1% tail
1984,1131502.857142857,7,1.3873941368723776e-05,1000875.0,False,True,repeated value in upper 1% tail
1984,1133333.3333333333,4,7.927966496413586e-06,1000875.0,False,True,repeated value in upper 1% tail
1984,1133650.0,4,7.927966496413586e-06,1000875.0,False,True,repeated value in upper 1% tail
1984,1136333.3333333333,4,7.927966496413586e-06,1000875.0,False,True,repeated value in upper 1% tail
1984,1136572.6666666667,7,1.3873941368723776e-05,1000875.0,False,True,repeated value in upper 1% tail
1984,1136666.6666666667,6,1.1891949744620378e-05,1000875.0,False,True,repeated value in upper 1% tail
1984,1136750.0,4,7.927966496413586e-06,1000875.0,False,True,repeated value in upper 1% tail
1984,1136875.0,4,7.927966496413586e-06,1000875.0,False,True,repeated value in upper 1% tail
1984,1138459.5,2,3.963983248206793e-06,1000875.0,False,True,repeated value in upper 1% tail
1984,1139435.2,6,1.1891949744620378e-05,1000875.0,False,True,repeated value in upper 1% tail
1984,1140000.0,4,7.927966496413586e-06,1000875.0,False,True,repeated value in upper 1% tail
1984,1140500.0,2,3.963983248206793e-06,1000875.0,False,True,repeated value in upper 1% tail
1984,1141000.0,5,9.909958120516983e-06,1000875.0,False,True,repeated value in upper 1% tail
1984,1141500.0,2,3.963983248206793e-06,1000875.0,False,True,repeated value in upper 1% tail
1984,1143679.0,4,7.927966496413586e-06,1000875.0,False,True,repeated value in upper 1% tail
1984,1145000.0,2,3.963983248206793e-06,1000875.0,False,True,repeated value in upper 1% tail
1984,1145250.0,2,3.963983248206793e-06,1000875.0,False,True,repeated value in upper 1% tail
1984,1145830.8,5,9.909958120516983e-06,1000875.0,False,True,repeated value in upper 1% tail
1984,1146000.0,2,3.963983248206793e-06,1000875.0,False,True,repeated value in upper 1% tail
1984,1148170.6666666667,9,1.783792461693057e-05,1000875.0,False,True,repeated value in upper 1% tail
1984,1148588.0,2,3.963983248206793e-06,1000875.0,False,True,repeated value in upper 1% tail
1984,1149294.0,4,7.927966496413586e-06,1000875.0,False,True,repeated value in upper 1% tail
1984,1150000.0,34,6.738771521951549e-05,1000875.0,False,True,repeated value in upper 1% tail
1984,1151619.6666666667,3,5.945974872310189e-06,1000875.0,False,True,repeated value in upper 1% tail
1984,1151800.0,5,9.909958120516983e-06,1000875.0,False,True,repeated value in upper 1% tail
1984,1152429.5,3,5.945974872310189e-06,1000875.0,False,True,repeated value in upper 1% tail
1984,1152500.0,4,7.927966496413586e-06,1000875.0,False,True,repeated value in upper 1% tail
1984,1153000.0,2,3.963983248206793e-06,1000875.0,False,True,repeated value in upper 1% tail
1984,1153048.0,4,7.927966496413586e-06,1000875.0,False,True,repeated value in upper 1% tail
1984,1153440.0,5,9.909958120516983e-06,1000875.0,False,True,repeated value in upper 1% tail
1984,1154953.0,3,5.945974872310189e-06,1000875.0,False,True,repeated value in upper 1% tail
1984,1155000.0,6,1.1891949744620378e-05,1000875.0,False,True,repeated value in upper 1% tail
1984,1155333.3333333333,3,5.945974872310189e-06,1000875.0,False,True,repeated value in upper 1% tail
1984,1155666.6666666667,5,9.909958120516983e-06,1000875.0,False,True,repeated value in upper 1% tail
1984,1156605.6666666667,3,5.945974872310189e-06,1000875.0,False,True,repeated value in upper 1% tail
1984,1160000.0,16,3.171186598565434e-05,1000875.0,False,True,repeated value in upper 1% tail
1984,1160166.6666666667,8,1.585593299282717e-05,1000875.0,False,True,repeated value in upper 1% tail
1984,1160833.3333333333,7,1.3873941368723776e-05,1000875.0,False,True,repeated value in upper 1% tail
1984,1162000.0,7,1.3873941368723776e-05,1000875.0,False,True,repeated value in upper 1% tail
1984,1162750.0,4,7.927966496413586e-06,1000875.0,False,True,repeated value in upper 1% tail
1984,1163565.0,2,3.963983248206793e-06,1000875.0,False,True,repeated value in upper 1% tail
1984,1163666.6666666667,3,5.945974872310189e-06,1000875.0,False,True,repeated value in upper 1% tail
1984,1164929.5,4,7.927966496413586e-06,1000875.0,False,True,repeated value in upper 1% tail
1984,1165000.0,9,1.783792461693057e-05,1000875.0,False,True,repeated value in upper 1% tail
1984,1165584.0,4,7.927966496413586e-06,1000875.0,False,True,repeated value in upper 1% tail
1984,1166666.6666666667,29,5.7477757098998497e-05,1000875.0,False,True,repeated value in upper 1% tail
1984,1166833.3333333333,3,5.945974872310189e-06,1000875.0,False,True,repeated value in upper 1% tail
1984,1167239.3333333333,4,7.927966496413586e-06,1000875.0,False,True,repeated value in upper 1% tail
1984,1167350.0,5,9.909958120516983e-06,1000875.0,False,True,repeated value in upper 1% tail
1984,1167500.0,2,3.963983248206793e-06,1000875.0,False,True,repeated value in upper 1% tail
1984,1168286.3333333333,12,2.3783899489240757e-05,1000875.0,False,True,repeated value in upper 1% tail
1984,1168333.3333333333,5,9.909958120516983e-06,1000875.0,False,True,repeated value in upper 1% tail
1984,1169906.0,3,5.945974872310189e-06,1000875.0,False,True,repeated value in upper 1% tail
1984,1169954.6666666667,3,5.945974872310189e-06,1000875.0,False,True,repeated value in upper 1% tail
1984,1170000.0,14,2.774788273744755e-05,1000875.0,False,True,repeated value in upper 1% tail
1984,1172250.0,5,9.909958120516983e-06,1000875.0,False,True,repeated value in upper 1% tail
1984,1173633.3333333333,3,5.945974872310189e-06,1000875.0,False,True,repeated value in upper 1% tail
1984,1175000.0,10,1.9819916241033966e-05,1000875.0,False,True,repeated value in upper 1% tail
1984,1175013.25,5,9.909958120516983e-06,1000875.0,False,True,repeated value in upper 1% tail
1984,1175342.6666666667,3,5.945974872310189e-06,1000875.0,False,True,repeated value in upper 1% tail
1984,1175500.0,2,3.963983248206793e-06,1000875.0,False,True,repeated value in upper 1% tail
1984,1176723.5,4,7.927966496413586e-06,1000875.0,False,True,repeated value in upper 1% tail
1984,1177000.0,6,1.1891949744620378e-05,1000875.0,False,True,repeated value in upper 1% tail
1984,1177423.0,2,3.963983248206793e-06,1000875.0,False,True,repeated value in upper 1% tail
1984,1178968.2,5,9.909958120516983e-06,1000875.0,False,True,repeated value in upper 1% tail
1984,1179435.2,5,9.909958120516983e-06,1000875.0,False,True,repeated value in upper 1% tail
1984,1180000.0,18,3.567584923386114e-05,1000875.0,False,True,repeated value in upper 1% tail
1984,1182000.0,2,3.963983248206793e-06,1000875.0,False,True,repeated value in upper 1% tail
1984,1183333.3333333333,3,5.945974872310189e-06,1000875.0,False,True,repeated value in upper 1% tail
1984,1183676.75,4,7.927966496413586e-06,1000875.0,False,True,repeated value in upper 1% tail
1984,1184000.0,3,5.945974872310189e-06,1000875.0,False,True,repeated value in upper 1% tail
1984,1184953.0,3,5.945974872310189e-06,1000875.0,False,True,repeated value in upper 1% tail
1984,1185666.6666666667,3,5.945974872310189e-06,1000875.0,False,True,repeated value in upper 1% tail
1984,1187500.0,2,3.963983248206793e-06,1000875.0,False,True,repeated value in upper 1% tail
1984,1187839.5714285714,8,1.585593299282717e-05,1000875.0,False,True,repeated value in upper 1% tail
1984,1188500.0,5,9.909958120516983e-06,1000875.0,False,True,repeated value in upper 1% tail
1984,1190000.0,8,1.585593299282717e-05,1000875.0,False,True,repeated value in upper 1% tail
1984,1192500.0,2,3.963983248206793e-06,1000875.0,False,True,repeated value in upper 1% tail
1984,1193000.0,6,1.1891949744620378e-05,1000875.0,False,True,repeated value in upper 1% tail
1984,1193333.3333333333,3,5.945974872310189e-06,1000875.0,False,True,repeated value in upper 1% tail
1984,1194000.0,2,3.963983248206793e-06,1000875.0,False,True,repeated value in upper 1% tail
1984,1195000.0,2,3.963983248206793e-06,1000875.0,False,True,repeated value in upper 1% tail
1984,1197894.0,4,7.927966496413586e-06,1000875.0,False,True,repeated value in upper 1% tail
1984,1198239.3333333333,4,7.927966496413586e-06,1000875.0,False,True,repeated value in upper 1% tail
1984,1199400.0,5,9.909958120516983e-06,1000875.0,False,True,repeated value in upper 1% tail
1984,1200000.0,74,0.00014666738018365134,1000875.0,False,True,repeated value in upper 1% tail
1984,1201619.3333333333,3,5.945974872310189e-06,1000875.0,False,True,repeated value in upper 1% tail
1984,1202500.0,4,7.927966496413586e-06,1000875.0,False,True,repeated value in upper 1% tail
1984,1202600.0,2,3.963983248206793e-06,1000875.0,False,True,repeated value in upper 1% tail
1984,1202915.4,5,9.909958120516983e-06,1000875.0,False,True,repeated value in upper 1% tail
1984,1202929.5,4,7.927966496413586e-06,1000875.0,False,True,repeated value in upper 1% tail
1984,1202940.0,5,9.909958120516983e-06,1000875.0,False,True,repeated value in upper 1% tail
1984,1202943.6,7,1.3873941368723776e-05,1000875.0,False,True,repeated value in upper 1% tail
1984,1203750.0,2,3.963983248206793e-06,1000875.0,False,True,repeated value in upper 1% tail
1984,1204000.0,6,1.1891949744620378e-05,1000875.0,False,True,repeated value in upper 1% tail
1984,1204371.8,5,9.909958120516983e-06,1000875.0,False,True,repeated value in upper 1% tail
1984,1205000.0,4,7.927966496413586e-06,1000875.0,False,True,repeated value in upper 1% tail
1984,1206666.6666666667,3,5.945974872310189e-06,1000875.0,False,True,repeated value in upper 1% tail
1984,1208286.3333333333,3,5.945974872310189e-06,1000875.0,False,True,repeated value in upper 1% tail
1984,1209000.0,3,5.945974872310189e-06,1000875.0,False,True,repeated value in upper 1% tail
1984,1209315.4,5,9.909958120516983e-06,1000875.0,False,True,repeated value in upper 1% tail
1984,1209953.0,7,1.3873941368723776e-05,1000875.0,False,True,repeated value in upper 1% tail
1984,1210000.0,2,3.963983248206793e-06,1000875.0,False,True,repeated value in upper 1% tail
1984,1210965.2,5,9.909958120516983e-06,1000875.0,False,True,repeated value in upper 1% tail
1984,1211000.0,2,3.963983248206793e-06,1000875.0,False,True,repeated value in upper 1% tail
1984,1212000.0,3,5.945974872310189e-06,1000875.0,False,True,repeated value in upper 1% tail
1984,1212500.0,7,1.3873941368723776e-05,1000875.0,False,True,repeated value in upper 1% tail
1984,1213333.3333333333,3,5.945974872310189e-06,1000875.0,False,True,repeated value in upper 1% tail
1984,1215000.0,3,5.945974872310189e-06,1000875.0,False,True,repeated value in upper 1% tail
1984,1216666.6666666667,15,2.972987436155095e-05,1000875.0,False,True,repeated value in upper 1% tail
1984,1217000.0,5,9.909958120516983e-06,1000875.0,False,True,repeated value in upper 1% tail
1984,1217716.0,2,3.963983248206793e-06,1000875.0,False,True,repeated value in upper 1% tail
1984,1218000.0,6,1.1891949744620378e-05,1000875.0,False,True,repeated value in upper 1% tail
1984,1218333.3333333333,3,5.945974872310189e-06,1000875.0,False,True,repeated value in upper 1% tail
1984,1219000.0,2,3.963983248206793e-06,1000875.0,False,True,repeated value in upper 1% tail
1984,1220000.0,8,1.585593299282717e-05,1000875.0,False,True,repeated value in upper 1% tail
1984,1220878.0,5,9.909958120516983e-06,1000875.0,False,True,repeated value in upper 1% tail
1984,1223400.0,5,9.909958120516983e-06,1000875.0,False,True,repeated value in upper 1% tail
1984,1223565.0,2,3.963983248206793e-06,1000875.0,False,True,repeated value in upper 1% tail
1984,1224850.0,4,7.927966496413586e-06,1000875.0,False,True,repeated value in upper 1% tail
1984,1225000.0,20,3.963983248206793e-05,1000875.0,False,True,repeated value in upper 1% tail
1984,1225706.6666666667,3,5.945974872310189e-06,1000875.0,False,True,repeated value in upper 1% tail
1984,1227500.0,8,1.585593299282717e-05,1000875.0,False,True,repeated value in upper 1% tail
1984,1228352.5,2,3.963983248206793e-06,1000875.0,False,True,repeated value in upper 1% tail
1984,1229079.5,2,3.963983248206793e-06,1000875.0,False,True,repeated value in upper 1% tail
1984,1230000.0,9,1.783792461693057e-05,1000875.0,False,True,repeated value in upper 1% tail
1984,1230125.0,3,5.945974872310189e-06,1000875.0,False,True,repeated value in upper 1% tail
1984,1231760.0,2,3.963983248206793e-06,1000875.0,False,True,repeated value in upper 1% tail
1984,1232500.0,2,3.963983248206793e-06,1000875.0,False,True,repeated value in upper 1% tail
1984,1232750.0,2,3.963983248206793e-06,1000875.0,False,True,repeated value in upper 1% tail
1984,1233588.0,2,3.963983248206793e-06,1000875.0,False,True,repeated value in upper 1% tail
1984,1233675.0,5,9.909958120516983e-06,1000875.0,False,True,repeated value in upper 1% tail
1984,1234952.6666666667,3,5.945974872310189e-06,1000875.0,False,True,repeated value in upper 1% tail
1984,1235000.0,2,3.963983248206793e-06,1000875.0,False,True,repeated value in upper 1% tail
1984,1236418.5,2,3.963983248206793e-06,1000875.0,False,True,repeated value in upper 1% tail
1984,1236478.5,2,3.963983248206793e-06,1000875.0,False,True,repeated value in upper 1% tail
1984,1236666.6666666667,6,1.1891949744620378e-05,1000875.0,False,True,repeated value in upper 1% tail
1984,1240000.0,24,4.7567798978481514e-05,1000875.0,False,True,repeated value in upper 1% tail
1984,1242359.0,4,7.927966496413586e-06,1000875.0,False,True,repeated value in upper 1% tail
1984,1243307.5,2,3.963983248206793e-06,1000875.0,False,True,repeated value in upper 1% tail
1984,1243758.5,3,5.945974872310189e-06,1000875.0,False,True,repeated value in upper 1% tail
1984,1244448.4,5,9.909958120516983e-06,1000875.0,False,True,repeated value in upper 1% tail
1984,1246900.0,2,3.963983248206793e-06,1000875.0,False,True,repeated value in upper 1% tail
1984,1249150.0,3,5.945974872310189e-06,1000875.0,False,True,repeated value in upper 1% tail
1984,1250000.0,96,0.00019027119591392605,1000875.0,False,True,repeated value in upper 1% tail
1984,1250250.0,2,3.963983248206793e-06,1000875.0,False,True,repeated value in upper 1% tail
1984,1251108.5,5,9.909958120516983e-06,1000875.0,False,True,repeated value in upper 1% tail
1984,1251619.3333333333,3,5.945974872310189e-06,1000875.0,False,True,repeated value in upper 1% tail
1984,1251804.0,4,7.927966496413586e-06,1000875.0,False,True,repeated value in upper 1% tail
1984,1252429.5,4,7.927966496413586e-06,1000875.0,False,True,repeated value in upper 1% tail
1984,1254750.0,3,5.945974872310189e-06,1000875.0,False,True,repeated value in upper 1% tail
1984,1255000.0,2,3.963983248206793e-06,1000875.0,False,True,repeated value in upper 1% tail
1984,1260000.0,10,1.9819916241033966e-05,1000875.0,False,True,repeated value in upper 1% tail
1984,1262000.0,2,3.963983248206793e-06,1000875.0,False,True,repeated value in upper 1% tail
1984,1262500.0,4,7.927966496413586e-06,1000875.0,False,True,repeated value in upper 1% tail
1984,1263000.0,2,3.963983248206793e-06,1000875.0,False,True,repeated value in upper 1% tail
1984,1263333.3333333333,7,1.3873941368723776e-05,1000875.0,False,True,repeated value in upper 1% tail
1984,1265000.0,6,1.1891949744620378e-05,1000875.0,False,True,repeated value in upper 1% tail
1984,1266666.6666666667,13,2.5765891113344154e-05,1000875.0,False,True,repeated value in upper 1% tail
1984,1267500.0,4,7.927966496413586e-06,1000875.0,False,True,repeated value in upper 1% tail
1984,1268000.0,5,9.909958120516983e-06,1000875.0,False,True,repeated value in upper 1% tail
1984,1268262.8333333333,6,1.1891949744620378e-05,1000875.0,False,True,repeated value in upper 1% tail
1984,1269905.3333333333,3,5.945974872310189e-06,1000875.0,False,True,repeated value in upper 1% tail
1984,1272500.0,6,1.1891949744620378e-05,1000875.0,False,True,repeated value in upper 1% tail
1984,1272913.6,7,1.3873941368723776e-05,1000875.0,False,True,repeated value in upper 1% tail
1984,1273333.3333333333,3,5.945974872310189e-06,1000875.0,False,True,repeated value in upper 1% tail
1984,1273750.0,4,7.927966496413586e-06,1000875.0,False,True,repeated value in upper 1% tail
1984,1274953.0,3,5.945974872310189e-06,1000875.0,False,True,repeated value in upper 1% tail
1984,1275000.0,23,4.558580735437812e-05,1000875.0,False,True,repeated value in upper 1% tail
1984,1275272.0,2,3.963983248206793e-06,1000875.0,False,True,repeated value in upper 1% tail
1984,1277429.5,4,7.927966496413586e-06,1000875.0,False,True,repeated value in upper 1% tail
1984,1278836.0,3,5.945974872310189e-06,1000875.0,False,True,repeated value in upper 1% tail
1984,1282500.0,2,3.963983248206793e-06,1000875.0,False,True,repeated value in upper 1% tail
1984,1282914.8,6,1.1891949744620378e-05,1000875.0,False,True,repeated value in upper 1% tail
1984,1283405.5,2,3.963983248206793e-06,1000875.0,False,True,repeated value in upper 1% tail
1984,1283500.0,2,3.963983248206793e-06,1000875.0,False,True,repeated value in upper 1% tail
1984,1283750.0,4,7.927966496413586e-06,1000875.0,False,True,repeated value in upper 1% tail
1984,1287500.0,10,1.9819916241033966e-05,1000875.0,False,True,repeated value in upper 1% tail
1984,1287796.7142857143,7,1.3873941368723776e-05,1000875.0,False,True,repeated value in upper 1% tail
1984,1290000.0,6,1.1891949744620378e-05,1000875.0,False,True,repeated value in upper 1% tail
1984,1291929.0,4,7.927966496413586e-06,1000875.0,False,True,repeated value in upper 1% tail
1984,1292405.3333333333,3,5.945974872310189e-06,1000875.0,False,True,repeated value in upper 1% tail
1984,1292500.0,2,3.963983248206793e-06,1000875.0,False,True,repeated value in upper 1% tail
1984,1294000.0,3,5.945974872310189e-06,1000875.0,False,True,repeated value in upper 1% tail
1984,1294828.5,4,7.927966496413586e-06,1000875.0,False,True,repeated value in upper 1% tail
1984,1295000.0,2,3.963983248206793e-06,1000875.0,False,True,repeated value in upper 1% tail
1984,1295409.0,2,3.963983248206793e-06,1000875.0,False,True,repeated value in upper 1% tail
1984,1295750.0,5,9.909958120516983e-06,1000875.0,False,True,repeated value in upper 1% tail
1984,1296250.0,4,7.927966496413586e-06,1000875.0,False,True,repeated value in upper 1% tail
1984,1297500.0,2,3.963983248206793e-06,1000875.0,False,True,repeated value in upper 1% tail
1984,1298099.6666666667,3,5.945974872310189e-06,1000875.0,False,True,repeated value in upper 1% tail
1984,1298588.0,2,3.963983248206793e-06,1000875.0,False,True,repeated value in upper 1% tail
1984,1299166.6666666667,6,1.1891949744620378e-05,1000875.0,False,True,repeated value in upper 1% tail
1984,1299243.3333333333,3,5.945974872310189e-06,1000875.0,False,True,repeated value in upper 1% tail
1984,1300000.0,46,9.117161470875624e-05,1000875.0,False,True,repeated value in upper 1% tail
1984,1301619.3333333333,4,7.927966496413586e-06,1000875.0,False,True,repeated value in upper 1% tail
1984,1301733.75,4,7.927966496413586e-06,1000875.0,False,True,repeated value in upper 1% tail
1984,1302466.6666666667,4,7.927966496413586e-06,1000875.0,False,True,repeated value in upper 1% tail
1984,1302914.8,6,1.1891949744620378e-05,1000875.0,False,True,repeated value in upper 1% tail
1984,1303239.3333333333,3,5.945974872310189e-06,1000875.0,False,True,repeated value in upper 1% tail
1984,1304858.0,4,7.927966496413586e-06,1000875.0,False,True,repeated value in upper 1% tail
1984,1305000.0,5,9.909958120516983e-06,1000875.0,False,True,repeated value in upper 1% tail
1984,1310000.0,2,3.963983248206793e-06,1000875.0,False,True,repeated value in upper 1% tail
1984,1311000.0,3,5.945974872310189e-06,1000875.0,False,True,repeated value in upper 1% tail
1984,1312501.75,4,7.927966496413586e-06,1000875.0,False,True,repeated value in upper 1% tail
1984,1312964.75,4,7.927966496413586e-06,1000875.0,False,True,repeated value in upper 1% tail
1984,1315000.0,3,5.945974872310189e-06,1000875.0,False,True,repeated value in upper 1% tail
1984,1315179.5,6,1.1891949744620378e-05,1000875.0,False,True,repeated value in upper 1% tail
1984,1318000.0,8,1.585593299282717e-05,1000875.0,False,True,repeated value in upper 1% tail
1984,1320000.0,12,2.3783899489240757e-05,1000875.0,False,True,repeated value in upper 1% tail
1984,1321000.0,2,3.963983248206793e-06,1000875.0,False,True,repeated value in upper 1% tail
1984,1322000.0,3,5.945974872310189e-06,1000875.0,False,True,repeated value in upper 1% tail
1984,1324520.0,5,9.909958120516983e-06,1000875.0,False,True,repeated value in upper 1% tail
1984,1324750.0,4,7.927966496413586e-06,1000875.0,False,True,repeated value in upper 1% tail
1984,1325000.0,8,1.585593299282717e-05,1000875.0,False,True,repeated value in upper 1% tail
1984,1325333.3333333333,3,5.945974872310189e-06,1000875.0,False,True,repeated value in upper 1% tail
1984,1327500.0,2,3.963983248206793e-06,1000875.0,False,True,repeated value in upper 1% tail
1984,1328714.75,5,9.909958120516983e-06,1000875.0,False,True,repeated value in upper 1% tail
1984,1329859.0,11,2.1801907865137363e-05,1000875.0,False,True,repeated value in upper 1% tail
1984,1330000.0,7,1.3873941368723776e-05,1000875.0,False,True,repeated value in upper 1% tail
1984,1333332.6666666667,3,5.945974872310189e-06,1000875.0,False,True,repeated value in upper 1% tail
1984,1333333.3333333333,43,8.522563983644604e-05,1000875.0,False,True,repeated value in upper 1% tail
1984,1334500.0,2,3.963983248206793e-06,1000875.0,False,True,repeated value in upper 1% tail
1984,1335000.0,3,5.945974872310189e-06,1000875.0,False,True,repeated value in upper 1% tail
1984,1336580.3333333333,4,7.927966496413586e-06,1000875.0,False,True,repeated value in upper 1% tail
1984,1336666.6666666667,3,5.945974872310189e-06,1000875.0,False,True,repeated value in upper 1% tail
1984,1337313.6666666667,3,5.945974872310189e-06,1000875.0,False,True,repeated value in upper 1% tail
1984,1337915.4,5,9.909958120516983e-06,1000875.0,False,True,repeated value in upper 1% tail
1984,1338333.3333333333,6,1.1891949744620378e-05,1000875.0,False,True,repeated value in upper 1% tail
1984,1338500.0,3,5.945974872310189e-06,1000875.0,False,True,repeated value in upper 1% tail
1984,1338565.0,2,3.963983248206793e-06,1000875.0,False,True,repeated value in upper 1% tail
1984,1340000.0,2,3.963983248206793e-06,1000875.0,False,True,repeated value in upper 1% tail
1984,1340180.0,2,3.963983248206793e-06,1000875.0,False,True,repeated value in upper 1% tail
1984,1342500.0,3,5.945974872310189e-06,1000875.0,False,True,repeated value in upper 1% tail
1984,1345000.0,4,7.927966496413586e-06,1000875.0,False,True,repeated value in upper 1% tail
1984,1349000.0,2,3.963983248206793e-06,1000875.0,False,True,repeated value in upper 1% tail
1984,1349999.5,5,9.909958120516983e-06,1000875.0,False,True,repeated value in upper 1% tail
1984,1350000.0,27,5.351377385079171e-05,1000875.0,False,True,repeated value in upper 1% tail
1984,1350500.0,4,7.927966496413586e-06,1000875.0,False,True,repeated value in upper 1% tail
1984,1353333.3333333333,3,5.945974872310189e-06,1000875.0,False,True,repeated value in upper 1% tail
1984,1353500.0,4,7.927966496413586e-06,1000875.0,False,True,repeated value in upper 1% tail
1984,1353750.0,2,3.963983248206793e-06,1000875.0,False,True,repeated value in upper 1% tail
1984,1356000.0,10,1.9819916241033966e-05,1000875.0,False,True,repeated value in upper 1% tail
1984,1356679.0,5,9.909958120516983e-06,1000875.0,False,True,repeated value in upper 1% tail
1984,1357072.6666666667,3,5.945974872310189e-06,1000875.0,False,True,repeated value in upper 1% tail
1984,1358000.0,5,9.909958120516983e-06,1000875.0,False,True,repeated value in upper 1% tail
1984,1360000.0,13,2.5765891113344154e-05,1000875.0,False,True,repeated value in upper 1% tail
1984,1360547.0,2,3.963983248206793e-06,1000875.0,False,True,repeated value in upper 1% tail
1984,1362500.0,14,2.774788273744755e-05,1000875.0,False,True,repeated value in upper 1% tail
1984,1362722.0,2,3.963983248206793e-06,1000875.0,False,True,repeated value in upper 1% tail
1984,1362880.0,6,1.1891949744620378e-05,1000875.0,False,True,repeated value in upper 1% tail
1984,1363000.0,2,3.963983248206793e-06,1000875.0,False,True,repeated value in upper 1% tail
1984,1364000.0,2,3.963983248206793e-06,1000875.0,False,True,repeated value in upper 1% tail
1984,1364750.0,2,3.963983248206793e-06,1000875.0,False,True,repeated value in upper 1% tail
1984,1365000.0,6,1.1891949744620378e-05,1000875.0,False,True,repeated value in upper 1% tail
1984,1366500.0,3,5.945974872310189e-06,1000875.0,False,True,repeated value in upper 1% tail
1984,1366666.6666666667,3,5.945974872310189e-06,1000875.0,False,True,repeated value in upper 1% tail
1984,1369906.0,7,1.3873941368723776e-05,1000875.0,False,True,repeated value in upper 1% tail
1984,1370000.0,5,9.909958120516983e-06,1000875.0,False,True,repeated value in upper 1% tail
1984,1371500.0,3,5.945974872310189e-06,1000875.0,False,True,repeated value in upper 1% tail
1984,1374333.3333333333,3,5.945974872310189e-06,1000875.0,False,True,repeated value in upper 1% tail
1984,1375000.0,24,4.7567798978481514e-05,1000875.0,False,True,repeated value in upper 1% tail
1984,1377429.5,5,9.909958120516983e-06,1000875.0,False,True,repeated value in upper 1% tail
1984,1381934.5,2,3.963983248206793e-06,1000875.0,False,True,repeated value in upper 1% tail
1984,1382666.6666666667,3,5.945974872310189e-06,1000875.0,False,True,repeated value in upper 1% tail
1984,1383333.3333333333,6,1.1891949744620378e-05,1000875.0,False,True,repeated value in upper 1% tail
1984,1390000.0,2,3.963983248206793e-06,1000875.0,False,True,repeated value in upper 1% tail
1984,1393250.0,5,9.909958120516983e-06,1000875.0,False,True,repeated value in upper 1% tail
1984,1397161.25,6,1.1891949744620378e-05,1000875.0,False,True,repeated value in upper 1% tail
1984,1398565.0,2,3.963983248206793e-06,1000875.0,False,True,repeated value in upper 1% tail
1984,1400000.0,69,0.00013675742206313435,1000875.0,False,True,repeated value in upper 1% tail
1984,1400500.0,2,3.963983248206793e-06,1000875.0,False,True,repeated value in upper 1% tail
1984,1402252.0,3,5.945974872310189e-06,1000875.0,False,True,repeated value in upper 1% tail
1984,1407500.0,2,3.963983248206793e-06,1000875.0,False,True,repeated value in upper 1% tail
1984,1407887.5,4,7.927966496413586e-06,1000875.0,False,True,repeated value in upper 1% tail
1984,1409053.3333333333,3,5.945974872310189e-06,1000875.0,False,True,repeated value in upper 1% tail
1984,1411886.3333333333,4,7.927966496413586e-06,1000875.0,False,True,repeated value in upper 1% tail
1984,1412500.0,4,7.927966496413586e-06,1000875.0,False,True,repeated value in upper 1% tail
1984,1415000.0,3,5.945974872310189e-06,1000875.0,False,True,repeated value in upper 1% tail
1984,1417500.0,4,7.927966496413586e-06,1000875.0,False,True,repeated value in upper 1% tail
1984,1418500.0,2,3.963983248206793e-06,1000875.0,False,True,repeated value in upper 1% tail
1984,1419906.0,3,5.945974872310189e-06,1000875.0,False,True,repeated value in upper 1% tail
1984,1423333.3333333333,3,5.945974872310189e-06,1000875.0,False,True,repeated value in upper 1% tail
1984,1424521.6666666667,6,1.1891949744620378e-05,1000875.0,False,True,repeated value in upper 1% tail
1984,1425000.0,4,7.927966496413586e-06,1000875.0,False,True,repeated value in upper 1% tail
1984,1425630.2,5,9.909958120516983e-06,1000875.0,False,True,repeated value in upper 1% tail
1984,1426666.6666666667,3,5.945974872310189e-06,1000875.0,False,True,repeated value in upper 1% tail
1984,1426929.5,4,7.927966496413586e-06,1000875.0,False,True,repeated value in upper 1% tail
1984,1427429.5,6,1.1891949744620378e-05,1000875.0,False,True,repeated value in upper 1% tail
1984,1430000.0,4,7.927966496413586e-06,1000875.0,False,True,repeated value in upper 1% tail
1984,1431230.0,2,3.963983248206793e-06,1000875.0,False,True,repeated value in upper 1% tail
1984,1433333.3333333333,6,1.1891949744620378e-05,1000875.0,False,True,repeated value in upper 1% tail
1984,1433708.3333333333,3,5.945974872310189e-06,1000875.0,False,True,repeated value in upper 1% tail
1984,1436000.0,4,7.927966496413586e-06,1000875.0,False,True,repeated value in upper 1% tail
1984,1436572.6666666667,4,7.927966496413586e-06,1000875.0,False,True,repeated value in upper 1% tail
1984,1437500.0,4,7.927966496413586e-06,1000875.0,False,True,repeated value in upper 1% tail
1984,1438665.6666666667,3,5.945974872310189e-06,1000875.0,False,True,repeated value in upper 1% tail
1984,1440500.0,4,7.927966496413586e-06,1000875.0,False,True,repeated value in upper 1% tail
1984,1441666.6666666667,6,1.1891949744620378e-05,1000875.0,False,True,repeated value in upper 1% tail
1984,1444500.0,4,7.927966496413586e-06,1000875.0,False,True,repeated value in upper 1% tail
1984,1445512.0,2,3.963983248206793e-06,1000875.0,False,True,repeated value in upper 1% tail
1984,1445800.0,5,9.909958120516983e-06,1000875.0,False,True,repeated value in upper 1% tail
1984,1449049.0,3,5.945974872310189e-06,1000875.0,False,True,repeated value in upper 1% tail
1984,1449214.75,4,7.927966496413586e-06,1000875.0,False,True,repeated value in upper 1% tail
1984,1450000.0,18,3.567584923386114e-05,1000875.0,False,True,repeated value in upper 1% tail
1984,1451214.75,4,7.927966496413586e-06,1000875.0,False,True,repeated value in upper 1% tail
1984,1454873.25,4,7.927966496413586e-06,1000875.0,False,True,repeated value in upper 1% tail
1984,1455000.0,2,3.963983248206793e-06,1000875.0,False,True,repeated value in upper 1% tail
1984,1456000.0,3,5.945974872310189e-06,1000875.0,False,True,repeated value in upper 1% tail
1984,1460000.0,10,1.9819916241033966e-05,1000875.0,False,True,repeated value in upper 1% tail
1984,1465500.0,2,3.963983248206793e-06,1000875.0,False,True,repeated value in upper 1% tail
1984,1467429.5,4,7.927966496413586e-06,1000875.0,False,True,repeated value in upper 1% tail
1984,1467500.0,8,1.585593299282717e-05,1000875.0,False,True,repeated value in upper 1% tail
1984,1470000.0,4,7.927966496413586e-06,1000875.0,False,True,repeated value in upper 1% tail
1984,1473333.3333333333,4,7.927966496413586e-06,1000875.0,False,True,repeated value in upper 1% tail
1984,1475000.0,7,1.3873941368723776e-05,1000875.0,False,True,repeated value in upper 1% tail
1984,1478125.0,4,7.927966496413586e-06,1000875.0,False,True,repeated value in upper 1% tail
1984,1478500.0,2,3.963983248206793e-06,1000875.0,False,True,repeated value in upper 1% tail
1984,1479000.0,2,3.963983248206793e-06,1000875.0,False,True,repeated value in upper 1% tail
1984,1479483.0,2,3.963983248206793e-06,1000875.0,False,True,repeated value in upper 1% tail
1984,1479587.0,3,5.945974872310189e-06,1000875.0,False,True,repeated value in upper 1% tail
1984,1480000.0,2,3.963983248206793e-06,1000875.0,False,True,repeated value in upper 1% tail
1984,1482523.0,2,3.963983248206793e-06,1000875.0,False,True,repeated value in upper 1% tail
1984,1483333.3333333333,6,1.1891949744620378e-05,1000875.0,False,True,repeated value in upper 1% tail
1984,1485000.0,2,3.963983248206793e-06,1000875.0,False,True,repeated value in upper 1% tail
1984,1489000.0,3,5.945974872310189e-06,1000875.0,False,True,repeated value in upper 1% tail
1984,1489333.3333333333,3,5.945974872310189e-06,1000875.0,False,True,repeated value in upper 1% tail
1984,1489462.0,2,3.963983248206793e-06,1000875.0,False,True,repeated value in upper 1% tail
1984,1490000.0,2,3.963983248206793e-06,1000875.0,False,True,repeated value in upper 1% tail
1984,1492750.0,4,7.927966496413586e-06,1000875.0,False,True,repeated value in upper 1% tail
1984,1497000.0,6,1.1891949744620378e-05,1000875.0,False,True,repeated value in upper 1% tail
1984,1499333.3333333333,4,7.927966496413586e-06,1000875.0,False,True,repeated value in upper 1% tail
1984,1500000.0,132,0.00026162289438164837,1000875.0,False,True,repeated value in upper 1% tail
1984,1502429.5,6,1.1891949744620378e-05,1000875.0,False,True,repeated value in upper 1% tail
1984,1504859.0,3,5.945974872310189e-06,1000875.0,False,True,repeated value in upper 1% tail
1984,1504929.5,4,7.927966496413586e-06,1000875.0,False,True,repeated value in upper 1% tail
1984,1505000.0,2,3.963983248206793e-06,1000875.0,False,True,repeated value in upper 1% tail
1984,1506666.6666666667,3,5.945974872310189e-06,1000875.0,False,True,repeated value in upper 1% tail
1984,1510000.0,5,9.909958120516983e-06,1000875.0,False,True,repeated value in upper 1% tail
1984,1510833.3333333333,3,5.945974872310189e-06,1000875.0,False,True,repeated value in upper 1% tail
1984,1513500.0,2,3.963983248206793e-06,1000875.0,False,True,repeated value in upper 1% tail
1984,1513533.5,2,3.963983248206793e-06,1000875.0,False,True,repeated value in upper 1% tail
1984,1515000.0,3,5.945974872310189e-06,1000875.0,False,True,repeated value in upper 1% tail
1984,1515766.6666666667,3,5.945974872310189e-06,1000875.0,False,True,repeated value in upper 1% tail
1984,1516250.0,2,3.963983248206793e-06,1000875.0,False,True,repeated value in upper 1% tail
1984,1519000.0,4,7.927966496413586e-06,1000875.0,False,True,repeated value in upper 1% tail
1984,1519740.0,4,7.927966496413586e-06,1000875.0,False,True,repeated value in upper 1% tail
1984,1524000.0,2,3.963983248206793e-06,1000875.0,False,True,repeated value in upper 1% tail
1984,1525000.0,5,9.909958120516983e-06,1000875.0,False,True,repeated value in upper 1% tail
1984,1530000.0,7,1.3873941368723776e-05,1000875.0,False,True,repeated value in upper 1% tail
1984,1531333.3333333333,3,5.945974872310189e-06,1000875.0,False,True,repeated value in upper 1% tail
1984,1531500.0,2,3.963983248206793e-06,1000875.0,False,True,repeated value in upper 1% tail
1984,1532500.0,2,3.963983248206793e-06,1000875.0,False,True,repeated value in upper 1% tail
1984,1532869.3333333333,3,5.945974872310189e-06,1000875.0,False,True,repeated value in upper 1% tail
1984,1533000.0,2,3.963983248206793e-06,1000875.0,False,True,repeated value in upper 1% tail
1984,1535000.0,6,1.1891949744620378e-05,1000875.0,False,True,repeated value in upper 1% tail
1984,1536572.6666666667,4,7.927966496413586e-06,1000875.0,False,True,repeated value in upper 1% tail
1984,1537500.0,2,3.963983248206793e-06,1000875.0,False,True,repeated value in upper 1% tail
1984,1538714.5,4,7.927966496413586e-06,1000875.0,False,True,repeated value in upper 1% tail
1984,1540000.0,2,3.963983248206793e-06,1000875.0,False,True,repeated value in upper 1% tail
1984,1540552.0,5,9.909958120516983e-06,1000875.0,False,True,repeated value in upper 1% tail
1984,1541562.5,2,3.963983248206793e-06,1000875.0,False,True,repeated value in upper 1% tail
1984,1545000.0,2,3.963983248206793e-06,1000875.0,False,True,repeated value in upper 1% tail
1984,1546800.0,5,9.909958120516983e-06,1000875.0,False,True,repeated value in upper 1% tail
1984,1548333.3333333333,3,5.945974872310189e-06,1000875.0,False,True,repeated value in upper 1% tail
1984,1548500.0,2,3.963983248206793e-06,1000875.0,False,True,repeated value in upper 1% tail
1984,1549999.0,4,7.927966496413586e-06,1000875.0,False,True,repeated value in upper 1% tail
1984,1550000.0,19,3.765784085796454e-05,1000875.0,False,True,repeated value in upper 1% tail
1984,1552552.5,2,3.963983248206793e-06,1000875.0,False,True,repeated value in upper 1% tail
1984,1554044.0,2,3.963983248206793e-06,1000875.0,False,True,repeated value in upper 1% tail
1984,1555016.6666666667,3,5.945974872310189e-06,1000875.0,False,True,repeated value in upper 1% tail
1984,1560000.0,5,9.909958120516983e-06,1000875.0,False,True,repeated value in upper 1% tail
1984,1562500.0,4,7.927966496413586e-06,1000875.0,False,True,repeated value in upper 1% tail
1984,1565000.0,7,1.3873941368723776e-05,1000875.0,False,True,repeated value in upper 1% tail
1984,1566000.0,3,5.945974872310189e-06,1000875.0,False,True,repeated value in upper 1% tail
1984,1566666.6666666667,3,5.945974872310189e-06,1000875.0,False,True,repeated value in upper 1% tail
1984,1568000.0,4,7.927966496413586e-06,1000875.0,False,True,repeated value in upper 1% tail
1984,1570000.0,3,5.945974872310189e-06,1000875.0,False,True,repeated value in upper 1% tail
1984,1573238.6666666667,5,9.909958120516983e-06,1000875.0,False,True,repeated value in upper 1% tail
1984,1575000.0,5,9.909958120516983e-06,1000875.0,False,True,repeated value in upper 1% tail
1984,1576572.6666666667,3,5.945974872310189e-06,1000875.0,False,True,repeated value in upper 1% tail
1984,1579000.0,2,3.963983248206793e-06,1000875.0,False,True,repeated value in upper 1% tail
1984,1580000.0,3,5.945974872310189e-06,1000875.0,False,True,repeated value in upper 1% tail
1984,1583333.3333333333,7,1.3873941368723776e-05,1000875.0,False,True,repeated value in upper 1% tail
1984,1584600.0,6,1.1891949744620378e-05,1000875.0,False,True,repeated value in upper 1% tail
1984,1585000.0,4,7.927966496413586e-06,1000875.0,False,True,repeated value in upper 1% tail
1984,1585500.0,4,7.927966496413586e-06,1000875.0,False,True,repeated value in upper 1% tail
1984,1586572.0,6,1.1891949744620378e-05,1000875.0,False,True,repeated value in upper 1% tail
1984,1587500.0,5,9.909958120516983e-06,1000875.0,False,True,repeated value in upper 1% tail
1984,1590000.0,3,5.945974872310189e-06,1000875.0,False,True,repeated value in upper 1% tail
1984,1592000.0,2,3.963983248206793e-06,1000875.0,False,True,repeated value in upper 1% tail
1984,1595000.0,3,5.945974872310189e-06,1000875.0,False,True,repeated value in upper 1% tail
1984,1597429.5,4,7.927966496413586e-06,1000875.0,False,True,repeated value in upper 1% tail
1984,1600000.0,28,5.54957654748951e-05,1000875.0,False,True,repeated value in upper 1% tail
1984,1600350.0,5,9.909958120516983e-06,1000875.0,False,True,repeated value in upper 1% tail
1984,1601619.6666666667,4,7.927966496413586e-06,1000875.0,False,True,repeated value in upper 1% tail
1984,1602500.0,2,3.963983248206793e-06,1000875.0,False,True,repeated value in upper 1% tail
1984,1603333.3333333333,3,5.945974872310189e-06,1000875.0,False,True,repeated value in upper 1% tail
1984,1603750.0,2,3.963983248206793e-06,1000875.0,False,True,repeated value in upper 1% tail
1984,1604300.5,2,3.963983248206793e-06,1000875.0,False,True,repeated value in upper 1% tail
1984,1604858.0,4,7.927966496413586e-06,1000875.0,False,True,repeated value in upper 1% tail
1984,1607500.0,6,1.1891949744620378e-05,1000875.0,False,True,repeated value in upper 1% tail
1984,1608500.0,2,3.963983248206793e-06,1000875.0,False,True,repeated value in upper 1% tail
1984,1613500.0,2,3.963983248206793e-06,1000875.0,False,True,repeated value in upper 1% tail
1984,1614000.0,4,7.927966496413586e-06,1000875.0,False,True,repeated value in upper 1% tail
1984,1617359.0,4,7.927966496413586e-06,1000875.0,False,True,repeated value in upper 1% tail
1984,1619772.0,2,3.963983248206793e-06,1000875.0,False,True,repeated value in upper 1% tail
1984,1620172.0,6,1.1891949744620378e-05,1000875.0,False,True,repeated value in upper 1% tail
1984,1625000.0,17,3.369385760975774e-05,1000875.0,False,True,repeated value in upper 1% tail
1984,1625629.3333333333,3,5.945974872310189e-06,1000875.0,False,True,repeated value in upper 1% tail
1984,1627429.5,4,7.927966496413586e-06,1000875.0,False,True,repeated value in upper 1% tail
1984,1632500.0,2,3.963983248206793e-06,1000875.0,False,True,repeated value in upper 1% tail
1984,1633333.3333333333,7,1.3873941368723776e-05,1000875.0,False,True,repeated value in upper 1% tail
1984,1635000.0,4,7.927966496413586e-06,1000875.0,False,True,repeated value in upper 1% tail
1984,1650000.0,29,5.7477757098998497e-05,1000875.0,False,True,repeated value in upper 1% tail
1984,1655750.0,6,1.1891949744620378e-05,1000875.0,False,True,repeated value in upper 1% tail
1984,1660000.0,3,5.945974872310189e-06,1000875.0,False,True,repeated value in upper 1% tail
1984,1662500.0,8,1.585593299282717e-05,1000875.0,False,True,repeated value in upper 1% tail
1984,1665000.0,2,3.963983248206793e-06,1000875.0,False,True,repeated value in upper 1% tail
1984,1666666.6666666667,29,5.7477757098998497e-05,1000875.0,False,True,repeated value in upper 1% tail
1984,1667500.0,2,3.963983248206793e-06,1000875.0,False,True,repeated value in upper 1% tail
1984,1669600.0,3,5.945974872310189e-06,1000875.0,False,True,repeated value in upper 1% tail
1984,1675000.0,5,9.909958120516983e-06,1000875.0,False,True,repeated value in upper 1% tail
1984,1678333.3333333333,3,5.945974872310189e-06,1000875.0,False,True,repeated value in upper 1% tail
1984,1680000.0,5,9.909958120516983e-06,1000875.0,False,True,repeated value in upper 1% tail
1984,1683333.3333333333,6,1.1891949744620378e-05,1000875.0,False,True,repeated value in upper 1% tail
1984,1685000.0,3,5.945974872310189e-06,1000875.0,False,True,repeated value in upper 1% tail
1984,1685383.0,3,5.945974872310189e-06,1000875.0,False,True,repeated value in upper 1% tail
1984,1689800.0,2,3.963983248206793e-06,1000875.0,False,True,repeated value in upper 1% tail
1984,1691780.0,2,3.963983248206793e-06,1000875.0,False,True,repeated value in upper 1% tail
1984,1699053.3333333333,3,5.945974872310189e-06,1000875.0,False,True,repeated value in upper 1% tail
1984,1700000.0,17,3.369385760975774e-05,1000875.0,False,True,repeated value in upper 1% tail
1984,1700179.5,3,5.945974872310189e-06,1000875.0,False,True,repeated value in upper 1% tail
1984,1704479.0,3,5.945974872310189e-06,1000875.0,False,True,repeated value in upper 1% tail
1984,1705000.0,2,3.963983248206793e-06,1000875.0,False,True,repeated value in upper 1% tail
1984,1706666.6666666667,3,5.945974872310189e-06,1000875.0,False,True,repeated value in upper 1% tail
1984,1708250.0,3,5.945974872310189e-06,1000875.0,False,True,repeated value in upper 1% tail
1984,1709392.0,3,5.945974872310189e-06,1000875.0,False,True,repeated value in upper 1% tail
1984,1710000.0,2,3.963983248206793e-06,1000875.0,False,True,repeated value in upper 1% tail
1984,1711500.0,3,5.945974872310189e-06,1000875.0,False,True,repeated value in upper 1% tail
1984,1712500.0,2,3.963983248206793e-06,1000875.0,False,True,repeated value in upper 1% tail
1984,1725000.0,2,3.963983248206793e-06,1000875.0,False,True,repeated value in upper 1% tail
1984,1725500.0,2,3.963983248206793e-06,1000875.0,False,True,repeated value in upper 1% tail
1984,1727500.0,4,7.927966496413586e-06,1000875.0,False,True,repeated value in upper 1% tail
1984,1729906.0,5,9.909958120516983e-06,1000875.0,False,True,repeated value in upper 1% tail
1984,1733333.3333333333,8,1.585593299282717e-05,1000875.0,False,True,repeated value in upper 1% tail
1984,1735875.0,6,1.1891949744620378e-05,1000875.0,False,True,repeated value in upper 1% tail
1984,1738333.3333333333,3,5.945974872310189e-06,1000875.0,False,True,repeated value in upper 1% tail
1984,1740000.0,2,3.963983248206793e-06,1000875.0,False,True,repeated value in upper 1% tail
1984,1741775.4,5,9.909958120516983e-06,1000875.0,False,True,repeated value in upper 1% tail
1984,1742000.0,3,5.945974872310189e-06,1000875.0,False,True,repeated value in upper 1% tail
1984,1745000.0,2,3.963983248206793e-06,1000875.0,False,True,repeated value in upper 1% tail
1984,1749000.0,2,3.963983248206793e-06,1000875.0,False,True,repeated value in upper 1% tail
1984,1749166.6666666667,3,5.945974872310189e-06,1000875.0,False,True,repeated value in upper 1% tail
1984,1750000.0,45,8.918962308465285e-05,1000875.0,False,True,repeated value in upper 1% tail
1984,1751000.0,2,3.963983248206793e-06,1000875.0,False,True,repeated value in upper 1% tail
1984,1752750.0,2,3.963983248206793e-06,1000875.0,False,True,repeated value in upper 1% tail
1984,1755419.0,2,3.963983248206793e-06,1000875.0,False,True,repeated value in upper 1% tail
1984,1756864.3333333333,5,9.909958120516983e-06,1000875.0,False,True,repeated value in upper 1% tail
1984,1757500.0,2,3.963983248206793e-06,1000875.0,False,True,repeated value in upper 1% tail
1984,1758426.5,2,3.963983248206793e-06,1000875.0,False,True,repeated value in upper 1% tail
1984,1759401.5,2,3.963983248206793e-06,1000875.0,False,True,repeated value in upper 1% tail
1984,1760000.0,2,3.963983248206793e-06,1000875.0,False,True,repeated value in upper 1% tail
1984,1760437.5,5,9.909958120516983e-06,1000875.0,False,True,repeated value in upper 1% tail
1984,1765004.5,3,5.945974872310189e-06,1000875.0,False,True,repeated value in upper 1% tail
1984,1768286.0,3,5.945974872310189e-06,1000875.0,False,True,repeated value in upper 1% tail
1984,1769906.0,4,7.927966496413586e-06,1000875.0,False,True,repeated value in upper 1% tail
1984,1775000.0,12,2.3783899489240757e-05,1000875.0,False,True,repeated value in upper 1% tail
1984,1780000.0,2,3.963983248206793e-06,1000875.0,False,True,repeated value in upper 1% tail
1984,1782333.3333333333,4,7.927966496413586e-06,1000875.0,False,True,repeated value in upper 1% tail
1984,1793200.0,3,5.945974872310189e-06,1000875.0,False,True,repeated value in upper 1% tail
1984,1794133.3333333333,3,5.945974872310189e-06,1000875.0,False,True,repeated value in upper 1% tail
1984,1796666.6666666667,4,7.927966496413586e-06,1000875.0,False,True,repeated value in upper 1% tail
1984,1800000.0,34,6.738771521951549e-05,1000875.0,False,True,repeated value in upper 1% tail
1984,1803239.3333333333,3,5.945974872310189e-06,1000875.0,False,True,repeated value in upper 1% tail
1984,1803333.3333333333,3,5.945974872310189e-06,1000875.0,False,True,repeated value in upper 1% tail
1984,1803500.0,6,1.1891949744620378e-05,1000875.0,False,True,repeated value in upper 1% tail
1984,1805000.0,2,3.963983248206793e-06,1000875.0,False,True,repeated value in upper 1% tail
1984,1805500.0,5,9.909958120516983e-06,1000875.0,False,True,repeated value in upper 1% tail
1984,1807000.0,2,3.963983248206793e-06,1000875.0,False,True,repeated value in upper 1% tail
1984,1812500.0,5,9.909958120516983e-06,1000875.0,False,True,repeated value in upper 1% tail
1984,1813333.3333333333,3,5.945974872310189e-06,1000875.0,False,True,repeated value in upper 1% tail
1984,1820000.0,3,5.945974872310189e-06,1000875.0,False,True,repeated value in upper 1% tail
1984,1825000.0,12,2.3783899489240757e-05,1000875.0,False,True,repeated value in upper 1% tail
1984,1826000.0,2,3.963983248206793e-06,1000875.0,False,True,repeated value in upper 1% tail
1984,1830000.0,11,2.1801907865137363e-05,1000875.0,False,True,repeated value in upper 1% tail
1984,1832622.0,2,3.963983248206793e-06,1000875.0,False,True,repeated value in upper 1% tail
1984,1836250.0,7,1.3873941368723776e-05,1000875.0,False,True,repeated value in upper 1% tail
1984,1850000.0,16,3.171186598565434e-05,1000875.0,False,True,repeated value in upper 1% tail
1984,1852500.0,2,3.963983248206793e-06,1000875.0,False,True,repeated value in upper 1% tail
1984,1864063.5,2,3.963983248206793e-06,1000875.0,False,True,repeated value in upper 1% tail
1984,1866666.6666666667,6,1.1891949744620378e-05,1000875.0,False,True,repeated value in upper 1% tail
1984,1869000.0,5,9.909958120516983e-06,1000875.0,False,True,repeated value in upper 1% tail
1984,1870000.0,4,7.927966496413586e-06,1000875.0,False,True,repeated value in upper 1% tail
1984,1872542.5,2,3.963983248206793e-06,1000875.0,False,True,repeated value in upper 1% tail
1984,1875000.0,14,2.774788273744755e-05,1000875.0,False,True,repeated value in upper 1% tail
1984,1879500.0,2,3.963983248206793e-06,1000875.0,False,True,repeated value in upper 1% tail
1984,1883333.3333333333,3,5.945974872310189e-06,1000875.0,False,True,repeated value in upper 1% tail
1984,1884777.0,2,3.963983248206793e-06,1000875.0,False,True,repeated value in upper 1% tail
1984,1891000.0,5,9.909958120516983e-06,1000875.0,False,True,repeated value in upper 1% tail
1984,1892500.0,2,3.963983248206793e-06,1000875.0,False,True,repeated value in upper 1% tail
1984,1900000.0,16,3.171186598565434e-05,1000875.0,False,True,repeated value in upper 1% tail
1984,1901570.5,2,3.963983248206793e-06,1000875.0,False,True,repeated value in upper 1% tail
1984,1901619.6666666667,3,5.945974872310189e-06,1000875.0,False,True,repeated value in upper 1% tail
1984,1902943.6,5,9.909958120516983e-06,1000875.0,False,True,repeated value in upper 1% tail
1984,1904000.0,3,5.945974872310189e-06,1000875.0,False,True,repeated value in upper 1% tail
1984,1907460.0,2,3.963983248206793e-06,1000875.0,False,True,repeated value in upper 1% tail
1984,1910000.0,4,7.927966496413586e-06,1000875.0,False,True,repeated value in upper 1% tail
1984,1913000.0,3,5.945974872310189e-06,1000875.0,False,True,repeated value in upper 1% tail
1984,1915000.0,4,7.927966496413586e-06,1000875.0,False,True,repeated value in upper 1% tail
1984,1923850.0,6,1.1891949744620378e-05,1000875.0,False,True,repeated value in upper 1% tail
1984,1925000.0,2,3.963983248206793e-06,1000875.0,False,True,repeated value in upper 1% tail
1984,1936044.0,4,7.927966496413586e-06,1000875.0,False,True,repeated value in upper 1% tail
1984,1940000.0,4,7.927966496413586e-06,1000875.0,False,True,repeated value in upper 1% tail
1984,1948750.0,5,9.909958120516983e-06,1000875.0,False,True,repeated value in upper 1% tail
1984,1950000.0,17,3.369385760975774e-05,1000875.0,False,True,repeated value in upper 1% tail
1984,1954619.6666666667,3,5.945974872310189e-06,1000875.0,False,True,repeated value in upper 1% tail
1984,1957132.5,5,9.909958120516983e-06,1000875.0,False,True,repeated value in upper 1% tail
1984,1964980.5,3,5.945974872310189e-06,1000875.0,False,True,repeated value in upper 1% tail
1984,1975000.0,2,3.963983248206793e-06,1000875.0,False,True,repeated value in upper 1% tail
1984,1975500.0,2,3.963983248206793e-06,1000875.0,False,True,repeated value in upper 1% tail
1984,1992851.6666666667,3,5.945974872310189e-06,1000875.0,False,True,repeated value in upper 1% tail
1984,2000000.0,76,0.00015063136343185815,1000875.0,False,True,repeated value in upper 1% tail
1984,2001619.6666666667,3,5.945974872310189e-06,1000875.0,False,True,repeated value in upper 1% tail
1984,2002429.5,4,7.927966496413586e-06,1000875.0,False,True,repeated value in upper 1% tail
1984,2005000.0,2,3.963983248206793e-06,1000875.0,False,True,repeated value in upper 1% tail
1984,2009000.0,2,3.963983248206793e-06,1000875.0,False,True,repeated value in upper 1% tail
1984,2011000.0,3,5.945974872310189e-06,1000875.0,False,True,repeated value in upper 1% tail
1984,2011250.0,2,3.963983248206793e-06,1000875.0,False,True,repeated value in upper 1% tail
1984,2020000.0,7,1.3873941368723776e-05,1000875.0,False,True,repeated value in upper 1% tail
1984,2021619.3333333333,4,7.927966496413586e-06,1000875.0,False,True,repeated value in upper 1% tail
1984,2022500.0,2,3.963983248206793e-06,1000875.0,False,True,repeated value in upper 1% tail
1984,2025000.0,6,1.1891949744620378e-05,1000875.0,False,True,repeated value in upper 1% tail
1984,2030275.5,2,3.963983248206793e-06,1000875.0,False,True,repeated value in upper 1% tail
1984,2035000.0,2,3.963983248206793e-06,1000875.0,False,True,repeated value in upper 1% tail
1984,2037500.0,2,3.963983248206793e-06,1000875.0,False,True,repeated value in upper 1% tail
1984,2045500.0,2,3.963983248206793e-06,1000875.0,False,True,repeated value in upper 1% tail
1984,2065000.0,2,3.963983248206793e-06,1000875.0,False,True,repeated value in upper 1% tail
1984,2066000.0,2,3.963983248206793e-06,1000875.0,False,True,repeated value in upper 1% tail
1984,2066500.0,2,3.963983248206793e-06,1000875.0,False,True,repeated value in upper 1% tail
1984,2066666.6666666667,3,5.945974872310189e-06,1000875.0,False,True,repeated value in upper 1% tail
1984,2067833.3333333333,4,7.927966496413586e-06,1000875.0,False,True,repeated value in upper 1% tail
1984,2070000.0,3,5.945974872310189e-06,1000875.0,False,True,repeated value in upper 1% tail
1984,2075000.0,4,7.927966496413586e-06,1000875.0,False,True,repeated value in upper 1% tail
1984,2075860.6666666667,4,7.927966496413586e-06,1000875.0,False,True,repeated value in upper 1% tail
1984,2083333.3333333333,3,5.945974872310189e-06,1000875.0,False,True,repeated value in upper 1% tail
1984,2099224.5,2,3.963983248206793e-06,1000875.0,False,True,repeated value in upper 1% tail
1984,2100000.0,14,2.774788273744755e-05,1000875.0,False,True,repeated value in upper 1% tail
1984,2103750.0,4,7.927966496413586e-06,1000875.0,False,True,repeated value in upper 1% tail
1984,2106000.0,3,5.945974872310189e-06,1000875.0,False,True,repeated value in upper 1% tail
1984,2109286.5,2,3.963983248206793e-06,1000875.0,False,True,repeated value in upper 1% tail
1984,2111333.3333333335,3,5.945974872310189e-06,1000875.0,False,True,repeated value in upper 1% tail
1984,2111400.0,2,3.963983248206793e-06,1000875.0,False,True,repeated value in upper 1% tail
1984,2118286.3333333335,3,5.945974872310189e-06,1000875.0,False,True,repeated value in upper 1% tail
1984,2125000.0,8,1.585593299282717e-05,1000875.0,False,True,repeated value in upper 1% tail
1984,2130000.0,5,9.909958120516983e-06,1000875.0,False,True,repeated value in upper 1% tail
1984,2138300.0,2,3.963983248206793e-06,1000875.0,False,True,repeated value in upper 1% tail
1984,2148000.0,2,3.963983248206793e-06,1000875.0,False,True,repeated value in upper 1% tail
1984,2150000.0,4,7.927966496413586e-06,1000875.0,False,True,repeated value in upper 1% tail
1984,2156750.0,2,3.963983248206793e-06,1000875.0,False,True,repeated value in upper 1% tail
1984,2173333.3333333335,4,7.927966496413586e-06,1000875.0,False,True,repeated value in upper 1% tail
1984,2175000.0,2,3.963983248206793e-06,1000875.0,False,True,repeated value in upper 1% tail
1984,2186500.0,3,5.945974872310189e-06,1000875.0,False,True,repeated value in upper 1% tail
1984,2187666.6666666665,3,5.945974872310189e-06,1000875.0,False,True,repeated value in upper 1% tail
1984,2195000.0,5,9.909958120516983e-06,1000875.0,False,True,repeated value in upper 1% tail
1984,2198593.0,4,7.927966496413586e-06,1000875.0,False,True,repeated value in upper 1% tail
1984,2200000.0,20,3.963983248206793e-05,1000875.0,False,True,repeated value in upper 1% tail
1984,2201500.0,2,3.963983248206793e-06,1000875.0,False,True,repeated value in upper 1% tail
1984,2203749.5,5,9.909958120516983e-06,1000875.0,False,True,repeated value in upper 1% tail
1984,2206000.0,2,3.963983248206793e-06,1000875.0,False,True,repeated value in upper 1% tail
1984,2215000.0,2,3.963983248206793e-06,1000875.0,False,True,repeated value in upper 1% tail
1984,2216666.6666666665,3,5.945974872310189e-06,1000875.0,False,True,repeated value in upper 1% tail
1984,2222212.5,2,3.963983248206793e-06,1000875.0,False,True,repeated value in upper 1% tail
1984,2228257.0,7,1.3873941368723776e-05,1000875.0,False,True,repeated value in upper 1% tail
1984,2229562.6666666665,3,5.945974872310189e-06,1000875.0,False,True,repeated value in upper 1% tail
1984,2240000.0,3,5.945974872310189e-06,1000875.0,False,True,repeated value in upper 1% tail
1984,2250000.0,18,3.567584923386114e-05,1000875.0,False,True,repeated value in upper 1% tail
1984,2255000.0,3,5.945974872310189e-06,1000875.0,False,True,repeated value in upper 1% tail
1984,2260000.0,2,3.963983248206793e-06,1000875.0,False,True,repeated value in upper 1% tail
1984,2273333.3333333335,3,5.945974872310189e-06,1000875.0,False,True,repeated value in upper 1% tail
1984,2275000.0,2,3.963983248206793e-06,1000875.0,False,True,repeated value in upper 1% tail
1984,2278278.5,3,5.945974872310189e-06,1000875.0,False,True,repeated value in upper 1% tail
1984,2291000.0,2,3.963983248206793e-06,1000875.0,False,True,repeated value in upper 1% tail
1984,2292608.0,4,7.927966496413586e-06,1000875.0,False,True,repeated value in upper 1% tail
1984,2300000.0,7,1.3873941368723776e-05,1000875.0,False,True,repeated value in upper 1% tail
1984,2305333.3333333335,3,5.945974872310189e-06,1000875.0,False,True,repeated value in upper 1% tail
1984,2306666.6666666665,3,5.945974872310189e-06,1000875.0,False,True,repeated value in upper 1% tail
1984,2312500.0,3,5.945974872310189e-06,1000875.0,False,True,repeated value in upper 1% tail
1984,2317581.0,3,5.945974872310189e-06,1000875.0,False,True,repeated value in upper 1% tail
1984,2325000.0,2,3.963983248206793e-06,1000875.0,False,True,repeated value in upper 1% tail
1984,2332333.3333333335,3,5.945974872310189e-06,1000875.0,False,True,repeated value in upper 1% tail
1984,2333333.3333333335,9,1.783792461693057e-05,1000875.0,False,True,repeated value in upper 1% tail
1984,2334953.0,3,5.945974872310189e-06,1000875.0,False,True,repeated value in upper 1% tail
1984,2340000.0,2,3.963983248206793e-06,1000875.0,False,True,repeated value in upper 1% tail
1984,2342500.0,2,3.963983248206793e-06,1000875.0,False,True,repeated value in upper 1% tail
1984,2347500.0,3,5.945974872310189e-06,1000875.0,False,True,repeated value in upper 1% tail
1984,2350000.0,4,7.927966496413586e-06,1000875.0,False,True,repeated value in upper 1% tail
1984,2356250.0,4,7.927966496413586e-06,1000875.0,False,True,repeated value in upper 1% tail
1984,2364500.0,2,3.963983248206793e-06,1000875.0,False,True,repeated value in upper 1% tail
1984,2367833.3333333335,4,7.927966496413586e-06,1000875.0,False,True,repeated value in upper 1% tail
1984,2376000.0,2,3.963983248206793e-06,1000875.0,False,True,repeated value in upper 1% tail
1984,2381250.0,4,7.927966496413586e-06,1000875.0,False,True,repeated value in upper 1% tail
1984,2386108.75,4,7.927966496413586e-06,1000875.0,False,True,repeated value in upper 1% tail
1984,2396036.0,3,5.945974872310189e-06,1000875.0,False,True,repeated value in upper 1% tail
1984,2400000.0,19,3.765784085796454e-05,1000875.0,False,True,repeated value in upper 1% tail
1984,2433333.3333333335,3,5.945974872310189e-06,1000875.0,False,True,repeated value in upper 1% tail
1984,2441890.0,2,3.963983248206793e-06,1000875.0,False,True,repeated value in upper 1% tail
1984,2446666.6666666665,4,7.927966496413586e-06,1000875.0,False,True,repeated value in upper 1% tail
1984,2448000.0,2,3.963983248206793e-06,1000875.0,False,True,repeated value in upper 1% tail
1984,2450000.0,2,3.963983248206793e-06,1000875.0,False,True,repeated value in upper 1% tail
1984,2462000.0,2,3.963983248206793e-06,1000875.0,False,True,repeated value in upper 1% tail
1984,2464750.0,2,3.963983248206793e-06,1000875.0,False,True,repeated value in upper 1% tail
1984,2466666.6666666665,3,5.945974872310189e-06,1000875.0,False,True,repeated value in upper 1% tail
1984,2475000.0,4,7.927966496413586e-06,1000875.0,False,True,repeated value in upper 1% tail
1984,2476250.0,4,7.927966496413586e-06,1000875.0,False,True,repeated value in upper 1% tail
1984,2477000.0,2,3.963983248206793e-06,1000875.0,False,True,repeated value in upper 1% tail
1984,2477429.5,4,7.927966496413586e-06,1000875.0,False,True,repeated value in upper 1% tail
1984,2477500.0,5,9.909958120516983e-06,1000875.0,False,True,repeated value in upper 1% tail
1984,2499500.0,4,7.927966496413586e-06,1000875.0,False,True,repeated value in upper 1% tail
1984,2499998.5,4,7.927966496413586e-06,1000875.0,False,True,repeated value in upper 1% tail
1984,2499999.5,17,3.369385760975774e-05,1000875.0,False,True,repeated value in upper 1% tail
1984,2500000.0,14,2.774788273744755e-05,1000875.0,False,True,repeated value in upper 1% tail
1984,2504953.0,4,7.927966496413586e-06,1000875.0,False,True,repeated value in upper 1% tail
1984,2543000.0,3,5.945974872310189e-06,1000875.0,False,True,repeated value in upper 1% tail
1984,2548178.3333333335,4,7.927966496413586e-06,1000875.0,False,True,repeated value in upper 1% tail
1984,2550000.0,3,5.945974872310189e-06,1000875.0,False,True,repeated value in upper 1% tail
1984,2558500.0,3,5.945974872310189e-06,1000875.0,False,True,repeated value in upper 1% tail
1984,2563500.0,2,3.963983248206793e-06,1000875.0,False,True,repeated value in upper 1% tail
1984,2575000.0,2,3.963983248206793e-06,1000875.0,False,True,repeated value in upper 1% tail
1984,2576750.0,2,3.963983248206793e-06,1000875.0,False,True,repeated value in upper 1% tail
1984,2596666.6666666665,3,5.945974872310189e-06,1000875.0,False,True,repeated value in upper 1% tail
1984,2597176.0,3,5.945974872310189e-06,1000875.0,False,True,repeated value in upper 1% tail
1984,2600000.0,4,7.927966496413586e-06,1000875.0,False,True,repeated value in upper 1% tail
1984,2608750.0,2,3.963983248206793e-06,1000875.0,False,True,repeated value in upper 1% tail
1984,2625000.0,3,5.945974872310189e-06,1000875.0,False,True,repeated value in upper 1% tail
1984,2664411.0,2,3.963983248206793e-06,1000875.0,False,True,repeated value in upper 1% tail
1984,2670000.0,3,5.945974872310189e-06,1000875.0,False,True,repeated value in upper 1% tail
1984,2672500.0,2,3.963983248206793e-06,1000875.0,False,True,repeated value in upper 1% tail
1984,2675000.0,5,9.909958120516983e-06,1000875.0,False,True,repeated value in upper 1% tail
1984,2700000.0,9,1.783792461693057e-05,1000875.0,False,True,repeated value in upper 1% tail
1984,2710500.0,3,5.945974872310189e-06,1000875.0,False,True,repeated value in upper 1% tail
1984,2726774.5,2,3.963983248206793e-06,1000875.0,False,True,repeated value in upper 1% tail
1984,2730000.0,3,5.945974872310189e-06,1000875.0,False,True,repeated value in upper 1% tail
1984,2743750.0,3,5.945974872310189e-06,1000875.0,False,True,repeated value in upper 1% tail
1984,2750000.0,8,1.585593299282717e-05,1000875.0,False,True,repeated value in upper 1% tail
1984,2799000.0,4,7.927966496413586e-06,1000875.0,False,True,repeated value in upper 1% tail
1984,2800000.0,12,2.3783899489240757e-05,1000875.0,False,True,repeated value in upper 1% tail
1984,2810336.0,3,5.945974872310189e-06,1000875.0,False,True,repeated value in upper 1% tail
1984,2822000.0,4,7.927966496413586e-06,1000875.0,False,True,repeated value in upper 1% tail
1984,2850000.0,3,5.945974872310189e-06,1000875.0,False,True,repeated value in upper 1% tail
1984,2868286.3333333335,3,5.945974872310189e-06,1000875.0,False,True,repeated value in upper 1% tail
1984,2874953.0,3,5.945974872310189e-06,1000875.0,False,True,repeated value in upper 1% tail
1984,2897500.0,2,3.963983248206793e-06,1000875.0,False,True,repeated value in upper 1% tail
1984,2900000.0,3,5.945974872310189e-06,1000875.0,False,True,repeated value in upper 1% tail
1984,2904500.0,2,3.963983248206793e-06,1000875.0,False,True,repeated value in upper 1% tail
1984,2933189.3333333335,3,5.945974872310189e-06,1000875.0,False,True,repeated value in upper 1% tail
1984,2978551.0,3,5.945974872310189e-06,1000875.0,False,True,repeated value in upper 1% tail
1984,3000000.0,35,6.936970684361888e-05,1000875.0,False,True,repeated value in upper 1% tail
1984,3003666.6666666665,3,5.945974872310189e-06,1000875.0,False,True,repeated value in upper 1% tail
1984,3019500.0,3,5.945974872310189e-06,1000875.0,False,True,repeated value in upper 1% tail
1984,3025000.0,2,3.963983248206793e-06,1000875.0,False,True,repeated value in upper 1% tail
1984,3057500.0,2,3.963983248206793e-06,1000875.0,False,True,repeated value in upper 1% tail
1984,3100000.0,5,9.909958120516983e-06,1000875.0,False,True,repeated value in upper 1% tail
1984,3125000.0,2,3.963983248206793e-06,1000875.0,False,True,repeated value in upper 1% tail
1984,3130000.0,3,5.945974872310189e-06,1000875.0,False,True,repeated value in upper 1% tail
1984,3150000.0,2,3.963983248206793e-06,1000875.0,False,True,repeated value in upper 1% tail
1984,3153000.0,2,3.963983248206793e-06,1000875.0,False,True,repeated value in upper 1% tail
1984,3161500.0,2,3.963983248206793e-06,1000875.0,False,True,repeated value in upper 1% tail
1984,3185000.0,2,3.963983248206793e-06,1000875.0,False,True,repeated value in upper 1% tail
1984,3200000.0,5,9.909958120516983e-06,1000875.0,False,True,repeated value in upper 1% tail
1984,3216579.0,2,3.963983248206793e-06,1000875.0,False,True,repeated value in upper 1% tail
1984,3228000.0,3,5.945974872310189e-06,1000875.0,False,True,repeated value in upper 1% tail
1984,3240000.0,2,3.963983248206793e-06,1000875.0,False,True,repeated value in upper 1% tail
1984,3250000.0,6,1.1891949744620378e-05,1000875.0,False,True,repeated value in upper 1% tail
1984,3317498.0,3,5.945974872310189e-06,1000875.0,False,True,repeated value in upper 1% tail
1984,3319500.0,3,5.945974872310189e-06,1000875.0,False,True,repeated value in upper 1% tail
1984,3333332.6666666665,4,7.927966496413586e-06,1000875.0,False,True,repeated value in upper 1% tail
1984,3375000.0,2,3.963983248206793e-06,1000875.0,False,True,repeated value in upper 1% tail
1984,3400000.0,3,5.945974872310189e-06,1000875.0,False,True,repeated value in upper 1% tail
1984,3415000.0,2,3.963983248206793e-06,1000875.0,False,True,repeated value in upper 1% tail
1984,3420000.0,2,3.963983248206793e-06,1000875.0,False,True,repeated value in upper 1% tail
1984,3422500.0,2,3.963983248206793e-06,1000875.0,False,True,repeated value in upper 1% tail
1984,3455000.0,2,3.963983248206793e-06,1000875.0,False,True,repeated value in upper 1% tail
1984,3462500.0,2,3.963983248206793e-06,1000875.0,False,True,repeated value in upper 1% tail
1984,3475000.0,3,5.945974872310189e-06,1000875.0,False,True,repeated value in upper 1% tail
1984,3485930.0,2,3.963983248206793e-06,1000875.0,False,True,repeated value in upper 1% tail
1984,3500000.0,12,2.3783899489240757e-05,1000875.0,False,True,repeated value in upper 1% tail
1984,3524999.0,2,3.963983248206793e-06,1000875.0,False,True,repeated value in upper 1% tail
1984,3530000.0,2,3.963983248206793e-06,1000875.0,False,True,repeated value in upper 1% tail
1984,3542000.0,2,3.963983248206793e-06,1000875.0,False,True,repeated value in upper 1% tail
1984,3579000.0,3,5.945974872310189e-06,1000875.0,False,True,repeated value in upper 1% tail
1984,3600000.0,4,7.927966496413586e-06,1000875.0,False,True,repeated value in upper 1% tail
1984,3650000.0,2,3.963983248206793e-06,1000875.0,False,True,repeated value in upper 1% tail
1984,3692400.0,2,3.963983248206793e-06,1000875.0,False,True,repeated value in upper 1% tail
1984,3779500.0,4,7.927966496413586e-06,1000875.0,False,True,repeated value in upper 1% tail
1984,3800000.0,3,5.945974872310189e-06,1000875.0,False,True,repeated value in upper 1% tail
1984,3850000.0,2,3.963983248206793e-06,1000875.0,False,True,repeated value in upper 1% tail
1984,3935109.5,2,3.963983248206793e-06,1000875.0,False,True,repeated value in upper 1% tail
1984,4000000.0,4,7.927966496413586e-06,1000875.0,False,True,repeated value in upper 1% tail
1984,4030000.0,4,7.927966496413586e-06,1000875.0,False,True,repeated value in upper 1% tail
1984,4100000.0,2,3.963983248206793e-06,1000875.0,False,True,repeated value in upper 1% tail
1984,4200000.0,3,5.945974872310189e-06,1000875.0,False,True,repeated value in upper 1% tail
1984,4235000.0,2,3.963983248206793e-06,1000875.0,False,True,repeated value in upper 1% tail
1984,4250000.0,3,5.945974872310189e-06,1000875.0,False,True,repeated value in upper 1% tail
1984,4352000.0,2,3.963983248206793e-06,1000875.0,False,True,repeated value in upper 1% tail
1984,4465000.0,2,3.963983248206793e-06,1000875.0,False,True,repeated value in upper 1% tail
1984,4500000.0,7,1.3873941368723776e-05,1000875.0,False,True,repeated value in upper 1% tail
1984,4662500.0,4,7.927966496413586e-06,1000875.0,False,True,repeated value in upper 1% tail
1984,4715000.0,3,5.945974872310189e-06,1000875.0,False,True,repeated value in upper 1% tail
1984,4999999.0,2,3.963983248206793e-06,1000875.0,False,True,repeated value in upper 1% tail
1984,5000000.0,2,3.963983248206793e-06,1000875.0,False,True,repeated value in upper 1% tail
1984,6000000.0,4,7.927966496413586e-06,1000875.0,False,True,repeated value in upper 1% tail
1984,7000000.0,3,5.945974872310189e-06,1000875.0,False,True,repeated value in upper 1% tail
1984,8020000.0,2,3.963983248206793e-06,1000875.0,False,True,repeated value in upper 1% tail
1984,9999998.0,2,3.963983248206793e-06,1000875.0,True,True,metadata sentinel present
1985,3949784.0,2,3.89001375119861e-06,3945001.7600001856,False,True,repeated value in upper 1% tail
1985,3950000.0,22,4.279015126318471e-05,3945001.7600001856,False,True,repeated value in upper 1% tail
1985,3958280.0,4,7.78002750239722e-06,3945001.7600001856,False,True,repeated value in upper 1% tail
1985,3964000.0,6,1.167004125359583e-05,3945001.7600001856,False,True,repeated value in upper 1% tail
1985,3964500.0,6,1.167004125359583e-05,3945001.7600001856,False,True,repeated value in upper 1% tail
1985,3966666.6666666665,3,5.835020626797915e-06,3945001.7600001856,False,True,repeated value in upper 1% tail
1985,3977770.6666666665,3,5.835020626797915e-06,3945001.7600001856,False,True,repeated value in upper 1% tail
1985,3979156.0,5,9.725034377996526e-06,3945001.7600001856,False,True,repeated value in upper 1% tail
1985,3980000.0,3,5.835020626797915e-06,3945001.7600001856,False,True,repeated value in upper 1% tail
1985,3981600.0,5,9.725034377996526e-06,3945001.7600001856,False,True,repeated value in upper 1% tail
1985,3984437.3333333335,3,5.835020626797915e-06,3945001.7600001856,False,True,repeated value in upper 1% tail
1985,3985000.0,3,5.835020626797915e-06,3945001.7600001856,False,True,repeated value in upper 1% tail
1985,3990000.0,2,3.89001375119861e-06,3945001.7600001856,False,True,repeated value in upper 1% tail
1985,3991656.0,4,7.78002750239722e-06,3945001.7600001856,False,True,repeated value in upper 1% tail
1985,3995800.0,5,9.725034377996526e-06,3945001.7600001856,False,True,repeated value in upper 1% tail
1985,3999786.6666666665,4,7.78002750239722e-06,3945001.7600001856,False,True,repeated value in upper 1% tail
1985,4000000.0,269,0.0005232068495362131,3945001.7600001856,False,True,repeated value in upper 1% tail
1985,4003000.0,4,7.78002750239722e-06,3945001.7600001856,False,True,repeated value in upper 1% tail
1985,4003333.3333333335,4,7.78002750239722e-06,3945001.7600001856,False,True,repeated value in upper 1% tail
1985,4005552.0,9,1.7505061880393746e-05,3945001.7600001856,False,True,repeated value in upper 1% tail
1985,4007500.0,4,7.78002750239722e-06,3945001.7600001856,False,True,repeated value in upper 1% tail
1985,4008328.0,9,1.7505061880393746e-05,3945001.7600001856,False,True,repeated value in upper 1% tail
1985,4009993.6,5,9.725034377996526e-06,3945001.7600001856,False,True,repeated value in upper 1% tail
1985,4010000.0,2,3.89001375119861e-06,3945001.7600001856,False,True,repeated value in upper 1% tail
1985,4011103.3333333335,3,5.835020626797915e-06,3945001.7600001856,False,True,repeated value in upper 1% tail
1985,4011104.0,13,2.528508938279097e-05,3945001.7600001856,False,True,repeated value in upper 1% tail
1985,4014500.0,4,7.78002750239722e-06,3945001.7600001856,False,True,repeated value in upper 1% tail
1985,4016656.0,5,9.725034377996526e-06,3945001.7600001856,False,True,repeated value in upper 1% tail
1985,4019730.4,6,1.167004125359583e-05,3945001.7600001856,False,True,repeated value in upper 1% tail
1985,4019987.2,7,1.3615048129195137e-05,3945001.7600001856,False,True,repeated value in upper 1% tail
1985,4020000.0,5,9.725034377996526e-06,3945001.7600001856,False,True,repeated value in upper 1% tail
1985,4024750.0,2,3.89001375119861e-06,3945001.7600001856,False,True,repeated value in upper 1% tail
1985,4025000.0,13,2.528508938279097e-05,3945001.7600001856,False,True,repeated value in upper 1% tail
1985,4030000.0,4,7.78002750239722e-06,3945001.7600001856,False,True,repeated value in upper 1% tail
1985,4033328.0,4,7.78002750239722e-06,3945001.7600001856,False,True,repeated value in upper 1% tail
1985,4033333.3333333335,7,1.3615048129195137e-05,3945001.7600001856,False,True,repeated value in upper 1% tail
1985,4033906.0,5,9.725034377996526e-06,3945001.7600001856,False,True,repeated value in upper 1% tail
1985,4038000.0,3,5.835020626797915e-06,3945001.7600001856,False,True,repeated value in upper 1% tail
1985,4040000.0,4,7.78002750239722e-06,3945001.7600001856,False,True,repeated value in upper 1% tail
1985,4046560.0,2,3.89001375119861e-06,3945001.7600001856,False,True,repeated value in upper 1% tail
1985,4046666.6666666665,3,5.835020626797915e-06,3945001.7600001856,False,True,repeated value in upper 1% tail
1985,4049156.0,5,9.725034377996526e-06,3945001.7600001856,False,True,repeated value in upper 1% tail
1985,4050000.0,9,1.7505061880393746e-05,3945001.7600001856,False,True,repeated value in upper 1% tail
1985,4051656.0,4,7.78002750239722e-06,3945001.7600001856,False,True,repeated value in upper 1% tail
1985,4055000.0,2,3.89001375119861e-06,3945001.7600001856,False,True,repeated value in upper 1% tail
1985,4055552.0,3,5.835020626797915e-06,3945001.7600001856,False,True,repeated value in upper 1% tail
1985,4056666.6666666665,3,5.835020626797915e-06,3945001.7600001856,False,True,repeated value in upper 1% tail
1985,4058500.0,2,3.89001375119861e-06,3945001.7600001856,False,True,repeated value in upper 1% tail
1985,4059000.0,3,5.835020626797915e-06,3945001.7600001856,False,True,repeated value in upper 1% tail
1985,4059800.0,5,9.725034377996526e-06,3945001.7600001856,False,True,repeated value in upper 1% tail
1985,4061975.5,2,3.89001375119861e-06,3945001.7600001856,False,True,repeated value in upper 1% tail
1985,4066666.6666666665,9,1.7505061880393746e-05,3945001.7600001856,False,True,repeated value in upper 1% tail
1985,4067953.6,6,1.167004125359583e-05,3945001.7600001856,False,True,repeated value in upper 1% tail
1985,4070000.0,2,3.89001375119861e-06,3945001.7600001856,False,True,repeated value in upper 1% tail
1985,4072500.0,4,7.78002750239722e-06,3945001.7600001856,False,True,repeated value in upper 1% tail
1985,4075000.0,18,3.501012376078749e-05,3945001.7600001856,False,True,repeated value in upper 1% tail
1985,4077770.6666666665,6,1.167004125359583e-05,3945001.7600001856,False,True,repeated value in upper 1% tail
1985,4080000.0,4,7.78002750239722e-06,3945001.7600001856,False,True,repeated value in upper 1% tail
1985,4083333.3333333335,4,7.78002750239722e-06,3945001.7600001856,False,True,repeated value in upper 1% tail
1985,4085666.6666666665,3,5.835020626797915e-06,3945001.7600001856,False,True,repeated value in upper 1% tail
1985,4086649.6,5,9.725034377996526e-06,3945001.7600001856,False,True,repeated value in upper 1% tail
1985,4086944.4,7,1.3615048129195137e-05,3945001.7600001856,False,True,repeated value in upper 1% tail
1985,4088750.0,2,3.89001375119861e-06,3945001.7600001856,False,True,repeated value in upper 1% tail
1985,4088832.0,3,5.835020626797915e-06,3945001.7600001856,False,True,repeated value in upper 1% tail
1985,4090000.0,3,5.835020626797915e-06,3945001.7600001856,False,True,repeated value in upper 1% tail
1985,4100000.0,29,5.640519939237985e-05,3945001.7600001856,False,True,repeated value in upper 1% tail
1985,4103333.3333333335,4,7.78002750239722e-06,3945001.7600001856,False,True,repeated value in upper 1% tail
1985,4104000.0,4,7.78002750239722e-06,3945001.7600001856,False,True,repeated value in upper 1% tail
1985,4104437.3333333335,3,5.835020626797915e-06,3945001.7600001856,False,True,repeated value in upper 1% tail
1985,4105552.0,3,5.835020626797915e-06,3945001.7600001856,False,True,repeated value in upper 1% tail
1985,4106666.6666666665,3,5.835020626797915e-06,3945001.7600001856,False,True,repeated value in upper 1% tail
1985,4110120.0,5,9.725034377996526e-06,3945001.7600001856,False,True,repeated value in upper 1% tail
1985,4111104.0,3,5.835020626797915e-06,3945001.7600001856,False,True,repeated value in upper 1% tail
1985,4112500.0,2,3.89001375119861e-06,3945001.7600001856,False,True,repeated value in upper 1% tail
1985,4114285.714285714,7,1.3615048129195137e-05,3945001.7600001856,False,True,repeated value in upper 1% tail
1985,4120000.0,5,9.725034377996526e-06,3945001.7600001856,False,True,repeated value in upper 1% tail
1985,4122000.0,4,7.78002750239722e-06,3945001.7600001856,False,True,repeated value in upper 1% tail
1985,4124578.0,4,7.78002750239722e-06,3945001.7600001856,False,True,repeated value in upper 1% tail
1985,4125000.0,10,1.945006875599305e-05,3945001.7600001856,False,True,repeated value in upper 1% tail
1985,4129156.0,4,7.78002750239722e-06,3945001.7600001856,False,True,repeated value in upper 1% tail
1985,4130000.0,2,3.89001375119861e-06,3945001.7600001856,False,True,repeated value in upper 1% tail
1985,4133333.3333333335,5,9.725034377996526e-06,3945001.7600001856,False,True,repeated value in upper 1% tail
1985,4134350.0,4,7.78002750239722e-06,3945001.7600001856,False,True,repeated value in upper 1% tail
1985,4140000.0,10,1.945006875599305e-05,3945001.7600001856,False,True,repeated value in upper 1% tail
1985,4146400.0,5,9.725034377996526e-06,3945001.7600001856,False,True,repeated value in upper 1% tail
1985,4147478.3333333335,3,5.835020626797915e-06,3945001.7600001856,False,True,repeated value in upper 1% tail
1985,4149977.2,5,9.725034377996526e-06,3945001.7600001856,False,True,repeated value in upper 1% tail
1985,4150000.0,12,2.334008250719166e-05,3945001.7600001856,False,True,repeated value in upper 1% tail
1985,4165000.0,4,7.78002750239722e-06,3945001.7600001856,False,True,repeated value in upper 1% tail
1985,4166666.6666666665,16,3.112011000958888e-05,3945001.7600001856,False,True,repeated value in upper 1% tail
1985,4167324.8,5,9.725034377996526e-06,3945001.7600001856,False,True,repeated value in upper 1% tail
1985,4168000.0,4,7.78002750239722e-06,3945001.7600001856,False,True,repeated value in upper 1% tail
1985,4169442.6666666665,6,1.167004125359583e-05,3945001.7600001856,False,True,repeated value in upper 1% tail
1985,4175000.0,4,7.78002750239722e-06,3945001.7600001856,False,True,repeated value in upper 1% tail
1985,4177770.6666666665,6,1.167004125359583e-05,3945001.7600001856,False,True,repeated value in upper 1% tail
1985,4178750.0,4,7.78002750239722e-06,3945001.7600001856,False,True,repeated value in upper 1% tail
1985,4180000.0,14,2.7230096258390275e-05,3945001.7600001856,False,True,repeated value in upper 1% tail
1985,4185000.0,2,3.89001375119861e-06,3945001.7600001856,False,True,repeated value in upper 1% tail
1985,4185250.0,4,7.78002750239722e-06,3945001.7600001856,False,True,repeated value in upper 1% tail
1985,4197768.666666667,3,5.835020626797915e-06,3945001.7600001856,False,True,repeated value in upper 1% tail
1985,4198600.0,2,3.89001375119861e-06,3945001.7600001856,False,True,repeated value in upper 1% tail
1985,4200000.0,27,5.251518564118124e-05,3945001.7600001856,False,True,repeated value in upper 1% tail
1985,4205000.0,2,3.89001375119861e-06,3945001.7600001856,False,True,repeated value in upper 1% tail
1985,4210000.0,5,9.725034377996526e-06,3945001.7600001856,False,True,repeated value in upper 1% tail
1985,4216600.0,5,9.725034377996526e-06,3945001.7600001856,False,True,repeated value in upper 1% tail
1985,4220780.0,4,7.78002750239722e-06,3945001.7600001856,False,True,repeated value in upper 1% tail
1985,4227166.666666667,7,1.3615048129195137e-05,3945001.7600001856,False,True,repeated value in upper 1% tail
1985,4228666.666666667,6,1.167004125359583e-05,3945001.7600001856,False,True,repeated value in upper 1% tail
1985,4231509.0,2,3.89001375119861e-06,3945001.7600001856,False,True,repeated value in upper 1% tail
1985,4233328.0,4,7.78002750239722e-06,3945001.7600001856,False,True,repeated value in upper 1% tail
1985,4233333.333333333,12,2.334008250719166e-05,3945001.7600001856,False,True,repeated value in upper 1% tail
1985,4235664.0,3,5.835020626797915e-06,3945001.7600001856,False,True,repeated value in upper 1% tail
1985,4236000.0,2,3.89001375119861e-06,3945001.7600001856,False,True,repeated value in upper 1% tail
1985,4238885.333333333,4,7.78002750239722e-06,3945001.7600001856,False,True,repeated value in upper 1% tail
1985,4240000.0,7,1.3615048129195137e-05,3945001.7600001856,False,True,repeated value in upper 1% tail
1985,4244437.333333333,3,5.835020626797915e-06,3945001.7600001856,False,True,repeated value in upper 1% tail
1985,4250000.0,54,0.00010503037128236248,3945001.7600001856,False,True,repeated value in upper 1% tail
1985,4251500.0,2,3.89001375119861e-06,3945001.7600001856,False,True,repeated value in upper 1% tail
1985,4256300.0,2,3.89001375119861e-06,3945001.7600001856,False,True,repeated value in upper 1% tail
1985,4258328.0,10,1.945006875599305e-05,3945001.7600001856,False,True,repeated value in upper 1% tail
1985,4266655.0,5,9.725034377996526e-06,3945001.7600001856,False,True,repeated value in upper 1% tail
1985,4266656.0,4,7.78002750239722e-06,3945001.7600001856,False,True,repeated value in upper 1% tail
1985,4266666.666666667,13,2.528508938279097e-05,3945001.7600001856,False,True,repeated value in upper 1% tail
1985,4273437.5,5,9.725034377996526e-06,3945001.7600001856,False,True,repeated value in upper 1% tail
1985,4285714.285714285,7,1.3615048129195137e-05,3945001.7600001856,False,True,repeated value in upper 1% tail
1985,4287500.0,5,9.725034377996526e-06,3945001.7600001856,False,True,repeated value in upper 1% tail
1985,4287577.8,5,9.725034377996526e-06,3945001.7600001856,False,True,repeated value in upper 1% tail
1985,4289940.5,2,3.89001375119861e-06,3945001.7600001856,False,True,repeated value in upper 1% tail
1985,4294000.0,5,9.725034377996526e-06,3945001.7600001856,False,True,repeated value in upper 1% tail
1985,4300000.0,28,5.446019251678055e-05,3945001.7600001856,False,True,repeated value in upper 1% tail
1985,4304164.0,4,7.78002750239722e-06,3945001.7600001856,False,True,repeated value in upper 1% tail
1985,4305530.0,2,3.89001375119861e-06,3945001.7600001856,False,True,repeated value in upper 1% tail
1985,4307218.666666667,3,5.835020626797915e-06,3945001.7600001856,False,True,repeated value in upper 1% tail
1985,4316666.666666667,6,1.167004125359583e-05,3945001.7600001856,False,True,repeated value in upper 1% tail
1985,4317500.0,2,3.89001375119861e-06,3945001.7600001856,False,True,repeated value in upper 1% tail
1985,4321000.0,4,7.78002750239722e-06,3945001.7600001856,False,True,repeated value in upper 1% tail
1985,4322333.333333333,3,5.835020626797915e-06,3945001.7600001856,False,True,repeated value in upper 1% tail
1985,4325000.0,2,3.89001375119861e-06,3945001.7600001856,False,True,repeated value in upper 1% tail
1985,4325375.0,3,5.835020626797915e-06,3945001.7600001856,False,True,repeated value in upper 1% tail
1985,4331732.5,3,5.835020626797915e-06,3945001.7600001856,False,True,repeated value in upper 1% tail
1985,4333125.0,2,3.89001375119861e-06,3945001.7600001856,False,True,repeated value in upper 1% tail
1985,4333280.0,4,7.78002750239722e-06,3945001.7600001856,False,True,repeated value in upper 1% tail
1985,4333333.333333333,39,7.58552681483729e-05,3945001.7600001856,False,True,repeated value in upper 1% tail
1985,4333663.25,4,7.78002750239722e-06,3945001.7600001856,False,True,repeated value in upper 1% tail
1985,4335138.0,3,5.835020626797915e-06,3945001.7600001856,False,True,repeated value in upper 1% tail
1985,4337000.0,6,1.167004125359583e-05,3945001.7600001856,False,True,repeated value in upper 1% tail
1985,4338750.0,2,3.89001375119861e-06,3945001.7600001856,False,True,repeated value in upper 1% tail
1985,4338885.333333333,3,5.835020626797915e-06,3945001.7600001856,False,True,repeated value in upper 1% tail
1985,4341930.0,3,5.835020626797915e-06,3945001.7600001856,False,True,repeated value in upper 1% tail
1985,4344437.333333333,13,2.528508938279097e-05,3945001.7600001856,False,True,repeated value in upper 1% tail
1985,4347270.0,2,3.89001375119861e-06,3945001.7600001856,False,True,repeated value in upper 1% tail
1985,4349560.4,5,9.725034377996526e-06,3945001.7600001856,False,True,repeated value in upper 1% tail
1985,4350000.0,16,3.112011000958888e-05,3945001.7600001856,False,True,repeated value in upper 1% tail
1985,4352141.0,3,5.835020626797915e-06,3945001.7600001856,False,True,repeated value in upper 1% tail
1985,4360000.0,11,2.1395075631592356e-05,3945001.7600001856,False,True,repeated value in upper 1% tail
1985,4362930.5,3,5.835020626797915e-06,3945001.7600001856,False,True,repeated value in upper 1% tail
1985,4366660.0,5,9.725034377996526e-06,3945001.7600001856,False,True,repeated value in upper 1% tail
1985,4371000.0,2,3.89001375119861e-06,3945001.7600001856,False,True,repeated value in upper 1% tail
1985,4371428.571428572,7,1.3615048129195137e-05,3945001.7600001856,False,True,repeated value in upper 1% tail
1985,4375000.0,11,2.1395075631592356e-05,3945001.7600001856,False,True,repeated value in upper 1% tail
1985,4378873.333333333,3,5.835020626797915e-06,3945001.7600001856,False,True,repeated value in upper 1% tail
1985,4379164.0,4,7.78002750239722e-06,3945001.7600001856,False,True,repeated value in upper 1% tail
1985,4400000.0,11,2.1395075631592356e-05,3945001.7600001856,False,True,repeated value in upper 1% tail
1985,4404831.2,5,9.725034377996526e-06,3945001.7600001856,False,True,repeated value in upper 1% tail
1985,4405000.0,2,3.89001375119861e-06,3945001.7600001856,False,True,repeated value in upper 1% tail
1985,4405552.0,4,7.78002750239722e-06,3945001.7600001856,False,True,repeated value in upper 1% tail
1985,4410642.0,5,9.725034377996526e-06,3945001.7600001856,False,True,repeated value in upper 1% tail
1985,4418000.0,5,9.725034377996526e-06,3945001.7600001856,False,True,repeated value in upper 1% tail
1985,4425000.0,4,7.78002750239722e-06,3945001.7600001856,False,True,repeated value in upper 1% tail
1985,4433333.333333333,6,1.167004125359583e-05,3945001.7600001856,False,True,repeated value in upper 1% tail
1985,4442928.571428572,7,1.3615048129195137e-05,3945001.7600001856,False,True,repeated value in upper 1% tail
1985,4450000.0,11,2.1395075631592356e-05,3945001.7600001856,False,True,repeated value in upper 1% tail
1985,4450037.5,2,3.89001375119861e-06,3945001.7600001856,False,True,repeated value in upper 1% tail
1985,4453328.0,4,7.78002750239722e-06,3945001.7600001856,False,True,repeated value in upper 1% tail
1985,4459428.25,4,7.78002750239722e-06,3945001.7600001856,False,True,repeated value in upper 1% tail
1985,4459936.0,7,1.3615048129195137e-05,3945001.7600001856,False,True,repeated value in upper 1% tail
1985,4461104.0,3,5.835020626797915e-06,3945001.7600001856,False,True,repeated value in upper 1% tail
1985,4463328.0,5,9.725034377996526e-06,3945001.7600001856,False,True,repeated value in upper 1% tail
1985,4464030.0,2,3.89001375119861e-06,3945001.7600001856,False,True,repeated value in upper 1% tail
1985,4466075.0,4,7.78002750239722e-06,3945001.7600001856,False,True,repeated value in upper 1% tail
1985,4475000.0,5,9.725034377996526e-06,3945001.7600001856,False,True,repeated value in upper 1% tail
1985,4476885.333333333,3,5.835020626797915e-06,3945001.7600001856,False,True,repeated value in upper 1% tail
1985,4480000.0,3,5.835020626797915e-06,3945001.7600001856,False,True,repeated value in upper 1% tail
1985,4489108.5,2,3.89001375119861e-06,3945001.7600001856,False,True,repeated value in upper 1% tail
1985,4500000.0,85,0.00016532558442594096,3945001.7600001856,False,True,repeated value in upper 1% tail
1985,4502500.0,6,1.167004125359583e-05,3945001.7600001856,False,True,repeated value in upper 1% tail
1985,4504164.0,4,7.78002750239722e-06,3945001.7600001856,False,True,repeated value in upper 1% tail
1985,4504572.0,4,7.78002750239722e-06,3945001.7600001856,False,True,repeated value in upper 1% tail
1985,4505000.0,2,3.89001375119861e-06,3945001.7600001856,False,True,repeated value in upper 1% tail
1985,4505916.0,2,3.89001375119861e-06,3945001.7600001856,False,True,repeated value in upper 1% tail
1985,4506250.0,5,9.725034377996526e-06,3945001.7600001856,False,True,repeated value in upper 1% tail
1985,4510000.0,5,9.725034377996526e-06,3945001.7600001856,False,True,repeated value in upper 1% tail
1985,4511104.0,4,7.78002750239722e-06,3945001.7600001856,False,True,repeated value in upper 1% tail
1985,4511117.333333333,3,5.835020626797915e-06,3945001.7600001856,False,True,repeated value in upper 1% tail
1985,4512500.0,4,7.78002750239722e-06,3945001.7600001856,False,True,repeated value in upper 1% tail
1985,4516656.0,2,3.89001375119861e-06,3945001.7600001856,False,True,repeated value in upper 1% tail
1985,4516666.666666667,4,7.78002750239722e-06,3945001.7600001856,False,True,repeated value in upper 1% tail
1985,4518000.0,3,5.835020626797915e-06,3945001.7600001856,False,True,repeated value in upper 1% tail
1985,4521396.571428572,8,1.556005500479444e-05,3945001.7600001856,False,True,repeated value in upper 1% tail
1985,4525000.0,9,1.7505061880393746e-05,3945001.7600001856,False,True,repeated value in upper 1% tail
1985,4533333.333333333,7,1.3615048129195137e-05,3945001.7600001856,False,True,repeated value in upper 1% tail
1985,4534670.0,5,9.725034377996526e-06,3945001.7600001856,False,True,repeated value in upper 1% tail
1985,4535000.0,2,3.89001375119861e-06,3945001.7600001856,False,True,repeated value in upper 1% tail
1985,4537492.0,5,9.725034377996526e-06,3945001.7600001856,False,True,repeated value in upper 1% tail
1985,4537500.0,2,3.89001375119861e-06,3945001.7600001856,False,True,repeated value in upper 1% tail
1985,4539625.0,4,7.78002750239722e-06,3945001.7600001856,False,True,repeated value in upper 1% tail
1985,4550000.0,6,1.167004125359583e-05,3945001.7600001856,False,True,repeated value in upper 1% tail
1985,4557006.4,5,9.725034377996526e-06,3945001.7600001856,False,True,repeated value in upper 1% tail
1985,4559000.0,7,1.3615048129195137e-05,3945001.7600001856,False,True,repeated value in upper 1% tail
1985,4562059.5,2,3.89001375119861e-06,3945001.7600001856,False,True,repeated value in upper 1% tail
1985,4567692.0,2,3.89001375119861e-06,3945001.7600001856,False,True,repeated value in upper 1% tail
1985,4567703.0,5,9.725034377996526e-06,3945001.7600001856,False,True,repeated value in upper 1% tail
1985,4568387.0,2,3.89001375119861e-06,3945001.7600001856,False,True,repeated value in upper 1% tail
1985,4568667.5,3,5.835020626797915e-06,3945001.7600001856,False,True,repeated value in upper 1% tail
1985,4575000.0,6,1.167004125359583e-05,3945001.7600001856,False,True,repeated value in upper 1% tail
1985,4578500.0,2,3.89001375119861e-06,3945001.7600001856,False,True,repeated value in upper 1% tail
1985,4579166.666666667,6,1.167004125359583e-05,3945001.7600001856,False,True,repeated value in upper 1% tail
1985,4580000.0,5,9.725034377996526e-06,3945001.7600001856,False,True,repeated value in upper 1% tail
1985,4597199.0,3,5.835020626797915e-06,3945001.7600001856,False,True,repeated value in upper 1% tail
1985,4599918.0,2,3.89001375119861e-06,3945001.7600001856,False,True,repeated value in upper 1% tail
1985,4600000.0,34,6.613023377037638e-05,3945001.7600001856,False,True,repeated value in upper 1% tail
1985,4602000.0,2,3.89001375119861e-06,3945001.7600001856,False,True,repeated value in upper 1% tail
1985,4602356.666666667,5,9.725034377996526e-06,3945001.7600001856,False,True,repeated value in upper 1% tail
1985,4604437.333333333,4,7.78002750239722e-06,3945001.7600001856,False,True,repeated value in upper 1% tail
1985,4609328.0,2,3.89001375119861e-06,3945001.7600001856,False,True,repeated value in upper 1% tail
1985,4619983.6,5,9.725034377996526e-06,3945001.7600001856,False,True,repeated value in upper 1% tail
1985,4625000.0,11,2.1395075631592356e-05,3945001.7600001856,False,True,repeated value in upper 1% tail
1985,4625875.6,6,1.167004125359583e-05,3945001.7600001856,False,True,repeated value in upper 1% tail
1985,4641656.0,5,9.725034377996526e-06,3945001.7600001856,False,True,repeated value in upper 1% tail
1985,4648441.5,6,1.167004125359583e-05,3945001.7600001856,False,True,repeated value in upper 1% tail
1985,4650000.0,7,1.3615048129195137e-05,3945001.7600001856,False,True,repeated value in upper 1% tail
1985,4651177.0,2,3.89001375119861e-06,3945001.7600001856,False,True,repeated value in upper 1% tail
1985,4652435.5,2,3.89001375119861e-06,3945001.7600001856,False,True,repeated value in upper 1% tail
1985,4657500.0,4,7.78002750239722e-06,3945001.7600001856,False,True,repeated value in upper 1% tail
1985,4658328.0,4,7.78002750239722e-06,3945001.7600001856,False,True,repeated value in upper 1% tail
1985,4659987.2,6,1.167004125359583e-05,3945001.7600001856,False,True,repeated value in upper 1% tail
1985,4666666.666666667,12,2.334008250719166e-05,3945001.7600001856,False,True,repeated value in upper 1% tail
1985,4668838.0,3,5.835020626797915e-06,3945001.7600001856,False,True,repeated value in upper 1% tail
1985,4670000.0,4,7.78002750239722e-06,3945001.7600001856,False,True,repeated value in upper 1% tail
1985,4672000.0,4,7.78002750239722e-06,3945001.7600001856,False,True,repeated value in upper 1% tail
1985,4672218.666666667,3,5.835020626797915e-06,3945001.7600001856,False,True,repeated value in upper 1% tail
1985,4680000.0,2,3.89001375119861e-06,3945001.7600001856,False,True,repeated value in upper 1% tail
1985,4683333.333333333,3,5.835020626797915e-06,3945001.7600001856,False,True,repeated value in upper 1% tail
1985,4685000.0,5,9.725034377996526e-06,3945001.7600001856,False,True,repeated value in upper 1% tail
1985,4686096.0,4,7.78002750239722e-06,3945001.7600001856,False,True,repeated value in upper 1% tail
1985,4690000.0,2,3.89001375119861e-06,3945001.7600001856,False,True,repeated value in upper 1% tail
1985,4691656.0,4,7.78002750239722e-06,3945001.7600001856,False,True,repeated value in upper 1% tail
1985,4695000.0,3,5.835020626797915e-06,3945001.7600001856,False,True,repeated value in upper 1% tail
1985,4696500.0,3,5.835020626797915e-06,3945001.7600001856,False,True,repeated value in upper 1% tail
1985,4699987.2,5,9.725034377996526e-06,3945001.7600001856,False,True,repeated value in upper 1% tail
1985,4700000.0,16,3.112011000958888e-05,3945001.7600001856,False,True,repeated value in upper 1% tail
1985,4710000.0,5,9.725034377996526e-06,3945001.7600001856,False,True,repeated value in upper 1% tail
1985,4711314.571428572,8,1.556005500479444e-05,3945001.7600001856,False,True,repeated value in upper 1% tail
1985,4711922.0,2,3.89001375119861e-06,3945001.7600001856,False,True,repeated value in upper 1% tail
1985,4716010.5,2,3.89001375119861e-06,3945001.7600001856,False,True,repeated value in upper 1% tail
1985,4716666.666666667,3,5.835020626797915e-06,3945001.7600001856,False,True,repeated value in upper 1% tail
1985,4725000.0,6,1.167004125359583e-05,3945001.7600001856,False,True,repeated value in upper 1% tail
1985,4732250.0,4,7.78002750239722e-06,3945001.7600001856,False,True,repeated value in upper 1% tail
1985,4733333.333333333,3,5.835020626797915e-06,3945001.7600001856,False,True,repeated value in upper 1% tail
1985,4746758.75,4,7.78002750239722e-06,3945001.7600001856,False,True,repeated value in upper 1% tail
1985,4747218.666666667,3,5.835020626797915e-06,3945001.7600001856,False,True,repeated value in upper 1% tail
1985,4750000.0,44,8.558030252636942e-05,3945001.7600001856,False,True,repeated value in upper 1% tail
1985,4751148.5,5,9.725034377996526e-06,3945001.7600001856,False,True,repeated value in upper 1% tail
1985,4753333.333333333,3,5.835020626797915e-06,3945001.7600001856,False,True,repeated value in upper 1% tail
1985,4753387.0,4,7.78002750239722e-06,3945001.7600001856,False,True,repeated value in upper 1% tail
1985,4756666.666666667,3,5.835020626797915e-06,3945001.7600001856,False,True,repeated value in upper 1% tail
1985,4757142.857142857,7,1.3615048129195137e-05,3945001.7600001856,False,True,repeated value in upper 1% tail
1985,4758328.0,8,1.556005500479444e-05,3945001.7600001856,False,True,repeated value in upper 1% tail
1985,4760000.0,17,3.306511688518819e-05,3945001.7600001856,False,True,repeated value in upper 1% tail
1985,4766666.666666667,7,1.3615048129195137e-05,3945001.7600001856,False,True,repeated value in upper 1% tail
1985,4767500.0,2,3.89001375119861e-06,3945001.7600001856,False,True,repeated value in upper 1% tail
1985,4775000.0,4,7.78002750239722e-06,3945001.7600001856,False,True,repeated value in upper 1% tail
1985,4777770.666666667,3,5.835020626797915e-06,3945001.7600001856,False,True,repeated value in upper 1% tail
1985,4779000.0,2,3.89001375119861e-06,3945001.7600001856,False,True,repeated value in upper 1% tail
1985,4780000.0,5,9.725034377996526e-06,3945001.7600001856,False,True,repeated value in upper 1% tail
1985,4791250.0,5,9.725034377996526e-06,3945001.7600001856,False,True,repeated value in upper 1% tail
1985,4800000.0,42,8.169028877517082e-05,3945001.7600001856,False,True,repeated value in upper 1% tail
1985,4800193.6,6,1.167004125359583e-05,3945001.7600001856,False,True,repeated value in upper 1% tail
1985,4805000.0,2,3.89001375119861e-06,3945001.7600001856,False,True,repeated value in upper 1% tail
1985,4809993.6,5,9.725034377996526e-06,3945001.7600001856,False,True,repeated value in upper 1% tail
1985,4820000.0,6,1.167004125359583e-05,3945001.7600001856,False,True,repeated value in upper 1% tail
1985,4820780.0,4,7.78002750239722e-06,3945001.7600001856,False,True,repeated value in upper 1% tail
1985,4822000.0,2,3.89001375119861e-06,3945001.7600001856,False,True,repeated value in upper 1% tail
1985,4833312.0,6,1.167004125359583e-05,3945001.7600001856,False,True,repeated value in upper 1% tail
1985,4833333.333333333,3,5.835020626797915e-06,3945001.7600001856,False,True,repeated value in upper 1% tail
1985,4836666.666666667,3,5.835020626797915e-06,3945001.7600001856,False,True,repeated value in upper 1% tail
1985,4838902.5,2,3.89001375119861e-06,3945001.7600001856,False,True,repeated value in upper 1% tail
1985,4841000.0,3,5.835020626797915e-06,3945001.7600001856,False,True,repeated value in upper 1% tail
1985,4850000.0,12,2.334008250719166e-05,3945001.7600001856,False,True,repeated value in upper 1% tail
1985,4860000.0,8,1.556005500479444e-05,3945001.7600001856,False,True,repeated value in upper 1% tail
1985,4871237.5,2,3.89001375119861e-06,3945001.7600001856,False,True,repeated value in upper 1% tail
1985,4883333.333333333,3,5.835020626797915e-06,3945001.7600001856,False,True,repeated value in upper 1% tail
1985,4887492.0,5,9.725034377996526e-06,3945001.7600001856,False,True,repeated value in upper 1% tail
1985,4895631.2,5,9.725034377996526e-06,3945001.7600001856,False,True,repeated value in upper 1% tail
1985,4900000.0,28,5.446019251678055e-05,3945001.7600001856,False,True,repeated value in upper 1% tail
1985,4901000.0,2,3.89001375119861e-06,3945001.7600001856,False,True,repeated value in upper 1% tail
1985,4902800.0,5,9.725034377996526e-06,3945001.7600001856,False,True,repeated value in upper 1% tail
1985,4911104.0,6,1.167004125359583e-05,3945001.7600001856,False,True,repeated value in upper 1% tail
1985,4912800.0,6,1.167004125359583e-05,3945001.7600001856,False,True,repeated value in upper 1% tail
1985,4917500.0,4,7.78002750239722e-06,3945001.7600001856,False,True,repeated value in upper 1% tail
1985,4920011.666666667,3,5.835020626797915e-06,3945001.7600001856,False,True,repeated value in upper 1% tail
1985,4925000.0,2,3.89001375119861e-06,3945001.7600001856,False,True,repeated value in upper 1% tail
1985,4933333.333333333,7,1.3615048129195137e-05,3945001.7600001856,False,True,repeated value in upper 1% tail
1985,4941656.0,5,9.725034377996526e-06,3945001.7600001856,False,True,repeated value in upper 1% tail
1985,4950000.0,10,1.945006875599305e-05,3945001.7600001856,False,True,repeated value in upper 1% tail
1985,4974500.0,2,3.89001375119861e-06,3945001.7600001856,False,True,repeated value in upper 1% tail
1985,4977500.0,4,7.78002750239722e-06,3945001.7600001856,False,True,repeated value in upper 1% tail
1985,4978468.333333333,4,7.78002750239722e-06,3945001.7600001856,False,True,repeated value in upper 1% tail
1985,4984000.0,2,3.89001375119861e-06,3945001.7600001856,False,True,repeated value in upper 1% tail
1985,4990000.0,2,3.89001375119861e-06,3945001.7600001856,False,True,repeated value in upper 1% tail
1985,4998750.0,2,3.89001375119861e-06,3945001.7600001856,False,True,repeated value in upper 1% tail
1985,5000000.0,238,0.00046291163639263465,3945001.7600001856,False,True,repeated value in upper 1% tail
1985,5004164.0,4,7.78002750239722e-06,3945001.7600001856,False,True,repeated value in upper 1% tail
1985,5005000.0,3,5.835020626797915e-06,3945001.7600001856,False,True,repeated value in upper 1% tail
1985,5006250.0,4,7.78002750239722e-06,3945001.7600001856,False,True,repeated value in upper 1% tail
1985,5008328.0,13,2.528508938279097e-05,3945001.7600001856,False,True,repeated value in upper 1% tail
1985,5012500.0,3,5.835020626797915e-06,3945001.7600001856,False,True,repeated value in upper 1% tail
1985,5018750.0,4,7.78002750239722e-06,3945001.7600001856,False,True,repeated value in upper 1% tail
1985,5020828.0,4,7.78002750239722e-06,3945001.7600001856,False,True,repeated value in upper 1% tail
1985,5025000.0,5,9.725034377996526e-06,3945001.7600001856,False,True,repeated value in upper 1% tail
1985,5033333.333333333,5,9.725034377996526e-06,3945001.7600001856,False,True,repeated value in upper 1% tail
1985,5038885.333333333,3,5.835020626797915e-06,3945001.7600001856,False,True,repeated value in upper 1% tail
1985,5042500.0,4,7.78002750239722e-06,3945001.7600001856,False,True,repeated value in upper 1% tail
1985,5044500.0,2,3.89001375119861e-06,3945001.7600001856,False,True,repeated value in upper 1% tail
1985,5050000.0,11,2.1395075631592356e-05,3945001.7600001856,False,True,repeated value in upper 1% tail
1985,5066666.666666667,9,1.7505061880393746e-05,3945001.7600001856,False,True,repeated value in upper 1% tail
1985,5070000.0,2,3.89001375119861e-06,3945001.7600001856,False,True,repeated value in upper 1% tail
1985,5075000.0,3,5.835020626797915e-06,3945001.7600001856,False,True,repeated value in upper 1% tail
1985,5083333.333333333,4,7.78002750239722e-06,3945001.7600001856,False,True,repeated value in upper 1% tail
1985,5084000.0,5,9.725034377996526e-06,3945001.7600001856,False,True,repeated value in upper 1% tail
1985,5090000.0,4,7.78002750239722e-06,3945001.7600001856,False,True,repeated value in upper 1% tail
1985,5092500.0,5,9.725034377996526e-06,3945001.7600001856,False,True,repeated value in upper 1% tail
1985,5099000.0,2,3.89001375119861e-06,3945001.7600001856,False,True,repeated value in upper 1% tail
1985,5100000.0,25,4.862517188998263e-05,3945001.7600001856,False,True,repeated value in upper 1% tail
1985,5109993.6,5,9.725034377996526e-06,3945001.7600001856,False,True,repeated value in upper 1% tail
1985,5111197.0,2,3.89001375119861e-06,3945001.7600001856,False,True,repeated value in upper 1% tail
1985,5115500.0,2,3.89001375119861e-06,3945001.7600001856,False,True,repeated value in upper 1% tail
1985,5125000.0,24,4.668016501438332e-05,3945001.7600001856,False,True,repeated value in upper 1% tail
1985,5128045.666666667,4,7.78002750239722e-06,3945001.7600001856,False,True,repeated value in upper 1% tail
1985,5129500.0,2,3.89001375119861e-06,3945001.7600001856,False,True,repeated value in upper 1% tail
1985,5133333.333333333,4,7.78002750239722e-06,3945001.7600001856,False,True,repeated value in upper 1% tail
1985,5138248.0,2,3.89001375119861e-06,3945001.7600001856,False,True,repeated value in upper 1% tail
1985,5145000.0,4,7.78002750239722e-06,3945001.7600001856,False,True,repeated value in upper 1% tail
1985,5146000.0,5,9.725034377996526e-06,3945001.7600001856,False,True,repeated value in upper 1% tail
1985,5146666.666666667,3,5.835020626797915e-06,3945001.7600001856,False,True,repeated value in upper 1% tail
1985,5150000.0,12,2.334008250719166e-05,3945001.7600001856,False,True,repeated value in upper 1% tail
1985,5151000.0,5,9.725034377996526e-06,3945001.7600001856,False,True,repeated value in upper 1% tail
1985,5161790.0,3,5.835020626797915e-06,3945001.7600001856,False,True,repeated value in upper 1% tail
1985,5166560.0,4,7.78002750239722e-06,3945001.7600001856,False,True,repeated value in upper 1% tail
1985,5166666.666666667,3,5.835020626797915e-06,3945001.7600001856,False,True,repeated value in upper 1% tail
1985,5173333.333333333,4,7.78002750239722e-06,3945001.7600001856,False,True,repeated value in upper 1% tail
1985,5175000.0,2,3.89001375119861e-06,3945001.7600001856,False,True,repeated value in upper 1% tail
1985,5183333.333333333,3,5.835020626797915e-06,3945001.7600001856,False,True,repeated value in upper 1% tail
1985,5194175.5,2,3.89001375119861e-06,3945001.7600001856,False,True,repeated value in upper 1% tail
1985,5200000.0,16,3.112011000958888e-05,3945001.7600001856,False,True,repeated value in upper 1% tail
1985,5237231.0,3,5.835020626797915e-06,3945001.7600001856,False,True,repeated value in upper 1% tail
1985,5247500.0,2,3.89001375119861e-06,3945001.7600001856,False,True,repeated value in upper 1% tail
1985,5250000.0,36,7.002024752157498e-05,3945001.7600001856,False,True,repeated value in upper 1% tail
1985,5258328.0,12,2.334008250719166e-05,3945001.7600001856,False,True,repeated value in upper 1% tail
1985,5266560.0,2,3.89001375119861e-06,3945001.7600001856,False,True,repeated value in upper 1% tail
1985,5266656.0,4,7.78002750239722e-06,3945001.7600001856,False,True,repeated value in upper 1% tail
1985,5266666.666666667,3,5.835020626797915e-06,3945001.7600001856,False,True,repeated value in upper 1% tail
1985,5270000.0,4,7.78002750239722e-06,3945001.7600001856,False,True,repeated value in upper 1% tail
1985,5290000.0,2,3.89001375119861e-06,3945001.7600001856,False,True,repeated value in upper 1% tail
1985,5295534.666666667,3,5.835020626797915e-06,3945001.7600001856,False,True,repeated value in upper 1% tail
1985,5300000.0,13,2.528508938279097e-05,3945001.7600001856,False,True,repeated value in upper 1% tail
1985,5304164.0,4,7.78002750239722e-06,3945001.7600001856,False,True,repeated value in upper 1% tail
1985,5310000.0,3,5.835020626797915e-06,3945001.7600001856,False,True,repeated value in upper 1% tail
1985,5312500.0,2,3.89001375119861e-06,3945001.7600001856,False,True,repeated value in upper 1% tail
1985,5326666.666666667,3,5.835020626797915e-06,3945001.7600001856,False,True,repeated value in upper 1% tail
1985,5330000.0,2,3.89001375119861e-06,3945001.7600001856,False,True,repeated value in upper 1% tail
1985,5332505.666666667,3,5.835020626797915e-06,3945001.7600001856,False,True,repeated value in upper 1% tail
1985,5333333.333333333,9,1.7505061880393746e-05,3945001.7600001856,False,True,repeated value in upper 1% tail
1985,5339377.5,2,3.89001375119861e-06,3945001.7600001856,False,True,repeated value in upper 1% tail
1985,5339718.666666667,3,5.835020626797915e-06,3945001.7600001856,False,True,repeated value in upper 1% tail
1985,5348768.666666667,4,7.78002750239722e-06,3945001.7600001856,False,True,repeated value in upper 1% tail
1985,5350000.0,2,3.89001375119861e-06,3945001.7600001856,False,True,repeated value in upper 1% tail
1985,5360000.0,6,1.167004125359583e-05,3945001.7600001856,False,True,repeated value in upper 1% tail
1985,5366662.4,5,9.725034377996526e-06,3945001.7600001856,False,True,repeated value in upper 1% tail
1985,5366666.666666667,4,7.78002750239722e-06,3945001.7600001856,False,True,repeated value in upper 1% tail
1985,5370000.0,2,3.89001375119861e-06,3945001.7600001856,False,True,repeated value in upper 1% tail
1985,5375000.0,8,1.556005500479444e-05,3945001.7600001856,False,True,repeated value in upper 1% tail
1985,5377706.666666667,3,5.835020626797915e-06,3945001.7600001856,False,True,repeated value in upper 1% tail
1985,5400000.0,5,9.725034377996526e-06,3945001.7600001856,False,True,repeated value in upper 1% tail
1985,5408328.0,5,9.725034377996526e-06,3945001.7600001856,False,True,repeated value in upper 1% tail
1985,5414000.0,5,9.725034377996526e-06,3945001.7600001856,False,True,repeated value in upper 1% tail
1985,5416000.0,3,5.835020626797915e-06,3945001.7600001856,False,True,repeated value in upper 1% tail
1985,5425000.0,3,5.835020626797915e-06,3945001.7600001856,False,True,repeated value in upper 1% tail
1985,5426666.666666667,3,5.835020626797915e-06,3945001.7600001856,False,True,repeated value in upper 1% tail
1985,5433333.333333333,3,5.835020626797915e-06,3945001.7600001856,False,True,repeated value in upper 1% tail
1985,5445000.0,4,7.78002750239722e-06,3945001.7600001856,False,True,repeated value in upper 1% tail
1985,5461870.75,5,9.725034377996526e-06,3945001.7600001856,False,True,repeated value in upper 1% tail
1985,5465000.0,8,1.556005500479444e-05,3945001.7600001856,False,True,repeated value in upper 1% tail
1985,5471104.0,3,5.835020626797915e-06,3945001.7600001856,False,True,repeated value in upper 1% tail
1985,5475250.0,4,7.78002750239722e-06,3945001.7600001856,False,True,repeated value in upper 1% tail
1985,5480000.0,2,3.89001375119861e-06,3945001.7600001856,False,True,repeated value in upper 1% tail
1985,5482695.5,5,9.725034377996526e-06,3945001.7600001856,False,True,repeated value in upper 1% tail
1985,5490000.0,2,3.89001375119861e-06,3945001.7600001856,False,True,repeated value in upper 1% tail
1985,5493800.0,6,1.167004125359583e-05,3945001.7600001856,False,True,repeated value in upper 1% tail
1985,5500000.0,61,0.00011864541941155762,3945001.7600001856,False,True,repeated value in upper 1% tail
1985,5508333.333333333,3,5.835020626797915e-06,3945001.7600001856,False,True,repeated value in upper 1% tail
1985,5511104.0,3,5.835020626797915e-06,3945001.7600001856,False,True,repeated value in upper 1% tail
1985,5517000.0,2,3.89001375119861e-06,3945001.7600001856,False,True,repeated value in upper 1% tail
1985,5517500.0,2,3.89001375119861e-06,3945001.7600001856,False,True,repeated value in upper 1% tail
1985,5533333.333333333,3,5.835020626797915e-06,3945001.7600001856,False,True,repeated value in upper 1% tail
1985,5543333.333333333,3,5.835020626797915e-06,3945001.7600001856,False,True,repeated value in upper 1% tail
1985,5550000.0,2,3.89001375119861e-06,3945001.7600001856,False,True,repeated value in upper 1% tail
1985,5560500.0,3,5.835020626797915e-06,3945001.7600001856,False,True,repeated value in upper 1% tail
1985,5568478.5,5,9.725034377996526e-06,3945001.7600001856,False,True,repeated value in upper 1% tail
1985,5588885.333333333,3,5.835020626797915e-06,3945001.7600001856,False,True,repeated value in upper 1% tail
1985,5595000.0,6,1.167004125359583e-05,3945001.7600001856,False,True,repeated value in upper 1% tail
1985,5600000.0,8,1.556005500479444e-05,3945001.7600001856,False,True,repeated value in upper 1% tail
1985,5615000.0,6,1.167004125359583e-05,3945001.7600001856,False,True,repeated value in upper 1% tail
1985,5616400.0,5,9.725034377996526e-06,3945001.7600001856,False,True,repeated value in upper 1% tail
1985,5622218.666666667,3,5.835020626797915e-06,3945001.7600001856,False,True,repeated value in upper 1% tail
1985,5625000.0,8,1.556005500479444e-05,3945001.7600001856,False,True,repeated value in upper 1% tail
1985,5633333.333333333,7,1.3615048129195137e-05,3945001.7600001856,False,True,repeated value in upper 1% tail
1985,5647500.0,4,7.78002750239722e-06,3945001.7600001856,False,True,repeated value in upper 1% tail
1985,5650000.0,6,1.167004125359583e-05,3945001.7600001856,False,True,repeated value in upper 1% tail
1985,5666656.0,5,9.725034377996526e-06,3945001.7600001856,False,True,repeated value in upper 1% tail
1985,5666666.666666667,13,2.528508938279097e-05,3945001.7600001856,False,True,repeated value in upper 1% tail
1985,5670000.0,5,9.725034377996526e-06,3945001.7600001856,False,True,repeated value in upper 1% tail
1985,5671666.666666667,3,5.835020626797915e-06,3945001.7600001856,False,True,repeated value in upper 1% tail
1985,5673689.0,2,3.89001375119861e-06,3945001.7600001856,False,True,repeated value in upper 1% tail
1985,5674140.0,4,7.78002750239722e-06,3945001.7600001856,False,True,repeated value in upper 1% tail
1985,5675000.0,3,5.835020626797915e-06,3945001.7600001856,False,True,repeated value in upper 1% tail
1985,5675025.0,4,7.78002750239722e-06,3945001.7600001856,False,True,repeated value in upper 1% tail
1985,5680000.0,2,3.89001375119861e-06,3945001.7600001856,False,True,repeated value in upper 1% tail
1985,5684469.0,2,3.89001375119861e-06,3945001.7600001856,False,True,repeated value in upper 1% tail
1985,5695000.0,7,1.3615048129195137e-05,3945001.7600001856,False,True,repeated value in upper 1% tail
1985,5699333.333333333,3,5.835020626797915e-06,3945001.7600001856,False,True,repeated value in upper 1% tail
1985,5699500.0,3,5.835020626797915e-06,3945001.7600001856,False,True,repeated value in upper 1% tail
1985,5700000.0,12,2.334008250719166e-05,3945001.7600001856,False,True,repeated value in upper 1% tail
1985,5704551.0,2,3.89001375119861e-06,3945001.7600001856,False,True,repeated value in upper 1% tail
1985,5725000.0,7,1.3615048129195137e-05,3945001.7600001856,False,True,repeated value in upper 1% tail
1985,5739740.0,4,7.78002750239722e-06,3945001.7600001856,False,True,repeated value in upper 1% tail
1985,5750000.0,26,5.057017876558194e-05,3945001.7600001856,False,True,repeated value in upper 1% tail
1985,5755000.0,4,7.78002750239722e-06,3945001.7600001856,False,True,repeated value in upper 1% tail
1985,5758328.0,4,7.78002750239722e-06,3945001.7600001856,False,True,repeated value in upper 1% tail
1985,5766656.0,4,7.78002750239722e-06,3945001.7600001856,False,True,repeated value in upper 1% tail
1985,5766666.666666667,4,7.78002750239722e-06,3945001.7600001856,False,True,repeated value in upper 1% tail
1985,5790000.0,2,3.89001375119861e-06,3945001.7600001856,False,True,repeated value in upper 1% tail
1985,5794725.0,4,7.78002750239722e-06,3945001.7600001856,False,True,repeated value in upper 1% tail
1985,5800000.0,7,1.3615048129195137e-05,3945001.7600001856,False,True,repeated value in upper 1% tail
1985,5816666.666666667,4,7.78002750239722e-06,3945001.7600001856,False,True,repeated value in upper 1% tail
1985,5817500.0,3,5.835020626797915e-06,3945001.7600001856,False,True,repeated value in upper 1% tail
1985,5820000.0,5,9.725034377996526e-06,3945001.7600001856,False,True,repeated value in upper 1% tail
1985,5823333.333333333,4,7.78002750239722e-06,3945001.7600001856,False,True,repeated value in upper 1% tail
1985,5831656.0,4,7.78002750239722e-06,3945001.7600001856,False,True,repeated value in upper 1% tail
1985,5841656.0,4,7.78002750239722e-06,3945001.7600001856,False,True,repeated value in upper 1% tail
1985,5850000.0,4,7.78002750239722e-06,3945001.7600001856,False,True,repeated value in upper 1% tail
1985,5851750.0,2,3.89001375119861e-06,3945001.7600001856,False,True,repeated value in upper 1% tail
1985,5875000.0,8,1.556005500479444e-05,3945001.7600001856,False,True,repeated value in upper 1% tail
1985,5900000.0,5,9.725034377996526e-06,3945001.7600001856,False,True,repeated value in upper 1% tail
1985,5903366.666666667,3,5.835020626797915e-06,3945001.7600001856,False,True,repeated value in upper 1% tail
1985,5903853.5,2,3.89001375119861e-06,3945001.7600001856,False,True,repeated value in upper 1% tail
1985,5915000.0,3,5.835020626797915e-06,3945001.7600001856,False,True,repeated value in upper 1% tail
1985,5920000.0,5,9.725034377996526e-06,3945001.7600001856,False,True,repeated value in upper 1% tail
1985,5925000.0,2,3.89001375119861e-06,3945001.7600001856,False,True,repeated value in upper 1% tail
1985,5930750.0,5,9.725034377996526e-06,3945001.7600001856,False,True,repeated value in upper 1% tail
1985,5933333.333333333,4,7.78002750239722e-06,3945001.7600001856,False,True,repeated value in upper 1% tail
1985,5938700.5,2,3.89001375119861e-06,3945001.7600001856,False,True,repeated value in upper 1% tail
1985,5946160.0,7,1.3615048129195137e-05,3945001.7600001856,False,True,repeated value in upper 1% tail
1985,5950000.0,5,9.725034377996526e-06,3945001.7600001856,False,True,repeated value in upper 1% tail
1985,5959500.0,2,3.89001375119861e-06,3945001.7600001856,False,True,repeated value in upper 1% tail
1985,5980000.0,6,1.167004125359583e-05,3945001.7600001856,False,True,repeated value in upper 1% tail
1985,6000000.0,88,0.00017116060505273885,3945001.7600001856,False,True,repeated value in upper 1% tail
1985,6005552.0,3,5.835020626797915e-06,3945001.7600001856,False,True,repeated value in upper 1% tail
1985,6008328.0,4,7.78002750239722e-06,3945001.7600001856,False,True,repeated value in upper 1% tail
1985,6008991.5,2,3.89001375119861e-06,3945001.7600001856,False,True,repeated value in upper 1% tail
1985,6009993.6,5,9.725034377996526e-06,3945001.7600001856,False,True,repeated value in upper 1% tail
1985,6010866.666666667,3,5.835020626797915e-06,3945001.7600001856,False,True,repeated value in upper 1% tail
1985,6015000.0,5,9.725034377996526e-06,3945001.7600001856,False,True,repeated value in upper 1% tail
1985,6016656.0,4,7.78002750239722e-06,3945001.7600001856,False,True,repeated value in upper 1% tail
1985,6020000.0,5,9.725034377996526e-06,3945001.7600001856,False,True,repeated value in upper 1% tail
1985,6029491.666666667,3,5.835020626797915e-06,3945001.7600001856,False,True,repeated value in upper 1% tail
1985,6036666.666666667,4,7.78002750239722e-06,3945001.7600001856,False,True,repeated value in upper 1% tail
1985,6050000.0,13,2.528508938279097e-05,3945001.7600001856,False,True,repeated value in upper 1% tail
1985,6057500.0,2,3.89001375119861e-06,3945001.7600001856,False,True,repeated value in upper 1% tail
1985,6072218.666666667,3,5.835020626797915e-06,3945001.7600001856,False,True,repeated value in upper 1% tail
1985,6081552.0,4,7.78002750239722e-06,3945001.7600001856,False,True,repeated value in upper 1% tail
1985,6085000.0,2,3.89001375119861e-06,3945001.7600001856,False,True,repeated value in upper 1% tail
1985,6090462.4,5,9.725034377996526e-06,3945001.7600001856,False,True,repeated value in upper 1% tail
1985,6094437.333333333,5,9.725034377996526e-06,3945001.7600001856,False,True,repeated value in upper 1% tail
1985,6094500.0,2,3.89001375119861e-06,3945001.7600001856,False,True,repeated value in upper 1% tail
1985,6095947.2,5,9.725034377996526e-06,3945001.7600001856,False,True,repeated value in upper 1% tail
1985,6100000.0,7,1.3615048129195137e-05,3945001.7600001856,False,True,repeated value in upper 1% tail
1985,6110800.0,5,9.725034377996526e-06,3945001.7600001856,False,True,repeated value in upper 1% tail
1985,6117000.0,5,9.725034377996526e-06,3945001.7600001856,False,True,repeated value in upper 1% tail
1985,6121666.666666667,6,1.167004125359583e-05,3945001.7600001856,False,True,repeated value in upper 1% tail
1985,6130000.0,6,1.167004125359583e-05,3945001.7600001856,False,True,repeated value in upper 1% tail
1985,6150000.0,2,3.89001375119861e-06,3945001.7600001856,False,True,repeated value in upper 1% tail
1985,6158885.333333333,3,5.835020626797915e-06,3945001.7600001856,False,True,repeated value in upper 1% tail
1985,6174994.666666667,6,1.167004125359583e-05,3945001.7600001856,False,True,repeated value in upper 1% tail
1985,6181000.0,3,5.835020626797915e-06,3945001.7600001856,False,True,repeated value in upper 1% tail
1985,6184250.0,2,3.89001375119861e-06,3945001.7600001856,False,True,repeated value in upper 1% tail
1985,6188622.5,2,3.89001375119861e-06,3945001.7600001856,False,True,repeated value in upper 1% tail
1985,6198483.333333333,5,9.725034377996526e-06,3945001.7600001856,False,True,repeated value in upper 1% tail
1985,6200000.0,30,5.835020626797916e-05,3945001.7600001856,False,True,repeated value in upper 1% tail
1985,6233333.333333333,3,5.835020626797915e-06,3945001.7600001856,False,True,repeated value in upper 1% tail
1985,6250000.0,20,3.89001375119861e-05,3945001.7600001856,False,True,repeated value in upper 1% tail
1985,6258333.333333333,3,5.835020626797915e-06,3945001.7600001856,False,True,repeated value in upper 1% tail
1985,6273500.0,2,3.89001375119861e-06,3945001.7600001856,False,True,repeated value in upper 1% tail
1985,6276624.0,7,1.3615048129195137e-05,3945001.7600001856,False,True,repeated value in upper 1% tail
1985,6299980.666666667,6,1.167004125359583e-05,3945001.7600001856,False,True,repeated value in upper 1% tail
1985,6300000.0,11,2.1395075631592356e-05,3945001.7600001856,False,True,repeated value in upper 1% tail
1985,6301000.0,3,5.835020626797915e-06,3945001.7600001856,False,True,repeated value in upper 1% tail
1985,6305413.5,4,7.78002750239722e-06,3945001.7600001856,False,True,repeated value in upper 1% tail
1985,6312500.0,2,3.89001375119861e-06,3945001.7600001856,False,True,repeated value in upper 1% tail
1985,6316560.0,2,3.89001375119861e-06,3945001.7600001856,False,True,repeated value in upper 1% tail
1985,6325000.0,2,3.89001375119861e-06,3945001.7600001856,False,True,repeated value in upper 1% tail
1985,6326136.25,5,9.725034377996526e-06,3945001.7600001856,False,True,repeated value in upper 1% tail
1985,6334000.0,3,5.835020626797915e-06,3945001.7600001856,False,True,repeated value in upper 1% tail
1985,6338885.333333333,3,5.835020626797915e-06,3945001.7600001856,False,True,repeated value in upper 1% tail
1985,6350000.0,4,7.78002750239722e-06,3945001.7600001856,False,True,repeated value in upper 1% tail
1985,6357790.5,2,3.89001375119861e-06,3945001.7600001856,False,True,repeated value in upper 1% tail
1985,6364587.0,2,3.89001375119861e-06,3945001.7600001856,False,True,repeated value in upper 1% tail
1985,6383250.0,3,5.835020626797915e-06,3945001.7600001856,False,True,repeated value in upper 1% tail
1985,6397000.0,3,5.835020626797915e-06,3945001.7600001856,False,True,repeated value in upper 1% tail
1985,6400000.0,3,5.835020626797915e-06,3945001.7600001856,False,True,repeated value in upper 1% tail
1985,6425614.0,5,9.725034377996526e-06,3945001.7600001856,False,True,repeated value in upper 1% tail
1985,6428571.428571428,7,1.3615048129195137e-05,3945001.7600001856,False,True,repeated value in upper 1% tail
1985,6433333.333333333,3,5.835020626797915e-06,3945001.7600001856,False,True,repeated value in upper 1% tail
1985,6438000.0,2,3.89001375119861e-06,3945001.7600001856,False,True,repeated value in upper 1% tail
1985,6438160.0,4,7.78002750239722e-06,3945001.7600001856,False,True,repeated value in upper 1% tail
1985,6450000.0,2,3.89001375119861e-06,3945001.7600001856,False,True,repeated value in upper 1% tail
1985,6465000.0,2,3.89001375119861e-06,3945001.7600001856,False,True,repeated value in upper 1% tail
1985,6470000.0,9,1.7505061880393746e-05,3945001.7600001856,False,True,repeated value in upper 1% tail
1985,6477706.666666667,3,5.835020626797915e-06,3945001.7600001856,False,True,repeated value in upper 1% tail
1985,6500000.0,50,9.725034377996526e-05,3945001.7600001856,False,True,repeated value in upper 1% tail
1985,6503000.0,2,3.89001375119861e-06,3945001.7600001856,False,True,repeated value in upper 1% tail
1985,6511250.0,4,7.78002750239722e-06,3945001.7600001856,False,True,repeated value in upper 1% tail
1985,6522189.333333333,3,5.835020626797915e-06,3945001.7600001856,False,True,repeated value in upper 1% tail
1985,6550000.0,6,1.167004125359583e-05,3945001.7600001856,False,True,repeated value in upper 1% tail
1985,6575000.0,6,1.167004125359583e-05,3945001.7600001856,False,True,repeated value in upper 1% tail
1985,6576000.0,2,3.89001375119861e-06,3945001.7600001856,False,True,repeated value in upper 1% tail
1985,6585000.0,2,3.89001375119861e-06,3945001.7600001856,False,True,repeated value in upper 1% tail
1985,6587500.0,4,7.78002750239722e-06,3945001.7600001856,False,True,repeated value in upper 1% tail
1985,6600000.0,6,1.167004125359583e-05,3945001.7600001856,False,True,repeated value in upper 1% tail
1985,6620000.0,6,1.167004125359583e-05,3945001.7600001856,False,True,repeated value in upper 1% tail
1985,6637650.0,2,3.89001375119861e-06,3945001.7600001856,False,True,repeated value in upper 1% tail
1985,6640601.0,3,5.835020626797915e-06,3945001.7600001856,False,True,repeated value in upper 1% tail
1985,6650000.0,2,3.89001375119861e-06,3945001.7600001856,False,True,repeated value in upper 1% tail
1985,6666666.666666667,9,1.7505061880393746e-05,3945001.7600001856,False,True,repeated value in upper 1% tail
1985,6668560.0,2,3.89001375119861e-06,3945001.7600001856,False,True,repeated value in upper 1% tail
1985,6677770.666666667,4,7.78002750239722e-06,3945001.7600001856,False,True,repeated value in upper 1% tail
1985,6680000.0,6,1.167004125359583e-05,3945001.7600001856,False,True,repeated value in upper 1% tail
1985,6696000.0,4,7.78002750239722e-06,3945001.7600001856,False,True,repeated value in upper 1% tail
1985,6700000.0,4,7.78002750239722e-06,3945001.7600001856,False,True,repeated value in upper 1% tail
1985,6712000.0,2,3.89001375119861e-06,3945001.7600001856,False,True,repeated value in upper 1% tail
1985,6712500.0,2,3.89001375119861e-06,3945001.7600001856,False,True,repeated value in upper 1% tail
1985,6720000.0,3,5.835020626797915e-06,3945001.7600001856,False,True,repeated value in upper 1% tail
1985,6725000.0,2,3.89001375119861e-06,3945001.7600001856,False,True,repeated value in upper 1% tail
1985,6750000.0,16,3.112011000958888e-05,3945001.7600001856,False,True,repeated value in upper 1% tail
1985,6752500.0,3,5.835020626797915e-06,3945001.7600001856,False,True,repeated value in upper 1% tail
1985,6754650.0,2,3.89001375119861e-06,3945001.7600001856,False,True,repeated value in upper 1% tail
1985,6762500.0,5,9.725034377996526e-06,3945001.7600001856,False,True,repeated value in upper 1% tail
1985,6800000.0,3,5.835020626797915e-06,3945001.7600001856,False,True,repeated value in upper 1% tail
1985,6805078.0,4,7.78002750239722e-06,3945001.7600001856,False,True,repeated value in upper 1% tail
1985,6806000.0,5,9.725034377996526e-06,3945001.7600001856,False,True,repeated value in upper 1% tail
1985,6806788.5,2,3.89001375119861e-06,3945001.7600001856,False,True,repeated value in upper 1% tail
1985,6819708.0,2,3.89001375119861e-06,3945001.7600001856,False,True,repeated value in upper 1% tail
1985,6825000.0,2,3.89001375119861e-06,3945001.7600001856,False,True,repeated value in upper 1% tail
1985,6827500.0,2,3.89001375119861e-06,3945001.7600001856,False,True,repeated value in upper 1% tail
1985,6833333.333333333,3,5.835020626797915e-06,3945001.7600001856,False,True,repeated value in upper 1% tail
1985,6875000.0,8,1.556005500479444e-05,3945001.7600001856,False,True,repeated value in upper 1% tail
1985,6883280.0,4,7.78002750239722e-06,3945001.7600001856,False,True,repeated value in upper 1% tail
1985,6900000.0,3,5.835020626797915e-06,3945001.7600001856,False,True,repeated value in upper 1% tail
1985,6905000.0,2,3.89001375119861e-06,3945001.7600001856,False,True,repeated value in upper 1% tail
1985,6911104.0,5,9.725034377996526e-06,3945001.7600001856,False,True,repeated value in upper 1% tail
1985,6912111.5,3,5.835020626797915e-06,3945001.7600001856,False,True,repeated value in upper 1% tail
1985,6940000.0,2,3.89001375119861e-06,3945001.7600001856,False,True,repeated value in upper 1% tail
1985,6950000.0,2,3.89001375119861e-06,3945001.7600001856,False,True,repeated value in upper 1% tail
1985,6962985.0,2,3.89001375119861e-06,3945001.7600001856,False,True,repeated value in upper 1% tail
1985,6969460.5,3,5.835020626797915e-06,3945001.7600001856,False,True,repeated value in upper 1% tail
1985,7000000.0,63,0.00012253543316275624,3945001.7600001856,False,True,repeated value in upper 1% tail
1985,7003039.0,2,3.89001375119861e-06,3945001.7600001856,False,True,repeated value in upper 1% tail
1985,7005000.0,5,9.725034377996526e-06,3945001.7600001856,False,True,repeated value in upper 1% tail
1985,7008571.428571428,7,1.3615048129195137e-05,3945001.7600001856,False,True,repeated value in upper 1% tail
1985,7011090.666666667,3,5.835020626797915e-06,3945001.7600001856,False,True,repeated value in upper 1% tail
1985,7023633.333333333,3,5.835020626797915e-06,3945001.7600001856,False,True,repeated value in upper 1% tail
1985,7025000.0,3,5.835020626797915e-06,3945001.7600001856,False,True,repeated value in upper 1% tail
1985,7050000.0,2,3.89001375119861e-06,3945001.7600001856,False,True,repeated value in upper 1% tail
1985,7058280.0,4,7.78002750239722e-06,3945001.7600001856,False,True,repeated value in upper 1% tail
1985,7100000.0,2,3.89001375119861e-06,3945001.7600001856,False,True,repeated value in upper 1% tail
1985,7125000.0,4,7.78002750239722e-06,3945001.7600001856,False,True,repeated value in upper 1% tail
1985,7145000.0,2,3.89001375119861e-06,3945001.7600001856,False,True,repeated value in upper 1% tail
1985,7150000.0,3,5.835020626797915e-06,3945001.7600001856,False,True,repeated value in upper 1% tail
1985,7168950.0,2,3.89001375119861e-06,3945001.7600001856,False,True,repeated value in upper 1% tail
1985,7173333.333333333,3,5.835020626797915e-06,3945001.7600001856,False,True,repeated value in upper 1% tail
1985,7175000.0,2,3.89001375119861e-06,3945001.7600001856,False,True,repeated value in upper 1% tail
1985,7199714.285714285,9,1.7505061880393746e-05,3945001.7600001856,False,True,repeated value in upper 1% tail
1985,7200000.0,3,5.835020626797915e-06,3945001.7600001856,False,True,repeated value in upper 1% tail
1985,7212684.285714285,7,1.3615048129195137e-05,3945001.7600001856,False,True,repeated value in upper 1% tail
1985,7249993.6,6,1.167004125359583e-05,3945001.7600001856,False,True,repeated value in upper 1% tail
1985,7250000.0,10,1.945006875599305e-05,3945001.7600001856,False,True,repeated value in upper 1% tail
1985,7275000.0,5,9.725034377996526e-06,3945001.7600001856,False,True,repeated value in upper 1% tail
1985,7300000.0,3,5.835020626797915e-06,3945001.7600001856,False,True,repeated value in upper 1% tail
1985,7301635.666666667,3,5.835020626797915e-06,3945001.7600001856,False,True,repeated value in upper 1% tail
1985,7308500.0,3,5.835020626797915e-06,3945001.7600001856,False,True,repeated value in upper 1% tail
1985,7325000.0,4,7.78002750239722e-06,3945001.7600001856,False,True,repeated value in upper 1% tail
1985,7333333.333333333,3,5.835020626797915e-06,3945001.7600001856,False,True,repeated value in upper 1% tail
1985,7335000.0,2,3.89001375119861e-06,3945001.7600001856,False,True,repeated value in upper 1% tail
1985,7335554.333333333,3,5.835020626797915e-06,3945001.7600001856,False,True,repeated value in upper 1% tail
1985,7338885.333333333,3,5.835020626797915e-06,3945001.7600001856,False,True,repeated value in upper 1% tail
1985,7341666.666666667,3,5.835020626797915e-06,3945001.7600001856,False,True,repeated value in upper 1% tail
1985,7350000.0,4,7.78002750239722e-06,3945001.7600001856,False,True,repeated value in upper 1% tail
1985,7400000.0,4,7.78002750239722e-06,3945001.7600001856,False,True,repeated value in upper 1% tail
1985,7415533.333333333,3,5.835020626797915e-06,3945001.7600001856,False,True,repeated value in upper 1% tail
1985,7416666.666666667,3,5.835020626797915e-06,3945001.7600001856,False,True,repeated value in upper 1% tail
1985,7425000.0,2,3.89001375119861e-06,3945001.7600001856,False,True,repeated value in upper 1% tail
1985,7436666.666666667,3,5.835020626797915e-06,3945001.7600001856,False,True,repeated value in upper 1% tail
1985,7450000.0,4,7.78002750239722e-06,3945001.7600001856,False,True,repeated value in upper 1% tail
1985,7471500.0,2,3.89001375119861e-06,3945001.7600001856,False,True,repeated value in upper 1% tail
1985,7500000.0,54,0.00010503037128236248,3945001.7600001856,False,True,repeated value in upper 1% tail
1985,7501172.0,3,5.835020626797915e-06,3945001.7600001856,False,True,repeated value in upper 1% tail
1985,7523333.333333333,4,7.78002750239722e-06,3945001.7600001856,False,True,repeated value in upper 1% tail
1985,7526468.0,2,3.89001375119861e-06,3945001.7600001856,False,True,repeated value in upper 1% tail
1985,7541000.0,3,5.835020626797915e-06,3945001.7600001856,False,True,repeated value in upper 1% tail
1985,7550000.0,7,1.3615048129195137e-05,3945001.7600001856,False,True,repeated value in upper 1% tail
1985,7565000.0,2,3.89001375119861e-06,3945001.7600001856,False,True,repeated value in upper 1% tail
1985,7600000.0,2,3.89001375119861e-06,3945001.7600001856,False,True,repeated value in upper 1% tail
1985,7616624.0,6,1.167004125359583e-05,3945001.7600001856,False,True,repeated value in upper 1% tail
1985,7636250.0,2,3.89001375119861e-06,3945001.7600001856,False,True,repeated value in upper 1% tail
1985,7650000.0,5,9.725034377996526e-06,3945001.7600001856,False,True,repeated value in upper 1% tail
1985,7666560.0,2,3.89001375119861e-06,3945001.7600001856,False,True,repeated value in upper 1% tail
1985,7666666.666666667,11,2.1395075631592356e-05,3945001.7600001856,False,True,repeated value in upper 1% tail
1985,7688929.5,2,3.89001375119861e-06,3945001.7600001856,False,True,repeated value in upper 1% tail
1985,7705552.0,3,5.835020626797915e-06,3945001.7600001856,False,True,repeated value in upper 1% tail
1985,7750000.0,5,9.725034377996526e-06,3945001.7600001856,False,True,repeated value in upper 1% tail
1985,7777770.666666667,3,5.835020626797915e-06,3945001.7600001856,False,True,repeated value in upper 1% tail
1985,7800000.0,4,7.78002750239722e-06,3945001.7600001856,False,True,repeated value in upper 1% tail
1985,7817000.0,5,9.725034377996526e-06,3945001.7600001856,False,True,repeated value in upper 1% tail
1985,7832950.25,5,9.725034377996526e-06,3945001.7600001856,False,True,repeated value in upper 1% tail
1985,7849000.0,2,3.89001375119861e-06,3945001.7600001856,False,True,repeated value in upper 1% tail
1985,7898333.333333333,3,5.835020626797915e-06,3945001.7600001856,False,True,repeated value in upper 1% tail
1985,7900000.0,3,5.835020626797915e-06,3945001.7600001856,False,True,repeated value in upper 1% tail
1985,7994437.333333333,3,5.835020626797915e-06,3945001.7600001856,False,True,repeated value in upper 1% tail
1985,8000000.0,59,0.000114755405660359,3945001.7600001856,False,True,repeated value in upper 1% tail
1985,8000250.0,4,7.78002750239722e-06,3945001.7600001856,False,True,repeated value in upper 1% tail
1985,8050000.0,9,1.7505061880393746e-05,3945001.7600001856,False,True,repeated value in upper 1% tail
1985,8058000.0,2,3.89001375119861e-06,3945001.7600001856,False,True,repeated value in upper 1% tail
1985,8075000.0,5,9.725034377996526e-06,3945001.7600001856,False,True,repeated value in upper 1% tail
1985,8093750.0,2,3.89001375119861e-06,3945001.7600001856,False,True,repeated value in upper 1% tail
1985,8096624.0,5,9.725034377996526e-06,3945001.7600001856,False,True,repeated value in upper 1% tail
1985,8100000.0,3,5.835020626797915e-06,3945001.7600001856,False,True,repeated value in upper 1% tail
1985,8125000.0,5,9.725034377996526e-06,3945001.7600001856,False,True,repeated value in upper 1% tail
1985,8150000.0,5,9.725034377996526e-06,3945001.7600001856,False,True,repeated value in upper 1% tail
1985,8169000.0,3,5.835020626797915e-06,3945001.7600001856,False,True,repeated value in upper 1% tail
1985,8180000.0,7,1.3615048129195137e-05,3945001.7600001856,False,True,repeated value in upper 1% tail
1985,8218000.0,2,3.89001375119861e-06,3945001.7600001856,False,True,repeated value in upper 1% tail
1985,8250000.0,5,9.725034377996526e-06,3945001.7600001856,False,True,repeated value in upper 1% tail
1985,8275000.0,7,1.3615048129195137e-05,3945001.7600001856,False,True,repeated value in upper 1% tail
1985,8290000.0,2,3.89001375119861e-06,3945001.7600001856,False,True,repeated value in upper 1% tail
1985,8297500.0,5,9.725034377996526e-06,3945001.7600001856,False,True,repeated value in upper 1% tail
1985,8300000.0,8,1.556005500479444e-05,3945001.7600001856,False,True,repeated value in upper 1% tail
1985,8303000.0,2,3.89001375119861e-06,3945001.7600001856,False,True,repeated value in upper 1% tail
1985,8307500.0,4,7.78002750239722e-06,3945001.7600001856,False,True,repeated value in upper 1% tail
1985,8312567.0,3,5.835020626797915e-06,3945001.7600001856,False,True,repeated value in upper 1% tail
1985,8331200.0,3,5.835020626797915e-06,3945001.7600001856,False,True,repeated value in upper 1% tail
1985,8333333.333333333,8,1.556005500479444e-05,3945001.7600001856,False,True,repeated value in upper 1% tail
1985,8350000.0,5,9.725034377996526e-06,3945001.7600001856,False,True,repeated value in upper 1% tail
1985,8356500.0,3,5.835020626797915e-06,3945001.7600001856,False,True,repeated value in upper 1% tail
1985,8360000.0,6,1.167004125359583e-05,3945001.7600001856,False,True,repeated value in upper 1% tail
1985,8366666.666666667,3,5.835020626797915e-06,3945001.7600001856,False,True,repeated value in upper 1% tail
1985,8379164.0,4,7.78002750239722e-06,3945001.7600001856,False,True,repeated value in upper 1% tail
1985,8420000.0,3,5.835020626797915e-06,3945001.7600001856,False,True,repeated value in upper 1% tail
1985,8444373.333333334,7,1.3615048129195137e-05,3945001.7600001856,False,True,repeated value in upper 1% tail
1985,8472078.0,4,7.78002750239722e-06,3945001.7600001856,False,True,repeated value in upper 1% tail
1985,8500000.0,18,3.501012376078749e-05,3945001.7600001856,False,True,repeated value in upper 1% tail
1985,8500102.5,2,3.89001375119861e-06,3945001.7600001856,False,True,repeated value in upper 1% tail
1985,8505000.0,3,5.835020626797915e-06,3945001.7600001856,False,True,repeated value in upper 1% tail
1985,8566666.666666666,3,5.835020626797915e-06,3945001.7600001856,False,True,repeated value in upper 1% tail
1985,8600957.333333334,3,5.835020626797915e-06,3945001.7600001856,False,True,repeated value in upper 1% tail
1985,8643333.333333334,3,5.835020626797915e-06,3945001.7600001856,False,True,repeated value in upper 1% tail
1985,8666666.666666666,3,5.835020626797915e-06,3945001.7600001856,False,True,repeated value in upper 1% tail
1985,8700000.0,4,7.78002750239722e-06,3945001.7600001856,False,True,repeated value in upper 1% tail
1985,8750000.0,10,1.945006875599305e-05,3945001.7600001856,False,True,repeated value in upper 1% tail
1985,8790000.0,2,3.89001375119861e-06,3945001.7600001856,False,True,repeated value in upper 1% tail
1985,8810032.0,2,3.89001375119861e-06,3945001.7600001856,False,True,repeated value in upper 1% tail
1985,8812500.0,2,3.89001375119861e-06,3945001.7600001856,False,True,repeated value in upper 1% tail
1985,8840083.333333334,3,5.835020626797915e-06,3945001.7600001856,False,True,repeated value in upper 1% tail
1985,8866666.666666666,3,5.835020626797915e-06,3945001.7600001856,False,True,repeated value in upper 1% tail
1985,8912500.0,2,3.89001375119861e-06,3945001.7600001856,False,True,repeated value in upper 1% tail
1985,8997440.0,2,3.89001375119861e-06,3945001.7600001856,False,True,repeated value in upper 1% tail
1985,9000000.0,14,2.7230096258390275e-05,3945001.7600001856,False,True,repeated value in upper 1% tail
1985,9025000.0,4,7.78002750239722e-06,3945001.7600001856,False,True,repeated value in upper 1% tail
1985,9070000.0,3,5.835020626797915e-06,3945001.7600001856,False,True,repeated value in upper 1% tail
1985,9139250.0,2,3.89001375119861e-06,3945001.7600001856,False,True,repeated value in upper 1% tail
1985,9149968.0,3,5.835020626797915e-06,3945001.7600001856,False,True,repeated value in upper 1% tail
1985,9166666.666666666,3,5.835020626797915e-06,3945001.7600001856,False,True,repeated value in upper 1% tail
1985,9200000.0,2,3.89001375119861e-06,3945001.7600001856,False,True,repeated value in upper 1% tail
1985,9232500.0,3,5.835020626797915e-06,3945001.7600001856,False,True,repeated value in upper 1% tail
1985,9250000.0,4,7.78002750239722e-06,3945001.7600001856,False,True,repeated value in upper 1% tail
1985,9316656.0,2,3.89001375119861e-06,3945001.7600001856,False,True,repeated value in upper 1% tail
1985,9333333.333333334,3,5.835020626797915e-06,3945001.7600001856,False,True,repeated value in upper 1% tail
1985,9339050.0,3,5.835020626797915e-06,3945001.7600001856,False,True,repeated value in upper 1% tail
1985,9350000.0,2,3.89001375119861e-06,3945001.7600001856,False,True,repeated value in upper 1% tail
1985,9400000.0,2,3.89001375119861e-06,3945001.7600001856,False,True,repeated value in upper 1% tail
1985,9420000.0,5,9.725034377996526e-06,3945001.7600001856,False,True,repeated value in upper 1% tail
1985,9461333.333333334,3,5.835020626797915e-06,3945001.7600001856,False,True,repeated value in upper 1% tail
1985,9496600.0,5,9.725034377996526e-06,3945001.7600001856,False,True,repeated value in upper 1% tail
1985,9500000.0,7,1.3615048129195137e-05,3945001.7600001856,False,True,repeated value in upper 1% tail
1985,9504777.0,3,5.835020626797915e-06,3945001.7600001856,False,True,repeated value in upper 1% tail
1985,9650000.0,4,7.78002750239722e-06,3945001.7600001856,False,True,repeated value in upper 1% tail
1985,9666833.333333334,3,5.835020626797915e-06,3945001.7600001856,False,True,repeated value in upper 1% tail
1985,9672218.666666666,3,5.835020626797915e-06,3945001.7600001856,False,True,repeated value in upper 1% tail
1985,9715000.0,5,9.725034377996526e-06,3945001.7600001856,False,True,repeated value in upper 1% tail
1985,9752842.0,2,3.89001375119861e-06,3945001.7600001856,False,True,repeated value in upper 1% tail
1985,9763000.0,3,5.835020626797915e-06,3945001.7600001856,False,True,repeated value in upper 1% tail
1985,9822023.666666666,7,1.3615048129195137e-05,3945001.7600001856,False,True,repeated value in upper 1% tail
1985,9833333.333333334,4,7.78002750239722e-06,3945001.7600001856,False,True,repeated value in upper 1% tail
1985,9880000.0,2,3.89001375119861e-06,3945001.7600001856,False,True,repeated value in upper 1% tail
1985,9894241.5,2,3.89001375119861e-06,3945001.7600001856,False,True,repeated value in upper 1% tail
1985,9950000.0,5,9.725034377996526e-06,3945001.7600001856,False,True,repeated value in upper 1% tail
1985,10000000.0,33,6.418522689477708e-05,3945001.7600001856,False,True,repeated value in upper 1% tail
1985,10106800.0,6,1.167004125359583e-05,3945001.7600001856,False,True,repeated value in upper 1% tail
1985,10151366.666666666,4,7.78002750239722e-06,3945001.7600001856,False,True,repeated value in upper 1% tail
1985,10166560.0,3,5.835020626797915e-06,3945001.7600001856,False,True,repeated value in upper 1% tail
1985,10166666.666666666,3,5.835020626797915e-06,3945001.7600001856,False,True,repeated value in upper 1% tail
1985,10200000.0,5,9.725034377996526e-06,3945001.7600001856,False,True,repeated value in upper 1% tail
1985,10203333.333333334,3,5.835020626797915e-06,3945001.7600001856,False,True,repeated value in upper 1% tail
1985,10230000.0,5,9.725034377996526e-06,3945001.7600001856,False,True,repeated value in upper 1% tail
1985,10233333.333333334,3,5.835020626797915e-06,3945001.7600001856,False,True,repeated value in upper 1% tail
1985,10253750.0,4,7.78002750239722e-06,3945001.7600001856,False,True,repeated value in upper 1% tail
1985,10266666.666666666,3,5.835020626797915e-06,3945001.7600001856,False,True,repeated value in upper 1% tail
1985,10275000.0,6,1.167004125359583e-05,3945001.7600001856,False,True,repeated value in upper 1% tail
1985,10300000.0,3,5.835020626797915e-06,3945001.7600001856,False,True,repeated value in upper 1% tail
1985,10400000.0,2,3.89001375119861e-06,3945001.7600001856,False,True,repeated value in upper 1% tail
1985,10461000.0,5,9.725034377996526e-06,3945001.7600001856,False,True,repeated value in upper 1% tail
1985,10464000.0,2,3.89001375119861e-06,3945001.7600001856,False,True,repeated value in upper 1% tail
1985,10498666.666666666,3,5.835020626797915e-06,3945001.7600001856,False,True,repeated value in upper 1% tail
1985,10500000.0,6,1.167004125359583e-05,3945001.7600001856,False,True,repeated value in upper 1% tail
1985,10544164.0,4,7.78002750239722e-06,3945001.7600001856,False,True,repeated value in upper 1% tail
1985,10560000.0,3,5.835020626797915e-06,3945001.7600001856,False,True,repeated value in upper 1% tail
1985,10650000.0,2,3.89001375119861e-06,3945001.7600001856,False,True,repeated value in upper 1% tail
1985,10700000.0,2,3.89001375119861e-06,3945001.7600001856,False,True,repeated value in upper 1% tail
1985,10850000.0,2,3.89001375119861e-06,3945001.7600001856,False,True,repeated value in upper 1% tail
1985,10883000.0,3,5.835020626797915e-06,3945001.7600001856,False,True,repeated value in upper 1% tail
1985,11000000.0,10,1.945006875599305e-05,3945001.7600001856,False,True,repeated value in upper 1% tail
1985,11050000.0,2,3.89001375119861e-06,3945001.7600001856,False,True,repeated value in upper 1% tail
1985,11075000.0,4,7.78002750239722e-06,3945001.7600001856,False,True,repeated value in upper 1% tail
1985,11100000.0,3,5.835020626797915e-06,3945001.7600001856,False,True,repeated value in upper 1% tail
1985,11200000.0,4,7.78002750239722e-06,3945001.7600001856,False,True,repeated value in upper 1% tail
1985,11250000.0,5,9.725034377996526e-06,3945001.7600001856,False,True,repeated value in upper 1% tail
1985,11333333.333333334,3,5.835020626797915e-06,3945001.7600001856,False,True,repeated value in upper 1% tail
1985,11370000.0,5,9.725034377996526e-06,3945001.7600001856,False,True,repeated value in upper 1% tail
1985,11400000.0,5,9.725034377996526e-06,3945001.7600001856,False,True,repeated value in upper 1% tail
1985,11405000.0,3,5.835020626797915e-06,3945001.7600001856,False,True,repeated value in upper 1% tail
1985,11422000.0,3,5.835020626797915e-06,3945001.7600001856,False,True,repeated value in upper 1% tail
1985,11500000.0,4,7.78002750239722e-06,3945001.7600001856,False,True,repeated value in upper 1% tail
1985,11501000.0,2,3.89001375119861e-06,3945001.7600001856,False,True,repeated value in upper 1% tail
1985,11666666.666666666,8,1.556005500479444e-05,3945001.7600001856,False,True,repeated value in upper 1% tail
1985,11672617.5,2,3.89001375119861e-06,3945001.7600001856,False,True,repeated value in upper 1% tail
1985,11675000.0,4,7.78002750239722e-06,3945001.7600001856,False,True,repeated value in upper 1% tail
1985,11724880.0,5,9.725034377996526e-06,3945001.7600001856,False,True,repeated value in upper 1% tail
1985,11750000.0,6,1.167004125359583e-05,3945001.7600001856,False,True,repeated value in upper 1% tail
1985,11810000.0,2,3.89001375119861e-06,3945001.7600001856,False,True,repeated value in upper 1% tail
1985,12000000.0,8,1.556005500479444e-05,3945001.7600001856,False,True,repeated value in upper 1% tail
1985,12045000.0,2,3.89001375119861e-06,3945001.7600001856,False,True,repeated value in upper 1% tail
1985,12050000.0,10,1.945006875599305e-05,3945001.7600001856,False,True,repeated value in upper 1% tail
1985,12093694.0,2,3.89001375119861e-06,3945001.7600001856,False,True,repeated value in upper 1% tail
1985,12172218.666666666,3,5.835020626797915e-06,3945001.7600001856,False,True,repeated value in upper 1% tail
1985,12270500.0,2,3.89001375119861e-06,3945001.7600001856,False,True,repeated value in upper 1% tail
1985,12459000.0,4,7.78002750239722e-06,3945001.7600001856,False,True,repeated value in upper 1% tail
1985,12484110.5,2,3.89001375119861e-06,3945001.7600001856,False,True,repeated value in upper 1% tail
1985,12500000.0,19,3.69551306363868e-05,3945001.7600001856,False,True,repeated value in upper 1% tail
1985,12636666.666666666,4,7.78002750239722e-06,3945001.7600001856,False,True,repeated value in upper 1% tail
1985,12640950.0,2,3.89001375119861e-06,3945001.7600001856,False,True,repeated value in upper 1% tail
1985,12750000.0,2,3.89001375119861e-06,3945001.7600001856,False,True,repeated value in upper 1% tail
1985,12786666.666666666,3,5.835020626797915e-06,3945001.7600001856,False,True,repeated value in upper 1% tail
1985,12825000.0,2,3.89001375119861e-06,3945001.7600001856,False,True,repeated value in upper 1% tail
1985,12833333.333333334,3,5.835020626797915e-06,3945001.7600001856,False,True,repeated value in upper 1% tail
1985,12940000.0,2,3.89001375119861e-06,3945001.7600001856,False,True,repeated value in upper 1% tail
1985,13000000.0,9,1.7505061880393746e-05,3945001.7600001856,False,True,repeated value in upper 1% tail
1985,13250000.0,2,3.89001375119861e-06,3945001.7600001856,False,True,repeated value in upper 1% tail
1985,13333333.333333334,3,5.835020626797915e-06,3945001.7600001856,False,True,repeated value in upper 1% tail
1985,13500000.0,3,5.835020626797915e-06,3945001.7600001856,False,True,repeated value in upper 1% tail
1985,13598500.0,3,5.835020626797915e-06,3945001.7600001856,False,True,repeated value in upper 1% tail
1985,13739885.333333334,6,1.167004125359583e-05,3945001.7600001856,False,True,repeated value in upper 1% tail
1985,13750000.0,3,5.835020626797915e-06,3945001.7600001856,False,True,repeated value in upper 1% tail
1985,13766666.666666666,11,2.1395075631592356e-05,3945001.7600001856,False,True,repeated value in upper 1% tail
1985,13881000.0,4,7.78002750239722e-06,3945001.7600001856,False,True,repeated value in upper 1% tail
1985,14000000.0,4,7.78002750239722e-06,3945001.7600001856,False,True,repeated value in upper 1% tail
1985,14123200.0,5,9.725034377996526e-06,3945001.7600001856,False,True,repeated value in upper 1% tail
1985,14166666.666666666,6,1.167004125359583e-05,3945001.7600001856,False,True,repeated value in upper 1% tail
1985,14200000.0,5,9.725034377996526e-06,3945001.7600001856,False,True,repeated value in upper 1% tail
1985,14400000.0,5,9.725034377996526e-06,3945001.7600001856,False,True,repeated value in upper 1% tail
1985,14500000.0,3,5.835020626797915e-06,3945001.7600001856,False,True,repeated value in upper 1% tail
1985,14502200.0,4,7.78002750239722e-06,3945001.7600001856,False,True,repeated value in upper 1% tail
1985,14600000.0,3,5.835020626797915e-06,3945001.7600001856,False,True,repeated value in upper 1% tail
1985,14693000.0,3,5.835020626797915e-06,3945001.7600001856,False,True,repeated value in upper 1% tail
1985,14733333.333333334,3,5.835020626797915e-06,3945001.7600001856,False,True,repeated value in upper 1% tail
1985,14855000.0,3,5.835020626797915e-06,3945001.7600001856,False,True,repeated value in upper 1% tail
1985,15000000.0,3,5.835020626797915e-06,3945001.7600001856,False,True,repeated value in upper 1% tail
1985,15090000.0,4,7.78002750239722e-06,3945001.7600001856,False,True,repeated value in upper 1% tail
1985,15166666.666666666,4,7.78002750239722e-06,3945001.7600001856,False,True,repeated value in upper 1% tail
1985,15333333.333333334,3,5.835020626797915e-06,3945001.7600001856,False,True,repeated value in upper 1% tail
1985,15350000.0,2,3.89001375119861e-06,3945001.7600001856,False,True,repeated value in upper 1% tail
1985,15416666.666666666,3,5.835020626797915e-06,3945001.7600001856,False,True,repeated value in upper 1% tail
1985,15800000.0,3,5.835020626797915e-06,3945001.7600001856,False,True,repeated value in upper 1% tail
1985,16000000.0,6,1.167004125359583e-05,3945001.7600001856,False,True,repeated value in upper 1% tail
1985,16050000.0,3,5.835020626797915e-06,3945001.7600001856,False,True,repeated value in upper 1% tail
1985,16066648.0,5,9.725034377996526e-06,3945001.7600001856,False,True,repeated value in upper 1% tail
1985,16493772.0,2,3.89001375119861e-06,3945001.7600001856,False,True,repeated value in upper 1% tail
1985,16666666.666666666,3,5.835020626797915e-06,3945001.7600001856,False,True,repeated value in upper 1% tail
1985,16775000.0,3,5.835020626797915e-06,3945001.7600001856,False,True,repeated value in upper 1% tail
1985,17000000.0,2,3.89001375119861e-06,3945001.7600001856,False,True,repeated value in upper 1% tail
1985,17338883.333333332,3,5.835020626797915e-06,3945001.7600001856,False,True,repeated value in upper 1% tail
1985,17450000.0,6,1.167004125359583e-05,3945001.7600001856,False,True,repeated value in upper 1% tail
1985,17600000.0,2,3.89001375119861e-06,3945001.7600001856,False,True,repeated value in upper 1% tail
1985,18000000.0,3,5.835020626797915e-06,3945001.7600001856,False,True,repeated value in upper 1% tail
1985,18005552.0,3,5.835020626797915e-06,3945001.7600001856,False,True,repeated value in upper 1% tail
1985,18250000.0,3,5.835020626797915e-06,3945001.7600001856,False,True,repeated value in upper 1% tail
1985,18514823.0,2,3.89001375119861e-06,3945001.7600001856,False,True,repeated value in upper 1% tail
1985,19058200.0,2,3.89001375119861e-06,3945001.7600001856,False,True,repeated value in upper 1% tail
1985,19150000.0,2,3.89001375119861e-06,3945001.7600001856,False,True,repeated value in upper 1% tail
1985,19200000.0,3,5.835020626797915e-06,3945001.7600001856,False,True,repeated value in upper 1% tail
1985,20000000.0,4,7.78002750239722e-06,3945001.7600001856,False,True,repeated value in upper 1% tail
1985,20750000.0,2,3.89001375119861e-06,3945001.7600001856,False,True,repeated value in upper 1% tail
1985,21250000.0,2,3.89001375119861e-06,3945001.7600001856,False,True,repeated value in upper 1% tail
1985,22000000.0,7,1.3615048129195137e-05,3945001.7600001856,False,True,repeated value in upper 1% tail
1985,22080000.0,3,5.835020626797915e-06,3945001.7600001856,False,True,repeated value in upper 1% tail
1985,22225000.0,4,7.78002750239722e-06,3945001.7600001856,False,True,repeated value in upper 1% tail
1985,22500000.0,4,7.78002750239722e-06,3945001.7600001856,False,True,repeated value in upper 1% tail
1985,23000000.0,2,3.89001375119861e-06,3945001.7600001856,False,True,repeated value in upper 1% tail
1985,23026500.0,3,5.835020626797915e-06,3945001.7600001856,False,True,repeated value in upper 1% tail
1985,23300000.0,3,5.835020626797915e-06,3945001.7600001856,False,True,repeated value in upper 1% tail
1985,25000000.0,2,3.89001375119861e-06,3945001.7600001856,False,True,repeated value in upper 1% tail
1985,25083279.75,4,7.78002750239722e-06,3945001.7600001856,False,True,repeated value in upper 1% tail
1985,25375000.0,3,5.835020626797915e-06,3945001.7600001856,False,True,repeated value in upper 1% tail
1985,25499999.75,4,7.78002750239722e-06,3945001.7600001856,False,True,repeated value in upper 1% tail
1985,25718675.0,2,3.89001375119861e-06,3945001.7600001856,False,True,repeated value in upper 1% tail
1985,26050000.0,3,5.835020626797915e-06,3945001.7600001856,False,True,repeated value in upper 1% tail
1985,27540000.0,2,3.89001375119861e-06,3945001.7600001856,False,True,repeated value in upper 1% tail
1985,27562500.0,2,3.89001375119861e-06,3945001.7600001856,False,True,repeated value in upper 1% tail
1985,28773333.333333332,3,5.835020626797915e-06,3945001.7600001856,False,True,repeated value in upper 1% tail
1985,29600000.0,2,3.89001375119861e-06,3945001.7600001856,False,True,repeated value in upper 1% tail
1985,30000000.0,2,3.89001375119861e-06,3945001.7600001856,False,True,repeated value in upper 1% tail
1985,31950000.0,4,7.78002750239722e-06,3945001.7600001856,False,True,repeated value in upper 1% tail
1985,32666666.666666668,4,7.78002750239722e-06,3945001.7600001856,False,True,repeated value in upper 1% tail
1985,37500000.0,2,3.89001375119861e-06,3945001.7600001856,False,True,repeated value in upper 1% tail
1985,37600000.0,2,3.89001375119861e-06,3945001.7600001856,False,True,repeated value in upper 1% tail
1985,40000000.0,2,3.89001375119861e-06,3945001.7600001856,False,True,repeated value in upper 1% tail
1985,53749999.5,2,3.89001375119861e-06,3945001.7600001856,False,True,repeated value in upper 1% tail
1986,10400.0,13,4.5751772001323284e-05,10400.0,False,True,repeated value in upper 1% tail
1986,10402.0,7,2.4635569539174076e-05,10400.0,False,True,repeated value in upper 1% tail
1986,10416.666666666666,6,2.1116202462149208e-05,10400.0,False,True,repeated value in upper 1% tail
1986,10417.5,4,1.407746830809947e-05,10400.0,False,True,repeated value in upper 1% tail
1986,10450.0,7,2.4635569539174076e-05,10400.0,False,True,repeated value in upper 1% tail
1986,10451.0,5,1.759683538512434e-05,10400.0,False,True,repeated value in upper 1% tail
1986,10460.0,5,1.759683538512434e-05,10400.0,False,True,repeated value in upper 1% tail
1986,10500.0,42,0.00014781341723504445,10400.0,False,True,repeated value in upper 1% tail
1986,10520.0,6,2.1116202462149208e-05,10400.0,False,True,repeated value in upper 1% tail
1986,10522.5,4,1.407746830809947e-05,10400.0,False,True,repeated value in upper 1% tail
1986,10535.0,2,7.038734154049735e-06,10400.0,False,True,repeated value in upper 1% tail
1986,10540.0,4,1.407746830809947e-05,10400.0,False,True,repeated value in upper 1% tail
1986,10572.0,2,7.038734154049735e-06,10400.0,False,True,repeated value in upper 1% tail
1986,10600.0,13,4.5751772001323284e-05,10400.0,False,True,repeated value in upper 1% tail
1986,10612.5,4,1.407746830809947e-05,10400.0,False,True,repeated value in upper 1% tail
1986,10625.0,4,1.407746830809947e-05,10400.0,False,True,repeated value in upper 1% tail
1986,10625.75,5,1.759683538512434e-05,10400.0,False,True,repeated value in upper 1% tail
1986,10630.0,4,1.407746830809947e-05,10400.0,False,True,repeated value in upper 1% tail
1986,10647.0,2,7.038734154049735e-06,10400.0,False,True,repeated value in upper 1% tail
1986,10650.0,4,1.407746830809947e-05,10400.0,False,True,repeated value in upper 1% tail
1986,10652.5,4,1.407746830809947e-05,10400.0,False,True,repeated value in upper 1% tail
1986,10666.666666666666,19,6.686797446347249e-05,10400.0,False,True,repeated value in upper 1% tail
1986,10667.0,3,1.0558101231074604e-05,10400.0,False,True,repeated value in upper 1% tail
1986,10670.0,3,1.0558101231074604e-05,10400.0,False,True,repeated value in upper 1% tail
1986,10674.333333333334,4,1.407746830809947e-05,10400.0,False,True,repeated value in upper 1% tail
1986,10680.0,3,1.0558101231074604e-05,10400.0,False,True,repeated value in upper 1% tail
1986,10693.333333333334,6,2.1116202462149208e-05,10400.0,False,True,repeated value in upper 1% tail
1986,10700.0,2,7.038734154049735e-06,10400.0,False,True,repeated value in upper 1% tail
1986,10724.0,5,1.759683538512434e-05,10400.0,False,True,repeated value in upper 1% tail
1986,10726.0,4,1.407746830809947e-05,10400.0,False,True,repeated value in upper 1% tail
1986,10750.0,10,3.519367077024868e-05,10400.0,False,True,repeated value in upper 1% tail
1986,10760.0,4,1.407746830809947e-05,10400.0,False,True,repeated value in upper 1% tail
1986,10760.8,5,1.759683538512434e-05,10400.0,False,True,repeated value in upper 1% tail
1986,10783.0,5,1.759683538512434e-05,10400.0,False,True,repeated value in upper 1% tail
1986,10798.0,4,1.407746830809947e-05,10400.0,False,True,repeated value in upper 1% tail
1986,10800.0,7,2.4635569539174076e-05,10400.0,False,True,repeated value in upper 1% tail
1986,10825.0,4,1.407746830809947e-05,10400.0,False,True,repeated value in upper 1% tail
1986,10833.333333333334,15,5.279050615537302e-05,10400.0,False,True,repeated value in upper 1% tail
1986,10850.0,4,1.407746830809947e-05,10400.0,False,True,repeated value in upper 1% tail
1986,10875.0,4,1.407746830809947e-05,10400.0,False,True,repeated value in upper 1% tail
1986,10892.4,5,1.759683538512434e-05,10400.0,False,True,repeated value in upper 1% tail
1986,10895.0,2,7.038734154049735e-06,10400.0,False,True,repeated value in upper 1% tail
1986,10900.0,5,1.759683538512434e-05,10400.0,False,True,repeated value in upper 1% tail
1986,10907.5,4,1.407746830809947e-05,10400.0,False,True,repeated value in upper 1% tail
1986,10950.0,2,7.038734154049735e-06,10400.0,False,True,repeated value in upper 1% tail
1986,10975.0,4,1.407746830809947e-05,10400.0,False,True,repeated value in upper 1% tail
1986,10986.5,2,7.038734154049735e-06,10400.0,False,True,repeated value in upper 1% tail
1986,10997.666666666666,3,1.0558101231074604e-05,10400.0,False,True,repeated value in upper 1% tail
1986,11000.0,45,0.00015837151846611906,10400.0,False,True,repeated value in upper 1% tail
1986,11003.0,2,7.038734154049735e-06,10400.0,False,True,repeated value in upper 1% tail
1986,11007.5,2,7.038734154049735e-06,10400.0,False,True,repeated value in upper 1% tail
1986,11020.0,8,2.815493661619894e-05,10400.0,False,True,repeated value in upper 1% tail
1986,11021.0,2,7.038734154049735e-06,10400.0,False,True,repeated value in upper 1% tail
1986,11030.0,5,1.759683538512434e-05,10400.0,False,True,repeated value in upper 1% tail
1986,11050.0,5,1.759683538512434e-05,10400.0,False,True,repeated value in upper 1% tail
1986,11075.0,4,1.407746830809947e-05,10400.0,False,True,repeated value in upper 1% tail
1986,11125.0,12,4.2232404924298415e-05,10400.0,False,True,repeated value in upper 1% tail
1986,11166.666666666666,3,1.0558101231074604e-05,10400.0,False,True,repeated value in upper 1% tail
1986,11183.333333333334,3,1.0558101231074604e-05,10400.0,False,True,repeated value in upper 1% tail
1986,11184.0,5,1.759683538512434e-05,10400.0,False,True,repeated value in upper 1% tail
1986,11200.0,8,2.815493661619894e-05,10400.0,False,True,repeated value in upper 1% tail
1986,11214.285714285714,7,2.4635569539174076e-05,10400.0,False,True,repeated value in upper 1% tail
1986,11216.0,2,7.038734154049735e-06,10400.0,False,True,repeated value in upper 1% tail
1986,11221.0,2,7.038734154049735e-06,10400.0,False,True,repeated value in upper 1% tail
1986,11240.0,3,1.0558101231074604e-05,10400.0,False,True,repeated value in upper 1% tail
1986,11240.5,3,1.0558101231074604e-05,10400.0,False,True,repeated value in upper 1% tail
1986,11250.0,39,0.00013725531600396984,10400.0,False,True,repeated value in upper 1% tail
1986,11252.666666666666,4,1.407746830809947e-05,10400.0,False,True,repeated value in upper 1% tail
1986,11260.0,10,3.519367077024868e-05,10400.0,False,True,repeated value in upper 1% tail
1986,11262.5,4,1.407746830809947e-05,10400.0,False,True,repeated value in upper 1% tail
1986,11333.333333333334,13,4.5751772001323284e-05,10400.0,False,True,repeated value in upper 1% tail
1986,11360.0,3,1.0558101231074604e-05,10400.0,False,True,repeated value in upper 1% tail
1986,11390.0,5,1.759683538512434e-05,10400.0,False,True,repeated value in upper 1% tail
1986,11416.666666666666,3,1.0558101231074604e-05,10400.0,False,True,repeated value in upper 1% tail
1986,11433.333333333334,6,2.1116202462149208e-05,10400.0,False,True,repeated value in upper 1% tail
1986,11450.0,3,1.0558101231074604e-05,10400.0,False,True,repeated value in upper 1% tail
1986,11466.666666666666,3,1.0558101231074604e-05,10400.0,False,True,repeated value in upper 1% tail
1986,11500.0,34,0.0001196584806188455,10400.0,False,True,repeated value in upper 1% tail
1986,11513.333333333334,4,1.407746830809947e-05,10400.0,False,True,repeated value in upper 1% tail
1986,11540.0,9,3.167430369322381e-05,10400.0,False,True,repeated value in upper 1% tail
1986,11580.0,8,2.815493661619894e-05,10400.0,False,True,repeated value in upper 1% tail
1986,11600.0,4,1.407746830809947e-05,10400.0,False,True,repeated value in upper 1% tail
1986,11608.0,3,1.0558101231074604e-05,10400.0,False,True,repeated value in upper 1% tail
1986,11633.333333333334,7,2.4635569539174076e-05,10400.0,False,True,repeated value in upper 1% tail
1986,11640.0,3,1.0558101231074604e-05,10400.0,False,True,repeated value in upper 1% tail
1986,11640.666666666666,4,1.407746830809947e-05,10400.0,False,True,repeated value in upper 1% tail
1986,11650.0,5,1.759683538512434e-05,10400.0,False,True,repeated value in upper 1% tail
1986,11652.666666666666,3,1.0558101231074604e-05,10400.0,False,True,repeated value in upper 1% tail
1986,11666.666666666666,17,5.982924030942275e-05,10400.0,False,True,repeated value in upper 1% tail
1986,11680.0,7,2.4635569539174076e-05,10400.0,False,True,repeated value in upper 1% tail
1986,11725.0,2,7.038734154049735e-06,10400.0,False,True,repeated value in upper 1% tail
1986,11729.75,4,1.407746830809947e-05,10400.0,False,True,repeated value in upper 1% tail
1986,11750.0,15,5.279050615537302e-05,10400.0,False,True,repeated value in upper 1% tail
1986,11760.8,5,1.759683538512434e-05,10400.0,False,True,repeated value in upper 1% tail
1986,11780.0,3,1.0558101231074604e-05,10400.0,False,True,repeated value in upper 1% tail
1986,11800.0,9,3.167430369322381e-05,10400.0,False,True,repeated value in upper 1% tail
1986,11825.0,2,7.038734154049735e-06,10400.0,False,True,repeated value in upper 1% tail
1986,11840.0,4,1.407746830809947e-05,10400.0,False,True,repeated value in upper 1% tail
1986,11900.0,2,7.038734154049735e-06,10400.0,False,True,repeated value in upper 1% tail
1986,11950.0,6,2.1116202462149208e-05,10400.0,False,True,repeated value in upper 1% tail
1986,12000.0,91,0.000320262404009263,10400.0,False,True,repeated value in upper 1% tail
1986,12020.0,4,1.407746830809947e-05,10400.0,False,True,repeated value in upper 1% tail
1986,12025.0,4,1.407746830809947e-05,10400.0,False,True,repeated value in upper 1% tail
1986,12025.2,5,1.759683538512434e-05,10400.0,False,True,repeated value in upper 1% tail
1986,12033.333333333334,3,1.0558101231074604e-05,10400.0,False,True,repeated value in upper 1% tail
1986,12060.0,10,3.519367077024868e-05,10400.0,False,True,repeated value in upper 1% tail
1986,12066.666666666666,4,1.407746830809947e-05,10400.0,False,True,repeated value in upper 1% tail
1986,12070.0,4,1.407746830809947e-05,10400.0,False,True,repeated value in upper 1% tail
1986,12075.0,2,7.038734154049735e-06,10400.0,False,True,repeated value in upper 1% tail
1986,12075.666666666666,3,1.0558101231074604e-05,10400.0,False,True,repeated value in upper 1% tail
1986,12095.0,2,7.038734154049735e-06,10400.0,False,True,repeated value in upper 1% tail
1986,12100.0,4,1.407746830809947e-05,10400.0,False,True,repeated value in upper 1% tail
1986,12125.0,4,1.407746830809947e-05,10400.0,False,True,repeated value in upper 1% tail
1986,12133.333333333334,4,1.407746830809947e-05,10400.0,False,True,repeated value in upper 1% tail
1986,12165.0,5,1.759683538512434e-05,10400.0,False,True,repeated value in upper 1% tail
1986,12166.666666666666,3,1.0558101231074604e-05,10400.0,False,True,repeated value in upper 1% tail
1986,12195.0,2,7.038734154049735e-06,10400.0,False,True,repeated value in upper 1% tail
1986,12200.0,4,1.407746830809947e-05,10400.0,False,True,repeated value in upper 1% tail
1986,12216.666666666666,3,1.0558101231074604e-05,10400.0,False,True,repeated value in upper 1% tail
1986,12233.333333333334,3,1.0558101231074604e-05,10400.0,False,True,repeated value in upper 1% tail
1986,12250.0,2,7.038734154049735e-06,10400.0,False,True,repeated value in upper 1% tail
1986,12333.333333333334,6,2.1116202462149208e-05,10400.0,False,True,repeated value in upper 1% tail
1986,12346.666666666666,3,1.0558101231074604e-05,10400.0,False,True,repeated value in upper 1% tail
1986,12353.333333333334,3,1.0558101231074604e-05,10400.0,False,True,repeated value in upper 1% tail
1986,12373.333333333334,4,1.407746830809947e-05,10400.0,False,True,repeated value in upper 1% tail
1986,12375.0,7,2.4635569539174076e-05,10400.0,False,True,repeated value in upper 1% tail
1986,12400.0,10,3.519367077024868e-05,10400.0,False,True,repeated value in upper 1% tail
1986,12445.0,2,7.038734154049735e-06,10400.0,False,True,repeated value in upper 1% tail
1986,12450.0,4,1.407746830809947e-05,10400.0,False,True,repeated value in upper 1% tail
1986,12470.0,4,1.407746830809947e-05,10400.0,False,True,repeated value in upper 1% tail
1986,12500.0,102,0.00035897544185653653,10400.0,False,True,repeated value in upper 1% tail
1986,12502.0,2,7.038734154049735e-06,10400.0,False,True,repeated value in upper 1% tail
1986,12510.0,4,1.407746830809947e-05,10400.0,False,True,repeated value in upper 1% tail
1986,12520.0,6,2.1116202462149208e-05,10400.0,False,True,repeated value in upper 1% tail
1986,12600.0,5,1.759683538512434e-05,10400.0,False,True,repeated value in upper 1% tail
1986,12616.666666666666,3,1.0558101231074604e-05,10400.0,False,True,repeated value in upper 1% tail
1986,12633.333333333334,3,1.0558101231074604e-05,10400.0,False,True,repeated value in upper 1% tail
1986,12647.5,2,7.038734154049735e-06,10400.0,False,True,repeated value in upper 1% tail
1986,12666.666666666666,11,3.871303784727355e-05,10400.0,False,True,repeated value in upper 1% tail
1986,12675.0,5,1.759683538512434e-05,10400.0,False,True,repeated value in upper 1% tail
1986,12680.0,10,3.519367077024868e-05,10400.0,False,True,repeated value in upper 1% tail
1986,12700.0,5,1.759683538512434e-05,10400.0,False,True,repeated value in upper 1% tail
1986,12724.0,2,7.038734154049735e-06,10400.0,False,True,repeated value in upper 1% tail
1986,12750.0,4,1.407746830809947e-05,10400.0,False,True,repeated value in upper 1% tail
1986,12800.0,3,1.0558101231074604e-05,10400.0,False,True,repeated value in upper 1% tail
1986,12833.333333333334,3,1.0558101231074604e-05,10400.0,False,True,repeated value in upper 1% tail
1986,12841.0,5,1.759683538512434e-05,10400.0,False,True,repeated value in upper 1% tail
1986,12850.0,2,7.038734154049735e-06,10400.0,False,True,repeated value in upper 1% tail
1986,12890.0,2,7.038734154049735e-06,10400.0,False,True,repeated value in upper 1% tail
1986,12900.0,3,1.0558101231074604e-05,10400.0,False,True,repeated value in upper 1% tail
1986,12925.0,4,1.407746830809947e-05,10400.0,False,True,repeated value in upper 1% tail
1986,12927.0,2,7.038734154049735e-06,10400.0,False,True,repeated value in upper 1% tail
1986,12950.0,2,7.038734154049735e-06,10400.0,False,True,repeated value in upper 1% tail
1986,12960.0,2,7.038734154049735e-06,10400.0,False,True,repeated value in upper 1% tail
1986,13000.0,41,0.00014429405015801958,10400.0,False,True,repeated value in upper 1% tail
1986,13005.0,4,1.407746830809947e-05,10400.0,False,True,repeated value in upper 1% tail
1986,13018.0,4,1.407746830809947e-05,10400.0,False,True,repeated value in upper 1% tail
1986,13026.666666666666,3,1.0558101231074604e-05,10400.0,False,True,repeated value in upper 1% tail
1986,13050.0,2,7.038734154049735e-06,10400.0,False,True,repeated value in upper 1% tail
1986,13066.666666666666,7,2.4635569539174076e-05,10400.0,False,True,repeated value in upper 1% tail
1986,13075.0,4,1.407746830809947e-05,10400.0,False,True,repeated value in upper 1% tail
1986,13100.0,8,2.815493661619894e-05,10400.0,False,True,repeated value in upper 1% tail
1986,13125.0,4,1.407746830809947e-05,10400.0,False,True,repeated value in upper 1% tail
1986,13150.0,2,7.038734154049735e-06,10400.0,False,True,repeated value in upper 1% tail
1986,13200.0,4,1.407746830809947e-05,10400.0,False,True,repeated value in upper 1% tail
1986,13200.444444444445,10,3.519367077024868e-05,10400.0,False,True,repeated value in upper 1% tail
1986,13250.0,6,2.1116202462149208e-05,10400.0,False,True,repeated value in upper 1% tail
1986,13266.666666666666,6,2.1116202462149208e-05,10400.0,False,True,repeated value in upper 1% tail
1986,13333.333333333334,31,0.00010910037938777091,10400.0,False,True,repeated value in upper 1% tail
1986,13346.666666666666,3,1.0558101231074604e-05,10400.0,False,True,repeated value in upper 1% tail
1986,13389.0,3,1.0558101231074604e-05,10400.0,False,True,repeated value in upper 1% tail
1986,13400.0,7,2.4635569539174076e-05,10400.0,False,True,repeated value in upper 1% tail
1986,13408.0,5,1.759683538512434e-05,10400.0,False,True,repeated value in upper 1% tail
1986,13409.666666666666,3,1.0558101231074604e-05,10400.0,False,True,repeated value in upper 1% tail
1986,13437.5,4,1.407746830809947e-05,10400.0,False,True,repeated value in upper 1% tail
1986,13465.0,2,7.038734154049735e-06,10400.0,False,True,repeated value in upper 1% tail
1986,13500.0,32,0.00011261974646479576,10400.0,False,True,repeated value in upper 1% tail
1986,13502.5,3,1.0558101231074604e-05,10400.0,False,True,repeated value in upper 1% tail
1986,13550.0,4,1.407746830809947e-05,10400.0,False,True,repeated value in upper 1% tail
1986,13607.5,2,7.038734154049735e-06,10400.0,False,True,repeated value in upper 1% tail
1986,13625.0,6,2.1116202462149208e-05,10400.0,False,True,repeated value in upper 1% tail
1986,13666.666666666666,3,1.0558101231074604e-05,10400.0,False,True,repeated value in upper 1% tail
1986,13750.0,16,5.630987323239788e-05,10400.0,False,True,repeated value in upper 1% tail
1986,13766.666666666666,3,1.0558101231074604e-05,10400.0,False,True,repeated value in upper 1% tail
1986,13790.0,3,1.0558101231074604e-05,10400.0,False,True,repeated value in upper 1% tail
1986,13800.0,4,1.407746830809947e-05,10400.0,False,True,repeated value in upper 1% tail
1986,13812.5,2,7.038734154049735e-06,10400.0,False,True,repeated value in upper 1% tail
1986,13825.0,4,1.407746830809947e-05,10400.0,False,True,repeated value in upper 1% tail
1986,13833.333333333334,3,1.0558101231074604e-05,10400.0,False,True,repeated value in upper 1% tail
1986,13850.0,2,7.038734154049735e-06,10400.0,False,True,repeated value in upper 1% tail
1986,13900.0,3,1.0558101231074604e-05,10400.0,False,True,repeated value in upper 1% tail
1986,13996.666666666666,4,1.407746830809947e-05,10400.0,False,True,repeated value in upper 1% tail
1986,14000.0,42,0.00014781341723504445,10400.0,False,True,repeated value in upper 1% tail
1986,14001.333333333334,3,1.0558101231074604e-05,10400.0,False,True,repeated value in upper 1% tail
1986,14014.666666666666,3,1.0558101231074604e-05,10400.0,False,True,repeated value in upper 1% tail
1986,14050.0,2,7.038734154049735e-06,10400.0,False,True,repeated value in upper 1% tail
1986,14066.666666666666,3,1.0558101231074604e-05,10400.0,False,True,repeated value in upper 1% tail
1986,14072.0,2,7.038734154049735e-06,10400.0,False,True,repeated value in upper 1% tail
1986,14085.0,2,7.038734154049735e-06,10400.0,False,True,repeated value in upper 1% tail
1986,14100.0,3,1.0558101231074604e-05,10400.0,False,True,repeated value in upper 1% tail
1986,14125.0,5,1.759683538512434e-05,10400.0,False,True,repeated value in upper 1% tail
1986,14150.0,4,1.407746830809947e-05,10400.0,False,True,repeated value in upper 1% tail
1986,14160.0,5,1.759683538512434e-05,10400.0,False,True,repeated value in upper 1% tail
1986,14239.0,2,7.038734154049735e-06,10400.0,False,True,repeated value in upper 1% tail
1986,14250.0,4,1.407746830809947e-05,10400.0,False,True,repeated value in upper 1% tail
1986,14300.0,7,2.4635569539174076e-05,10400.0,False,True,repeated value in upper 1% tail
1986,14333.333333333334,3,1.0558101231074604e-05,10400.0,False,True,repeated value in upper 1% tail
1986,14336.666666666666,7,2.4635569539174076e-05,10400.0,False,True,repeated value in upper 1% tail
1986,14350.0,4,1.407746830809947e-05,10400.0,False,True,repeated value in upper 1% tail
1986,14360.0,4,1.407746830809947e-05,10400.0,False,True,repeated value in upper 1% tail
1986,14375.0,2,7.038734154049735e-06,10400.0,False,True,repeated value in upper 1% tail
1986,14483.333333333334,6,2.1116202462149208e-05,10400.0,False,True,repeated value in upper 1% tail
1986,14500.0,19,6.686797446347249e-05,10400.0,False,True,repeated value in upper 1% tail
1986,14540.0,5,1.759683538512434e-05,10400.0,False,True,repeated value in upper 1% tail
1986,14550.0,2,7.038734154049735e-06,10400.0,False,True,repeated value in upper 1% tail
1986,14586.0,2,7.038734154049735e-06,10400.0,False,True,repeated value in upper 1% tail
1986,14600.0,2,7.038734154049735e-06,10400.0,False,True,repeated value in upper 1% tail
1986,14680.0,3,1.0558101231074604e-05,10400.0,False,True,repeated value in upper 1% tail
1986,14693.333333333334,3,1.0558101231074604e-05,10400.0,False,True,repeated value in upper 1% tail
1986,14740.0,9,3.167430369322381e-05,10400.0,False,True,repeated value in upper 1% tail
1986,14750.0,2,7.038734154049735e-06,10400.0,False,True,repeated value in upper 1% tail
1986,14755.0,4,1.407746830809947e-05,10400.0,False,True,repeated value in upper 1% tail
1986,14817.666666666666,6,2.1116202462149208e-05,10400.0,False,True,repeated value in upper 1% tail
1986,14850.0,2,7.038734154049735e-06,10400.0,False,True,repeated value in upper 1% tail
1986,15000.0,106,0.000373052910164636,10400.0,False,True,repeated value in upper 1% tail
1986,15020.0,2,7.038734154049735e-06,10400.0,False,True,repeated value in upper 1% tail
1986,15030.0,5,1.759683538512434e-05,10400.0,False,True,repeated value in upper 1% tail
1986,15050.0,2,7.038734154049735e-06,10400.0,False,True,repeated value in upper 1% tail
1986,15100.0,5,1.759683538512434e-05,10400.0,False,True,repeated value in upper 1% tail
1986,15145.0,4,1.407746830809947e-05,10400.0,False,True,repeated value in upper 1% tail
1986,15192.5,4,1.407746830809947e-05,10400.0,False,True,repeated value in upper 1% tail
1986,15200.0,2,7.038734154049735e-06,10400.0,False,True,repeated value in upper 1% tail
1986,15240.8,5,1.759683538512434e-05,10400.0,False,True,repeated value in upper 1% tail
1986,15266.666666666666,4,1.407746830809947e-05,10400.0,False,True,repeated value in upper 1% tail
1986,15290.0,2,7.038734154049735e-06,10400.0,False,True,repeated value in upper 1% tail
1986,15295.25,4,1.407746830809947e-05,10400.0,False,True,repeated value in upper 1% tail
1986,15333.333333333334,6,2.1116202462149208e-05,10400.0,False,True,repeated value in upper 1% tail
1986,15350.0,2,7.038734154049735e-06,10400.0,False,True,repeated value in upper 1% tail
1986,15360.0,5,1.759683538512434e-05,10400.0,False,True,repeated value in upper 1% tail
1986,15476.0,4,1.407746830809947e-05,10400.0,False,True,repeated value in upper 1% tail
1986,15490.0,2,7.038734154049735e-06,10400.0,False,True,repeated value in upper 1% tail
1986,15500.0,17,5.982924030942275e-05,10400.0,False,True,repeated value in upper 1% tail
1986,15600.0,10,3.519367077024868e-05,10400.0,False,True,repeated value in upper 1% tail
1986,15610.0,3,1.0558101231074604e-05,10400.0,False,True,repeated value in upper 1% tail
1986,15630.0,2,7.038734154049735e-06,10400.0,False,True,repeated value in upper 1% tail
1986,15700.0,4,1.407746830809947e-05,10400.0,False,True,repeated value in upper 1% tail
1986,15750.0,4,1.407746830809947e-05,10400.0,False,True,repeated value in upper 1% tail
1986,15755.0,4,1.407746830809947e-05,10400.0,False,True,repeated value in upper 1% tail
1986,15790.0,4,1.407746830809947e-05,10400.0,False,True,repeated value in upper 1% tail
1986,15930.75,4,1.407746830809947e-05,10400.0,False,True,repeated value in upper 1% tail
1986,15943.333333333334,3,1.0558101231074604e-05,10400.0,False,True,repeated value in upper 1% tail
1986,16000.0,32,0.00011261974646479576,10400.0,False,True,repeated value in upper 1% tail
1986,16026.666666666666,3,1.0558101231074604e-05,10400.0,False,True,repeated value in upper 1% tail
1986,16040.0,2,7.038734154049735e-06,10400.0,False,True,repeated value in upper 1% tail
1986,16075.0,4,1.407746830809947e-05,10400.0,False,True,repeated value in upper 1% tail
1986,16093.333333333334,3,1.0558101231074604e-05,10400.0,False,True,repeated value in upper 1% tail
1986,16100.0,4,1.407746830809947e-05,10400.0,False,True,repeated value in upper 1% tail
1986,16200.0,6,2.1116202462149208e-05,10400.0,False,True,repeated value in upper 1% tail
1986,16248.0,3,1.0558101231074604e-05,10400.0,False,True,repeated value in upper 1% tail
1986,16250.0,10,3.519367077024868e-05,10400.0,False,True,repeated value in upper 1% tail
1986,16260.0,3,1.0558101231074604e-05,10400.0,False,True,repeated value in upper 1% tail
1986,16311.5,2,7.038734154049735e-06,10400.0,False,True,repeated value in upper 1% tail
1986,16420.0,4,1.407746830809947e-05,10400.0,False,True,repeated value in upper 1% tail
1986,16485.0,2,7.038734154049735e-06,10400.0,False,True,repeated value in upper 1% tail
1986,16500.0,10,3.519367077024868e-05,10400.0,False,True,repeated value in upper 1% tail
1986,16562.5,4,1.407746830809947e-05,10400.0,False,True,repeated value in upper 1% tail
1986,16666.666666666668,41,0.00014429405015801958,10400.0,False,True,repeated value in upper 1% tail
1986,16680.0,3,1.0558101231074604e-05,10400.0,False,True,repeated value in upper 1% tail
1986,16700.0,2,7.038734154049735e-06,10400.0,False,True,repeated value in upper 1% tail
1986,16795.0,4,1.407746830809947e-05,10400.0,False,True,repeated value in upper 1% tail
1986,16877.5,2,7.038734154049735e-06,10400.0,False,True,repeated value in upper 1% tail
1986,16915.0,4,1.407746830809947e-05,10400.0,False,True,repeated value in upper 1% tail
1986,17000.0,15,5.279050615537302e-05,10400.0,False,True,repeated value in upper 1% tail
1986,17033.333333333332,3,1.0558101231074604e-05,10400.0,False,True,repeated value in upper 1% tail
1986,17100.0,2,7.038734154049735e-06,10400.0,False,True,repeated value in upper 1% tail
1986,17125.0,4,1.407746830809947e-05,10400.0,False,True,repeated value in upper 1% tail
1986,17150.0,4,1.407746830809947e-05,10400.0,False,True,repeated value in upper 1% tail
1986,17166.666666666668,6,2.1116202462149208e-05,10400.0,False,True,repeated value in upper 1% tail
1986,17213.333333333332,4,1.407746830809947e-05,10400.0,False,True,repeated value in upper 1% tail
1986,17250.0,2,7.038734154049735e-06,10400.0,False,True,repeated value in upper 1% tail
1986,17290.0,4,1.407746830809947e-05,10400.0,False,True,repeated value in upper 1% tail
1986,17325.0,7,2.4635569539174076e-05,10400.0,False,True,repeated value in upper 1% tail
1986,17400.0,7,2.4635569539174076e-05,10400.0,False,True,repeated value in upper 1% tail
1986,17452.0,2,7.038734154049735e-06,10400.0,False,True,repeated value in upper 1% tail
1986,17471.428571428572,7,2.4635569539174076e-05,10400.0,False,True,repeated value in upper 1% tail
1986,17500.0,27,9.502291107967144e-05,10400.0,False,True,repeated value in upper 1% tail
1986,17517.5,2,7.038734154049735e-06,10400.0,False,True,repeated value in upper 1% tail
1986,17533.333333333332,3,1.0558101231074604e-05,10400.0,False,True,repeated value in upper 1% tail
1986,17644.571428571428,7,2.4635569539174076e-05,10400.0,False,True,repeated value in upper 1% tail
1986,17650.0,2,7.038734154049735e-06,10400.0,False,True,repeated value in upper 1% tail
1986,17666.666666666668,7,2.4635569539174076e-05,10400.0,False,True,repeated value in upper 1% tail
1986,17672.5,2,7.038734154049735e-06,10400.0,False,True,repeated value in upper 1% tail
1986,17676.666666666668,3,1.0558101231074604e-05,10400.0,False,True,repeated value in upper 1% tail
1986,17683.333333333332,7,2.4635569539174076e-05,10400.0,False,True,repeated value in upper 1% tail
1986,17700.0,2,7.038734154049735e-06,10400.0,False,True,repeated value in upper 1% tail
1986,17860.0,2,7.038734154049735e-06,10400.0,False,True,repeated value in upper 1% tail
1986,17866.666666666668,7,2.4635569539174076e-05,10400.0,False,True,repeated value in upper 1% tail
1986,17925.0,4,1.407746830809947e-05,10400.0,False,True,repeated value in upper 1% tail
1986,17963.333333333332,3,1.0558101231074604e-05,10400.0,False,True,repeated value in upper 1% tail
1986,17975.0,2,7.038734154049735e-06,10400.0,False,True,repeated value in upper 1% tail
1986,18000.0,21,7.390670861752222e-05,10400.0,False,True,repeated value in upper 1% tail
1986,18157.0,2,7.038734154049735e-06,10400.0,False,True,repeated value in upper 1% tail
1986,18200.0,2,7.038734154049735e-06,10400.0,False,True,repeated value in upper 1% tail
1986,18222.0,6,2.1116202462149208e-05,10400.0,False,True,repeated value in upper 1% tail
1986,18233.333333333332,3,1.0558101231074604e-05,10400.0,False,True,repeated value in upper 1% tail
1986,18250.0,2,7.038734154049735e-06,10400.0,False,True,repeated value in upper 1% tail
1986,18300.0,3,1.0558101231074604e-05,10400.0,False,True,repeated value in upper 1% tail
1986,18333.333333333332,6,2.1116202462149208e-05,10400.0,False,True,repeated value in upper 1% tail
1986,18360.0,3,1.0558101231074604e-05,10400.0,False,True,repeated value in upper 1% tail
1986,18500.0,11,3.871303784727355e-05,10400.0,False,True,repeated value in upper 1% tail
1986,18520.0,5,1.759683538512434e-05,10400.0,False,True,repeated value in upper 1% tail
1986,18600.0,7,2.4635569539174076e-05,10400.0,False,True,repeated value in upper 1% tail
1986,18660.0,4,1.407746830809947e-05,10400.0,False,True,repeated value in upper 1% tail
1986,18666.666666666668,3,1.0558101231074604e-05,10400.0,False,True,repeated value in upper 1% tail
1986,18750.0,8,2.815493661619894e-05,10400.0,False,True,repeated value in upper 1% tail
1986,18833.333333333332,3,1.0558101231074604e-05,10400.0,False,True,repeated value in upper 1% tail
1986,18940.0,2,7.038734154049735e-06,10400.0,False,True,repeated value in upper 1% tail
1986,19000.0,17,5.982924030942275e-05,10400.0,False,True,repeated value in upper 1% tail
1986,19185.0,3,1.0558101231074604e-05,10400.0,False,True,repeated value in upper 1% tail
1986,19250.0,2,7.038734154049735e-06,10400.0,False,True,repeated value in upper 1% tail
1986,19325.0,4,1.407746830809947e-05,10400.0,False,True,repeated value in upper 1% tail
1986,19333.333333333332,4,1.407746830809947e-05,10400.0,False,True,repeated value in upper 1% tail
1986,19350.0,2,7.038734154049735e-06,10400.0,False,True,repeated value in upper 1% tail
1986,19425.0,4,1.407746830809947e-05,10400.0,False,True,repeated value in upper 1% tail
1986,19500.0,8,2.815493661619894e-05,10400.0,False,True,repeated value in upper 1% tail
1986,19600.0,6,2.1116202462149208e-05,10400.0,False,True,repeated value in upper 1% tail
1986,19666.666666666668,7,2.4635569539174076e-05,10400.0,False,True,repeated value in upper 1% tail
1986,19750.0,2,7.038734154049735e-06,10400.0,False,True,repeated value in upper 1% tail
1986,19912.5,2,7.038734154049735e-06,10400.0,False,True,repeated value in upper 1% tail
1986,20000.0,56,0.0001970845563133926,10400.0,False,True,repeated value in upper 1% tail
1986,20007.5,2,7.038734154049735e-06,10400.0,False,True,repeated value in upper 1% tail
1986,20010.0,5,1.759683538512434e-05,10400.0,False,True,repeated value in upper 1% tail
1986,20180.0,8,2.815493661619894e-05,10400.0,False,True,repeated value in upper 1% tail
1986,20333.333333333332,3,1.0558101231074604e-05,10400.0,False,True,repeated value in upper 1% tail
1986,20500.0,4,1.407746830809947e-05,10400.0,False,True,repeated value in upper 1% tail
1986,20600.0,4,1.407746830809947e-05,10400.0,False,True,repeated value in upper 1% tail
1986,20666.666666666668,3,1.0558101231074604e-05,10400.0,False,True,repeated value in upper 1% tail
1986,20687.5,2,7.038734154049735e-06,10400.0,False,True,repeated value in upper 1% tail
1986,20740.0,2,7.038734154049735e-06,10400.0,False,True,repeated value in upper 1% tail
1986,20827.333333333332,3,1.0558101231074604e-05,10400.0,False,True,repeated value in upper 1% tail
1986,20885.0,5,1.759683538512434e-05,10400.0,False,True,repeated value in upper 1% tail
1986,20900.0,3,1.0558101231074604e-05,10400.0,False,True,repeated value in upper 1% tail
1986,21000.0,2,7.038734154049735e-06,10400.0,False,True,repeated value in upper 1% tail
1986,21053.0,2,7.038734154049735e-06,10400.0,False,True,repeated value in upper 1% tail
1986,21250.0,3,1.0558101231074604e-05,10400.0,False,True,repeated value in upper 1% tail
1986,21268.0,3,1.0558101231074604e-05,10400.0,False,True,repeated value in upper 1% tail
1986,21700.0,3,1.0558101231074604e-05,10400.0,False,True,repeated value in upper 1% tail
1986,21874.5,2,7.038734154049735e-06,10400.0,False,True,repeated value in upper 1% tail
1986,21933.333333333332,3,1.0558101231074604e-05,10400.0,False,True,repeated value in upper 1% tail
1986,22000.0,18,6.334860738644762e-05,10400.0,False,True,repeated value in upper 1% tail
1986,22068.666666666668,6,2.1116202462149208e-05,10400.0,False,True,repeated value in upper 1% tail
1986,22500.0,6,2.1116202462149208e-05,10400.0,False,True,repeated value in upper 1% tail
1986,22520.0,4,1.407746830809947e-05,10400.0,False,True,repeated value in upper 1% tail
1986,22669.5,2,7.038734154049735e-06,10400.0,False,True,repeated value in upper 1% tail
1986,22760.0,3,1.0558101231074604e-05,10400.0,False,True,repeated value in upper 1% tail
1986,22826.666666666668,3,1.0558101231074604e-05,10400.0,False,True,repeated value in upper 1% tail
1986,22875.0,4,1.407746830809947e-05,10400.0,False,True,repeated value in upper 1% tail
1986,23000.0,3,1.0558101231074604e-05,10400.0,False,True,repeated value in upper 1% tail
1986,23066.666666666668,3,1.0558101231074604e-05,10400.0,False,True,repeated value in upper 1% tail
1986,23450.0,2,7.038734154049735e-06,10400.0,False,True,repeated value in upper 1% tail
1986,23466.666666666668,3,1.0558101231074604e-05,10400.0,False,True,repeated value in upper 1% tail
1986,23500.0,4,1.407746830809947e-05,10400.0,False,True,repeated value in upper 1% tail
1986,23575.0,5,1.759683538512434e-05,10400.0,False,True,repeated value in upper 1% tail
1986,23600.0,5,1.759683538512434e-05,10400.0,False,True,repeated value in upper 1% tail
1986,23666.666666666668,3,1.0558101231074604e-05,10400.0,False,True,repeated value in upper 1% tail
1986,23721.333333333332,3,1.0558101231074604e-05,10400.0,False,True,repeated value in upper 1% tail
1986,23750.0,5,1.759683538512434e-05,10400.0,False,True,repeated value in upper 1% tail
1986,23806.666666666668,3,1.0558101231074604e-05,10400.0,False,True,repeated value in upper 1% tail
1986,24000.0,2,7.038734154049735e-06,10400.0,False,True,repeated value in upper 1% tail
1986,24090.0,7,2.4635569539174076e-05,10400.0,False,True,repeated value in upper 1% tail
1986,24250.0,2,7.038734154049735e-06,10400.0,False,True,repeated value in upper 1% tail
1986,24333.333333333332,10,3.519367077024868e-05,10400.0,False,True,repeated value in upper 1% tail
1986,24900.0,4,1.407746830809947e-05,10400.0,False,True,repeated value in upper 1% tail
1986,25000.0,37,0.0001302165818499201,10400.0,False,True,repeated value in upper 1% tail
1986,25216.0,5,1.759683538512434e-05,10400.0,False,True,repeated value in upper 1% tail
1986,25240.0,2,7.038734154049735e-06,10400.0,False,True,repeated value in upper 1% tail
1986,25413.333333333332,3,1.0558101231074604e-05,10400.0,False,True,repeated value in upper 1% tail
1986,25500.0,2,7.038734154049735e-06,10400.0,False,True,repeated value in upper 1% tail
1986,25575.0,5,1.759683538512434e-05,10400.0,False,True,repeated value in upper 1% tail
1986,25750.0,4,1.407746830809947e-05,10400.0,False,True,repeated value in upper 1% tail
1986,25800.0,4,1.407746830809947e-05,10400.0,False,True,repeated value in upper 1% tail
1986,25900.0,9,3.167430369322381e-05,10400.0,False,True,repeated value in upper 1% tail
1986,26100.0,2,7.038734154049735e-06,10400.0,False,True,repeated value in upper 1% tail
1986,26200.0,4,1.407746830809947e-05,10400.0,False,True,repeated value in upper 1% tail
1986,26250.0,4,1.407746830809947e-05,10400.0,False,True,repeated value in upper 1% tail
1986,26666.666666666668,8,2.815493661619894e-05,10400.0,False,True,repeated value in upper 1% tail
1986,26800.0,2,7.038734154049735e-06,10400.0,False,True,repeated value in upper 1% tail
1986,27000.0,10,3.519367077024868e-05,10400.0,False,True,repeated value in upper 1% tail
1986,27250.0,2,7.038734154049735e-06,10400.0,False,True,repeated value in upper 1% tail
1986,27400.0,2,7.038734154049735e-06,10400.0,False,True,repeated value in upper 1% tail
1986,27500.0,3,1.0558101231074604e-05,10400.0,False,True,repeated value in upper 1% tail
1986,27562.5,3,1.0558101231074604e-05,10400.0,False,True,repeated value in upper 1% tail
1986,27700.0,2,7.038734154049735e-06,10400.0,False,True,repeated value in upper 1% tail
1986,27925.0,2,7.038734154049735e-06,10400.0,False,True,repeated value in upper 1% tail
1986,27940.0,2,7.038734154049735e-06,10400.0,False,True,repeated value in upper 1% tail
1986,28000.0,7,2.4635569539174076e-05,10400.0,False,True,repeated value in upper 1% tail
1986,28125.0,4,1.407746830809947e-05,10400.0,False,True,repeated value in upper 1% tail
1986,28850.0,2,7.038734154049735e-06,10400.0,False,True,repeated value in upper 1% tail
1986,29000.0,6,2.1116202462149208e-05,10400.0,False,True,repeated value in upper 1% tail
1986,29300.0,2,7.038734154049735e-06,10400.0,False,True,repeated value in upper 1% tail
1986,29645.0,4,1.407746830809947e-05,10400.0,False,True,repeated value in upper 1% tail
1986,30000.0,38,0.00013373594892694498,10400.0,False,True,repeated value in upper 1% tail
1986,30125.0,4,1.407746830809947e-05,10400.0,False,True,repeated value in upper 1% tail
1986,30321.6,5,1.759683538512434e-05,10400.0,False,True,repeated value in upper 1% tail
1986,31250.0,4,1.407746830809947e-05,10400.0,False,True,repeated value in upper 1% tail
1986,31666.666666666668,8,2.815493661619894e-05,10400.0,False,True,repeated value in upper 1% tail
1986,32000.0,4,1.407746830809947e-05,10400.0,False,True,repeated value in upper 1% tail
1986,32500.0,3,1.0558101231074604e-05,10400.0,False,True,repeated value in upper 1% tail
1986,32850.0,3,1.0558101231074604e-05,10400.0,False,True,repeated value in upper 1% tail
1986,32900.0,2,7.038734154049735e-06,10400.0,False,True,repeated value in upper 1% tail
1986,33166.666666666664,6,2.1116202462149208e-05,10400.0,False,True,repeated value in upper 1% tail
1986,33404.0,2,7.038734154049735e-06,10400.0,False,True,repeated value in upper 1% tail
1986,34000.0,2,7.038734154049735e-06,10400.0,False,True,repeated value in upper 1% tail
1986,34250.0,2,7.038734154049735e-06,10400.0,False,True,repeated value in upper 1% tail
1986,34525.0,5,1.759683538512434e-05,10400.0,False,True,repeated value in upper 1% tail
1986,35000.0,2,7.038734154049735e-06,10400.0,False,True,repeated value in upper 1% tail
1986,35300.0,2,7.038734154049735e-06,10400.0,False,True,repeated value in upper 1% tail
1986,36000.0,6,2.1116202462149208e-05,10400.0,False,True,repeated value in upper 1% tail
1986,36666.666666666664,8,2.815493661619894e-05,10400.0,False,True,repeated value in upper 1% tail
1986,37500.0,2,7.038734154049735e-06,10400.0,False,True,repeated value in upper 1% tail
1986,39904.0,2,7.038734154049735e-06,10400.0,False,True,repeated value in upper 1% tail
1986,40000.0,35,0.00012317784769587037,10400.0,False,True,repeated value in upper 1% tail
1986,40250.0,2,7.038734154049735e-06,10400.0,False,True,repeated value in upper 1% tail
1986,41900.0,2,7.038734154049735e-06,10400.0,False,True,repeated value in upper 1% tail
1986,42442.0,2,7.038734154049735e-06,10400.0,False,True,repeated value in upper 1% tail
1986,42500.0,4,1.407746830809947e-05,10400.0,False,True,repeated value in upper 1% tail
1986,43900.0,4,1.407746830809947e-05,10400.0,False,True,repeated value in upper 1% tail
1986,44000.0,5,1.759683538512434e-05,10400.0,False,True,repeated value in upper 1% tail
1986,44160.0,5,1.759683538512434e-05,10400.0,False,True,repeated value in upper 1% tail
1986,44200.0,5,1.759683538512434e-05,10400.0,False,True,repeated value in upper 1% tail
1986,44500.0,2,7.038734154049735e-06,10400.0,False,True,repeated value in upper 1% tail
1986,45000.0,3,1.0558101231074604e-05,10400.0,False,True,repeated value in upper 1% tail
1986,46280.0,4,1.407746830809947e-05,10400.0,False,True,repeated value in upper 1% tail
1986,50000.0,19,6.686797446347249e-05,10400.0,False,True,repeated value in upper 1% tail
1986,51212.5,9,3.167430369322381e-05,10400.0,False,True,repeated value in upper 1% tail
1986,51333.333333333336,7,2.4635569539174076e-05,10400.0,False,True,repeated value in upper 1% tail
1986,51500.0,2,7.038734154049735e-06,10400.0,False,True,repeated value in upper 1% tail
1986,56354.0,2,7.038734154049735e-06,10400.0,False,True,repeated value in upper 1% tail
1986,60000.0,4,1.407746830809947e-05,10400.0,False,True,repeated value in upper 1% tail
1986,60976.0,2,7.038734154049735e-06,10400.0,False,True,repeated value in upper 1% tail
1986,63750.0,2,7.038734154049735e-06,10400.0,False,True,repeated value in upper 1% tail
1986,68000.0,4,1.407746830809947e-05,10400.0,False,True,repeated value in upper 1% tail
1986,72000.0,3,1.0558101231074604e-05,10400.0,False,True,repeated value in upper 1% tail
1986,75500.0,3,1.0558101231074604e-05,10400.0,False,True,repeated value in upper 1% tail
1986,80000.0,2,7.038734154049735e-06,10400.0,False,True,repeated value in upper 1% tail
1986,84000.0,2,7.038734154049735e-06,10400.0,False,True,repeated value in upper 1% tail
1986,110000.0,2,7.038734154049735e-06,10400.0,False,True,repeated value in upper 1% tail
1986,111400.0,2,7.038734154049735e-06,10400.0,False,True,repeated value in upper 1% tail
1986,154833.33333333334,3,1.0558101231074604e-05,10400.0,False,True,repeated value in upper 1% tail
1986,215000.0,2,7.038734154049735e-06,10400.0,False,True,repeated value in upper 1% tail
1986,218333.33333333334,3,1.0558101231074604e-05,10400.0,False,True,repeated value in upper 1% tail
1986,334666.6666666667,3,1.0558101231074604e-05,10400.0,False,True,repeated value in upper 1% tail
1987,33750.0,22,7.518411564683971e-05,33750.0,False,True,repeated value in upper 1% tail
1987,33777.166666666664,6,2.0504758812774465e-05,33750.0,False,True,repeated value in upper 1% tail
1987,33795.0,2,6.834919604258155e-06,33750.0,False,True,repeated value in upper 1% tail
1987,33801.5,5,1.7087299010645387e-05,33750.0,False,True,repeated value in upper 1% tail
1987,33833.333333333336,3,1.0252379406387232e-05,33750.0,False,True,repeated value in upper 1% tail
1987,33853.333333333336,3,1.0252379406387232e-05,33750.0,False,True,repeated value in upper 1% tail
1987,33875.0,2,6.834919604258155e-06,33750.0,False,True,repeated value in upper 1% tail
1987,33895.0,2,6.834919604258155e-06,33750.0,False,True,repeated value in upper 1% tail
1987,34000.0,28,9.568887445961417e-05,33750.0,False,True,repeated value in upper 1% tail
1987,34017.166666666664,6,2.0504758812774465e-05,33750.0,False,True,repeated value in upper 1% tail
1987,34030.0,2,6.834919604258155e-06,33750.0,False,True,repeated value in upper 1% tail
1987,34051.5,4,1.366983920851631e-05,33750.0,False,True,repeated value in upper 1% tail
1987,34052.25,4,1.366983920851631e-05,33750.0,False,True,repeated value in upper 1% tail
1987,34100.0,3,1.0252379406387232e-05,33750.0,False,True,repeated value in upper 1% tail
1987,34116.666666666664,3,1.0252379406387232e-05,33750.0,False,True,repeated value in upper 1% tail
1987,34125.0,2,6.834919604258155e-06,33750.0,False,True,repeated value in upper 1% tail
1987,34129.6,7,2.3922218614903543e-05,33750.0,False,True,repeated value in upper 1% tail
1987,34156.5,4,1.366983920851631e-05,33750.0,False,True,repeated value in upper 1% tail
1987,34166.666666666664,6,2.0504758812774465e-05,33750.0,False,True,repeated value in upper 1% tail
1987,34200.0,2,6.834919604258155e-06,33750.0,False,True,repeated value in upper 1% tail
1987,34266.25,4,1.366983920851631e-05,33750.0,False,True,repeated value in upper 1% tail
1987,34266.666666666664,3,1.0252379406387232e-05,33750.0,False,True,repeated value in upper 1% tail
1987,34333.333333333336,7,2.3922218614903543e-05,33750.0,False,True,repeated value in upper 1% tail
1987,34340.75,4,1.366983920851631e-05,33750.0,False,True,repeated value in upper 1% tail
1987,34362.5,4,1.366983920851631e-05,33750.0,False,True,repeated value in upper 1% tail
1987,34400.0,13,4.4426977427678005e-05,33750.0,False,True,repeated value in upper 1% tail
1987,34426.5,5,1.7087299010645387e-05,33750.0,False,True,repeated value in upper 1% tail
1987,34492.0,3,1.0252379406387232e-05,33750.0,False,True,repeated value in upper 1% tail
1987,34500.0,12,4.100951762554893e-05,33750.0,False,True,repeated value in upper 1% tail
1987,34539.0,4,1.366983920851631e-05,33750.0,False,True,repeated value in upper 1% tail
1987,34541.75,4,1.366983920851631e-05,33750.0,False,True,repeated value in upper 1% tail
1987,34575.0,2,6.834919604258155e-06,33750.0,False,True,repeated value in upper 1% tail
1987,34605.42857142857,7,2.3922218614903543e-05,33750.0,False,True,repeated value in upper 1% tail
1987,34666.666666666664,10,3.4174598021290774e-05,33750.0,False,True,repeated value in upper 1% tail
1987,34766.8,5,1.7087299010645387e-05,33750.0,False,True,repeated value in upper 1% tail
1987,34800.0,4,1.366983920851631e-05,33750.0,False,True,repeated value in upper 1% tail
1987,34833.333333333336,3,1.0252379406387232e-05,33750.0,False,True,repeated value in upper 1% tail
1987,34867.666666666664,3,1.0252379406387232e-05,33750.0,False,True,repeated value in upper 1% tail
1987,34900.0,2,6.834919604258155e-06,33750.0,False,True,repeated value in upper 1% tail
1987,34950.0,2,6.834919604258155e-06,33750.0,False,True,repeated value in upper 1% tail
1987,35000.0,107,0.0003656681988278113,33750.0,False,True,repeated value in upper 1% tail
1987,35010.0,2,6.834919604258155e-06,33750.0,False,True,repeated value in upper 1% tail
1987,35032.5,2,6.834919604258155e-06,33750.0,False,True,repeated value in upper 1% tail
1987,35050.0,2,6.834919604258155e-06,33750.0,False,True,repeated value in upper 1% tail
1987,35070.0,2,6.834919604258155e-06,33750.0,False,True,repeated value in upper 1% tail
1987,35100.0,2,6.834919604258155e-06,33750.0,False,True,repeated value in upper 1% tail
1987,35189.0,4,1.366983920851631e-05,33750.0,False,True,repeated value in upper 1% tail
1987,35241.2,5,1.7087299010645387e-05,33750.0,False,True,repeated value in upper 1% tail
1987,35250.0,10,3.4174598021290774e-05,33750.0,False,True,repeated value in upper 1% tail
1987,35300.0,2,6.834919604258155e-06,33750.0,False,True,repeated value in upper 1% tail
1987,35300.75,5,1.7087299010645387e-05,33750.0,False,True,repeated value in upper 1% tail
1987,35333.333333333336,15,5.126189703193616e-05,33750.0,False,True,repeated value in upper 1% tail
1987,35353.333333333336,3,1.0252379406387232e-05,33750.0,False,True,repeated value in upper 1% tail
1987,35361.6,6,2.0504758812774465e-05,33750.0,False,True,repeated value in upper 1% tail
1987,35370.5,2,6.834919604258155e-06,33750.0,False,True,repeated value in upper 1% tail
1987,35400.0,7,2.3922218614903543e-05,33750.0,False,True,repeated value in upper 1% tail
1987,35432.5,2,6.834919604258155e-06,33750.0,False,True,repeated value in upper 1% tail
1987,35500.0,3,1.0252379406387232e-05,33750.0,False,True,repeated value in upper 1% tail
1987,35571.8,5,1.7087299010645387e-05,33750.0,False,True,repeated value in upper 1% tail
1987,35600.0,3,1.0252379406387232e-05,33750.0,False,True,repeated value in upper 1% tail
1987,35700.0,2,6.834919604258155e-06,33750.0,False,True,repeated value in upper 1% tail
1987,35735.333333333336,3,1.0252379406387232e-05,33750.0,False,True,repeated value in upper 1% tail
1987,35740.0,4,1.366983920851631e-05,33750.0,False,True,repeated value in upper 1% tail
1987,35833.333333333336,3,1.0252379406387232e-05,33750.0,False,True,repeated value in upper 1% tail
1987,35900.0,3,1.0252379406387232e-05,33750.0,False,True,repeated value in upper 1% tail
1987,35978.0,4,1.366983920851631e-05,33750.0,False,True,repeated value in upper 1% tail
1987,36000.0,41,0.00014011585188729216,33750.0,False,True,repeated value in upper 1% tail
1987,36060.0,5,1.7087299010645387e-05,33750.0,False,True,repeated value in upper 1% tail
1987,36068.666666666664,3,1.0252379406387232e-05,33750.0,False,True,repeated value in upper 1% tail
1987,36100.0,2,6.834919604258155e-06,33750.0,False,True,repeated value in upper 1% tail
1987,36150.0,2,6.834919604258155e-06,33750.0,False,True,repeated value in upper 1% tail
1987,36250.0,12,4.100951762554893e-05,33750.0,False,True,repeated value in upper 1% tail
1987,36280.0,5,1.7087299010645387e-05,33750.0,False,True,repeated value in upper 1% tail
1987,36304.0,6,2.0504758812774465e-05,33750.0,False,True,repeated value in upper 1% tail
1987,36328.333333333336,3,1.0252379406387232e-05,33750.0,False,True,repeated value in upper 1% tail
1987,36333.333333333336,6,2.0504758812774465e-05,33750.0,False,True,repeated value in upper 1% tail
1987,36346.0,2,6.834919604258155e-06,33750.0,False,True,repeated value in upper 1% tail
1987,36354.0,5,1.7087299010645387e-05,33750.0,False,True,repeated value in upper 1% tail
1987,36500.0,13,4.4426977427678005e-05,33750.0,False,True,repeated value in upper 1% tail
1987,36550.0,2,6.834919604258155e-06,33750.0,False,True,repeated value in upper 1% tail
1987,36566.666666666664,3,1.0252379406387232e-05,33750.0,False,True,repeated value in upper 1% tail
1987,36600.0,5,1.7087299010645387e-05,33750.0,False,True,repeated value in upper 1% tail
1987,36666.666666666664,25,8.543649505322694e-05,33750.0,False,True,repeated value in upper 1% tail
1987,36701.0,3,1.0252379406387232e-05,33750.0,False,True,repeated value in upper 1% tail
1987,36750.0,4,1.366983920851631e-05,33750.0,False,True,repeated value in upper 1% tail
1987,36767.666666666664,3,1.0252379406387232e-05,33750.0,False,True,repeated value in upper 1% tail
1987,36783.6,5,1.7087299010645387e-05,33750.0,False,True,repeated value in upper 1% tail
1987,36817.6,5,1.7087299010645387e-05,33750.0,False,True,repeated value in upper 1% tail
1987,36866.25,4,1.366983920851631e-05,33750.0,False,True,repeated value in upper 1% tail
1987,36875.0,4,1.366983920851631e-05,33750.0,False,True,repeated value in upper 1% tail
1987,36943.5,2,6.834919604258155e-06,33750.0,False,True,repeated value in upper 1% tail
1987,37000.0,4,1.366983920851631e-05,33750.0,False,True,repeated value in upper 1% tail
1987,37051.4,6,2.0504758812774465e-05,33750.0,False,True,repeated value in upper 1% tail
1987,37061.8,6,2.0504758812774465e-05,33750.0,False,True,repeated value in upper 1% tail
1987,37095.0,2,6.834919604258155e-06,33750.0,False,True,repeated value in upper 1% tail
1987,37100.0,6,2.0504758812774465e-05,33750.0,False,True,repeated value in upper 1% tail
1987,37150.0,2,6.834919604258155e-06,33750.0,False,True,repeated value in upper 1% tail
1987,37261.8,5,1.7087299010645387e-05,33750.0,False,True,repeated value in upper 1% tail
1987,37300.0,2,6.834919604258155e-06,33750.0,False,True,repeated value in upper 1% tail
1987,37303.0,3,1.0252379406387232e-05,33750.0,False,True,repeated value in upper 1% tail
1987,37466.666666666664,3,1.0252379406387232e-05,33750.0,False,True,repeated value in upper 1% tail
1987,37500.0,44,0.00015036823129367942,33750.0,False,True,repeated value in upper 1% tail
1987,37518.166666666664,6,2.0504758812774465e-05,33750.0,False,True,repeated value in upper 1% tail
1987,37537.5,2,6.834919604258155e-06,33750.0,False,True,repeated value in upper 1% tail
1987,37551.5,4,1.366983920851631e-05,33750.0,False,True,repeated value in upper 1% tail
1987,37552.0,4,1.366983920851631e-05,33750.0,False,True,repeated value in upper 1% tail
1987,37566.666666666664,4,1.366983920851631e-05,33750.0,False,True,repeated value in upper 1% tail
1987,37575.0,2,6.834919604258155e-06,33750.0,False,True,repeated value in upper 1% tail
1987,37666.666666666664,8,2.733967841703262e-05,33750.0,False,True,repeated value in upper 1% tail
1987,37707.25,4,1.366983920851631e-05,33750.0,False,True,repeated value in upper 1% tail
1987,37725.0,4,1.366983920851631e-05,33750.0,False,True,repeated value in upper 1% tail
1987,37750.0,2,6.834919604258155e-06,33750.0,False,True,repeated value in upper 1% tail
1987,37780.0,3,1.0252379406387232e-05,33750.0,False,True,repeated value in upper 1% tail
1987,37790.0,3,1.0252379406387232e-05,33750.0,False,True,repeated value in upper 1% tail
1987,37800.0,11,3.7592057823419855e-05,33750.0,False,True,repeated value in upper 1% tail
1987,37976.5,4,1.366983920851631e-05,33750.0,False,True,repeated value in upper 1% tail
1987,38000.0,18,6.15142764383234e-05,33750.0,False,True,repeated value in upper 1% tail
1987,38029.0,2,6.834919604258155e-06,33750.0,False,True,repeated value in upper 1% tail
1987,38032.5,4,1.366983920851631e-05,33750.0,False,True,repeated value in upper 1% tail
1987,38125.0,2,6.834919604258155e-06,33750.0,False,True,repeated value in upper 1% tail
1987,38151.5,4,1.366983920851631e-05,33750.0,False,True,repeated value in upper 1% tail
1987,38176.5,5,1.7087299010645387e-05,33750.0,False,True,repeated value in upper 1% tail
1987,38250.0,7,2.3922218614903543e-05,33750.0,False,True,repeated value in upper 1% tail
1987,38333.333333333336,10,3.4174598021290774e-05,33750.0,False,True,repeated value in upper 1% tail
1987,38358.0,3,1.0252379406387232e-05,33750.0,False,True,repeated value in upper 1% tail
1987,38460.0,3,1.0252379406387232e-05,33750.0,False,True,repeated value in upper 1% tail
1987,38500.0,11,3.7592057823419855e-05,33750.0,False,True,repeated value in upper 1% tail
1987,38551.5,4,1.366983920851631e-05,33750.0,False,True,repeated value in upper 1% tail
1987,38616.666666666664,4,1.366983920851631e-05,33750.0,False,True,repeated value in upper 1% tail
1987,38650.0,2,6.834919604258155e-06,33750.0,False,True,repeated value in upper 1% tail
1987,38666.666666666664,3,1.0252379406387232e-05,33750.0,False,True,repeated value in upper 1% tail
1987,38750.0,6,2.0504758812774465e-05,33750.0,False,True,repeated value in upper 1% tail
1987,38801.5,5,1.7087299010645387e-05,33750.0,False,True,repeated value in upper 1% tail
1987,38971.5,2,6.834919604258155e-06,33750.0,False,True,repeated value in upper 1% tail
1987,38987.0,6,2.0504758812774465e-05,33750.0,False,True,repeated value in upper 1% tail
1987,39000.0,11,3.7592057823419855e-05,33750.0,False,True,repeated value in upper 1% tail
1987,39001.333333333336,3,1.0252379406387232e-05,33750.0,False,True,repeated value in upper 1% tail
1987,39002.0,3,1.0252379406387232e-05,33750.0,False,True,repeated value in upper 1% tail
1987,39025.0,2,6.834919604258155e-06,33750.0,False,True,repeated value in upper 1% tail
1987,39200.0,4,1.366983920851631e-05,33750.0,False,True,repeated value in upper 1% tail
1987,39201.0,3,1.0252379406387232e-05,33750.0,False,True,repeated value in upper 1% tail
1987,39216.666666666664,4,1.366983920851631e-05,33750.0,False,True,repeated value in upper 1% tail
1987,39267.8,5,1.7087299010645387e-05,33750.0,False,True,repeated value in upper 1% tail
1987,39333.333333333336,6,2.0504758812774465e-05,33750.0,False,True,repeated value in upper 1% tail
1987,39412.0,2,6.834919604258155e-06,33750.0,False,True,repeated value in upper 1% tail
1987,39500.0,5,1.7087299010645387e-05,33750.0,False,True,repeated value in upper 1% tail
1987,39512.5,4,1.366983920851631e-05,33750.0,False,True,repeated value in upper 1% tail
1987,39551.5,4,1.366983920851631e-05,33750.0,False,True,repeated value in upper 1% tail
1987,39682.4,6,2.0504758812774465e-05,33750.0,False,True,repeated value in upper 1% tail
1987,39700.0,4,1.366983920851631e-05,33750.0,False,True,repeated value in upper 1% tail
1987,39833.333333333336,6,2.0504758812774465e-05,33750.0,False,True,repeated value in upper 1% tail
1987,39883.333333333336,3,1.0252379406387232e-05,33750.0,False,True,repeated value in upper 1% tail
1987,40000.0,125,0.0004271824752661347,33750.0,False,True,repeated value in upper 1% tail
1987,40002.0,5,1.7087299010645387e-05,33750.0,False,True,repeated value in upper 1% tail
1987,40010.0,8,2.733967841703262e-05,33750.0,False,True,repeated value in upper 1% tail
1987,40011.333333333336,3,1.0252379406387232e-05,33750.0,False,True,repeated value in upper 1% tail
1987,40034.333333333336,9,3.07571382191617e-05,33750.0,False,True,repeated value in upper 1% tail
1987,40051.5,4,1.366983920851631e-05,33750.0,False,True,repeated value in upper 1% tail
1987,40061.8,6,2.0504758812774465e-05,33750.0,False,True,repeated value in upper 1% tail
1987,40100.5,5,1.7087299010645387e-05,33750.0,False,True,repeated value in upper 1% tail
1987,40125.0,4,1.366983920851631e-05,33750.0,False,True,repeated value in upper 1% tail
1987,40150.75,4,1.366983920851631e-05,33750.0,False,True,repeated value in upper 1% tail
1987,40200.0,5,1.7087299010645387e-05,33750.0,False,True,repeated value in upper 1% tail
1987,40250.0,3,1.0252379406387232e-05,33750.0,False,True,repeated value in upper 1% tail
1987,40260.6,5,1.7087299010645387e-05,33750.0,False,True,repeated value in upper 1% tail
1987,40333.333333333336,6,2.0504758812774465e-05,33750.0,False,True,repeated value in upper 1% tail
1987,40400.0,5,1.7087299010645387e-05,33750.0,False,True,repeated value in upper 1% tail
1987,40480.0,3,1.0252379406387232e-05,33750.0,False,True,repeated value in upper 1% tail
1987,40500.0,5,1.7087299010645387e-05,33750.0,False,True,repeated value in upper 1% tail
1987,40568.666666666664,3,1.0252379406387232e-05,33750.0,False,True,repeated value in upper 1% tail
1987,40575.0,2,6.834919604258155e-06,33750.0,False,True,repeated value in upper 1% tail
1987,40750.0,11,3.7592057823419855e-05,33750.0,False,True,repeated value in upper 1% tail
1987,40900.0,2,6.834919604258155e-06,33750.0,False,True,repeated value in upper 1% tail
1987,40988.0,2,6.834919604258155e-06,33750.0,False,True,repeated value in upper 1% tail
1987,41000.0,19,6.493173624045247e-05,33750.0,False,True,repeated value in upper 1% tail
1987,41040.0,2,6.834919604258155e-06,33750.0,False,True,repeated value in upper 1% tail
1987,41073.666666666664,3,1.0252379406387232e-05,33750.0,False,True,repeated value in upper 1% tail
1987,41120.0,5,1.7087299010645387e-05,33750.0,False,True,repeated value in upper 1% tail
1987,41125.0,4,1.366983920851631e-05,33750.0,False,True,repeated value in upper 1% tail
1987,41126.0,3,1.0252379406387232e-05,33750.0,False,True,repeated value in upper 1% tail
1987,41250.0,8,2.733967841703262e-05,33750.0,False,True,repeated value in upper 1% tail
1987,41393.333333333336,4,1.366983920851631e-05,33750.0,False,True,repeated value in upper 1% tail
1987,41500.0,7,2.3922218614903543e-05,33750.0,False,True,repeated value in upper 1% tail
1987,41666.666666666664,10,3.4174598021290774e-05,33750.0,False,True,repeated value in upper 1% tail
1987,41701.0,3,1.0252379406387232e-05,33750.0,False,True,repeated value in upper 1% tail
1987,41960.0,7,2.3922218614903543e-05,33750.0,False,True,repeated value in upper 1% tail
1987,42000.0,12,4.100951762554893e-05,33750.0,False,True,repeated value in upper 1% tail
1987,42100.0,7,2.3922218614903543e-05,33750.0,False,True,repeated value in upper 1% tail
1987,42125.0,2,6.834919604258155e-06,33750.0,False,True,repeated value in upper 1% tail
1987,42196.8,5,1.7087299010645387e-05,33750.0,False,True,repeated value in upper 1% tail
1987,42333.333333333336,10,3.4174598021290774e-05,33750.0,False,True,repeated value in upper 1% tail
1987,42500.0,40,0.0001366983920851631,33750.0,False,True,repeated value in upper 1% tail
1987,42583.0,2,6.834919604258155e-06,33750.0,False,True,repeated value in upper 1% tail
1987,42649.0,2,6.834919604258155e-06,33750.0,False,True,repeated value in upper 1% tail
1987,42650.0,2,6.834919604258155e-06,33750.0,False,True,repeated value in upper 1% tail
1987,42666.666666666664,3,1.0252379406387232e-05,33750.0,False,True,repeated value in upper 1% tail
1987,42750.0,2,6.834919604258155e-06,33750.0,False,True,repeated value in upper 1% tail
1987,42773.333333333336,4,1.366983920851631e-05,33750.0,False,True,repeated value in upper 1% tail
1987,42786.5,4,1.366983920851631e-05,33750.0,False,True,repeated value in upper 1% tail
1987,42833.333333333336,3,1.0252379406387232e-05,33750.0,False,True,repeated value in upper 1% tail
1987,42853.0,2,6.834919604258155e-06,33750.0,False,True,repeated value in upper 1% tail
1987,42880.0,6,2.0504758812774465e-05,33750.0,False,True,repeated value in upper 1% tail
1987,43000.0,31,0.0001059412538660014,33750.0,False,True,repeated value in upper 1% tail
1987,43100.0,2,6.834919604258155e-06,33750.0,False,True,repeated value in upper 1% tail
1987,43333.333333333336,9,3.07571382191617e-05,33750.0,False,True,repeated value in upper 1% tail
1987,43336.0,4,1.366983920851631e-05,33750.0,False,True,repeated value in upper 1% tail
1987,43367.666666666664,3,1.0252379406387232e-05,33750.0,False,True,repeated value in upper 1% tail
1987,43402.0,3,1.0252379406387232e-05,33750.0,False,True,repeated value in upper 1% tail
1987,43426.5,5,1.7087299010645387e-05,33750.0,False,True,repeated value in upper 1% tail
1987,43427.5,4,1.366983920851631e-05,33750.0,False,True,repeated value in upper 1% tail
1987,43500.0,17,5.809681663619432e-05,33750.0,False,True,repeated value in upper 1% tail
1987,43527.0,2,6.834919604258155e-06,33750.0,False,True,repeated value in upper 1% tail
1987,43559.5,2,6.834919604258155e-06,33750.0,False,True,repeated value in upper 1% tail
1987,43735.333333333336,3,1.0252379406387232e-05,33750.0,False,True,repeated value in upper 1% tail
1987,43750.0,5,1.7087299010645387e-05,33750.0,False,True,repeated value in upper 1% tail
1987,43800.0,4,1.366983920851631e-05,33750.0,False,True,repeated value in upper 1% tail
1987,43833.333333333336,3,1.0252379406387232e-05,33750.0,False,True,repeated value in upper 1% tail
1987,43850.0,3,1.0252379406387232e-05,33750.0,False,True,repeated value in upper 1% tail
1987,43867.666666666664,3,1.0252379406387232e-05,33750.0,False,True,repeated value in upper 1% tail
1987,44000.0,16,5.467935683406524e-05,33750.0,False,True,repeated value in upper 1% tail
1987,44082.0,4,1.366983920851631e-05,33750.0,False,True,repeated value in upper 1% tail
1987,44255.0,2,6.834919604258155e-06,33750.0,False,True,repeated value in upper 1% tail
1987,44400.0,9,3.07571382191617e-05,33750.0,False,True,repeated value in upper 1% tail
1987,44666.666666666664,9,3.07571382191617e-05,33750.0,False,True,repeated value in upper 1% tail
1987,44800.0,2,6.834919604258155e-06,33750.0,False,True,repeated value in upper 1% tail
1987,45000.0,43,0.00014695077149155033,33750.0,False,True,repeated value in upper 1% tail
1987,45050.0,2,6.834919604258155e-06,33750.0,False,True,repeated value in upper 1% tail
1987,45051.5,2,6.834919604258155e-06,33750.0,False,True,repeated value in upper 1% tail
1987,45060.0,2,6.834919604258155e-06,33750.0,False,True,repeated value in upper 1% tail
1987,45368.666666666664,3,1.0252379406387232e-05,33750.0,False,True,repeated value in upper 1% tail
1987,45454.545454545456,11,3.7592057823419855e-05,33750.0,False,True,repeated value in upper 1% tail
1987,45466.666666666664,5,1.7087299010645387e-05,33750.0,False,True,repeated value in upper 1% tail
1987,45500.0,3,1.0252379406387232e-05,33750.0,False,True,repeated value in upper 1% tail
1987,45700.0,5,1.7087299010645387e-05,33750.0,False,True,repeated value in upper 1% tail
1987,45733.333333333336,3,1.0252379406387232e-05,33750.0,False,True,repeated value in upper 1% tail
1987,45770.0,4,1.366983920851631e-05,33750.0,False,True,repeated value in upper 1% tail
1987,45833.333333333336,3,1.0252379406387232e-05,33750.0,False,True,repeated value in upper 1% tail
1987,45852.5,4,1.366983920851631e-05,33750.0,False,True,repeated value in upper 1% tail
1987,45942.2,5,1.7087299010645387e-05,33750.0,False,True,repeated value in upper 1% tail
1987,46000.0,13,4.4426977427678005e-05,33750.0,False,True,repeated value in upper 1% tail
1987,46137.25,4,1.366983920851631e-05,33750.0,False,True,repeated value in upper 1% tail
1987,46200.0,3,1.0252379406387232e-05,33750.0,False,True,repeated value in upper 1% tail
1987,46333.333333333336,3,1.0252379406387232e-05,33750.0,False,True,repeated value in upper 1% tail
1987,46375.0,6,2.0504758812774465e-05,33750.0,False,True,repeated value in upper 1% tail
1987,46475.75,5,1.7087299010645387e-05,33750.0,False,True,repeated value in upper 1% tail
1987,46625.0,4,1.366983920851631e-05,33750.0,False,True,repeated value in upper 1% tail
1987,46660.0,5,1.7087299010645387e-05,33750.0,False,True,repeated value in upper 1% tail
1987,46666.666666666664,12,4.100951762554893e-05,33750.0,False,True,repeated value in upper 1% tail
1987,46670.0,3,1.0252379406387232e-05,33750.0,False,True,repeated value in upper 1% tail
1987,46735.666666666664,4,1.366983920851631e-05,33750.0,False,True,repeated value in upper 1% tail
1987,46750.0,4,1.366983920851631e-05,33750.0,False,True,repeated value in upper 1% tail
1987,46800.0,7,2.3922218614903543e-05,33750.0,False,True,repeated value in upper 1% tail
1987,46900.0,5,1.7087299010645387e-05,33750.0,False,True,repeated value in upper 1% tail
1987,47000.0,18,6.15142764383234e-05,33750.0,False,True,repeated value in upper 1% tail
1987,47166.666666666664,5,1.7087299010645387e-05,33750.0,False,True,repeated value in upper 1% tail
1987,47320.0,2,6.834919604258155e-06,33750.0,False,True,repeated value in upper 1% tail
1987,47333.333333333336,3,1.0252379406387232e-05,33750.0,False,True,repeated value in upper 1% tail
1987,47371.0,3,1.0252379406387232e-05,33750.0,False,True,repeated value in upper 1% tail
1987,47500.0,2,6.834919604258155e-06,33750.0,False,True,repeated value in upper 1% tail
1987,47520.0,2,6.834919604258155e-06,33750.0,False,True,repeated value in upper 1% tail
1987,47551.5,5,1.7087299010645387e-05,33750.0,False,True,repeated value in upper 1% tail
1987,47666.666666666664,4,1.366983920851631e-05,33750.0,False,True,repeated value in upper 1% tail
1987,47750.0,2,6.834919604258155e-06,33750.0,False,True,repeated value in upper 1% tail
1987,47766.666666666664,4,1.366983920851631e-05,33750.0,False,True,repeated value in upper 1% tail
1987,47975.0,4,1.366983920851631e-05,33750.0,False,True,repeated value in upper 1% tail
1987,48000.0,13,4.4426977427678005e-05,33750.0,False,True,repeated value in upper 1% tail
1987,48020.6,6,2.0504758812774465e-05,33750.0,False,True,repeated value in upper 1% tail
1987,48068.5,2,6.834919604258155e-06,33750.0,False,True,repeated value in upper 1% tail
1987,48166.666666666664,3,1.0252379406387232e-05,33750.0,False,True,repeated value in upper 1% tail
1987,48333.333333333336,3,1.0252379406387232e-05,33750.0,False,True,repeated value in upper 1% tail
1987,48353.0,4,1.366983920851631e-05,33750.0,False,True,repeated value in upper 1% tail
1987,48402.0,4,1.366983920851631e-05,33750.0,False,True,repeated value in upper 1% tail
1987,48500.0,2,6.834919604258155e-06,33750.0,False,True,repeated value in upper 1% tail
1987,48700.0,5,1.7087299010645387e-05,33750.0,False,True,repeated value in upper 1% tail
1987,48750.0,4,1.366983920851631e-05,33750.0,False,True,repeated value in upper 1% tail
1987,49010.75,4,1.366983920851631e-05,33750.0,False,True,repeated value in upper 1% tail
1987,49088.333333333336,3,1.0252379406387232e-05,33750.0,False,True,repeated value in upper 1% tail
1987,49301.5,5,1.7087299010645387e-05,33750.0,False,True,repeated value in upper 1% tail
1987,49333.333333333336,4,1.366983920851631e-05,33750.0,False,True,repeated value in upper 1% tail
1987,49375.0,6,2.0504758812774465e-05,33750.0,False,True,repeated value in upper 1% tail
1987,49750.0,2,6.834919604258155e-06,33750.0,False,True,repeated value in upper 1% tail
1987,49800.0,5,1.7087299010645387e-05,33750.0,False,True,repeated value in upper 1% tail
1987,50000.0,85,0.0002904840831809716,33750.0,False,True,repeated value in upper 1% tail
1987,50016.666666666664,4,1.366983920851631e-05,33750.0,False,True,repeated value in upper 1% tail
1987,50069.0,3,1.0252379406387232e-05,33750.0,False,True,repeated value in upper 1% tail
1987,50112.5,2,6.834919604258155e-06,33750.0,False,True,repeated value in upper 1% tail
1987,50300.0,5,1.7087299010645387e-05,33750.0,False,True,repeated value in upper 1% tail
1987,50500.0,2,6.834919604258155e-06,33750.0,False,True,repeated value in upper 1% tail
1987,50624.0,3,1.0252379406387232e-05,33750.0,False,True,repeated value in upper 1% tail
1987,50720.0,5,1.7087299010645387e-05,33750.0,False,True,repeated value in upper 1% tail
1987,50733.333333333336,3,1.0252379406387232e-05,33750.0,False,True,repeated value in upper 1% tail
1987,50750.0,2,6.834919604258155e-06,33750.0,False,True,repeated value in upper 1% tail
1987,51000.0,10,3.4174598021290774e-05,33750.0,False,True,repeated value in upper 1% tail
1987,51041.2,5,1.7087299010645387e-05,33750.0,False,True,repeated value in upper 1% tail
1987,51095.0,2,6.834919604258155e-06,33750.0,False,True,repeated value in upper 1% tail
1987,51150.0,2,6.834919604258155e-06,33750.0,False,True,repeated value in upper 1% tail
1987,51166.666666666664,4,1.366983920851631e-05,33750.0,False,True,repeated value in upper 1% tail
1987,51500.0,8,2.733967841703262e-05,33750.0,False,True,repeated value in upper 1% tail
1987,51735.333333333336,5,1.7087299010645387e-05,33750.0,False,True,repeated value in upper 1% tail
1987,51833.333333333336,6,2.0504758812774465e-05,33750.0,False,True,repeated value in upper 1% tail
1987,52000.0,3,1.0252379406387232e-05,33750.0,False,True,repeated value in upper 1% tail
1987,52068.666666666664,3,1.0252379406387232e-05,33750.0,False,True,repeated value in upper 1% tail
1987,52173.333333333336,3,1.0252379406387232e-05,33750.0,False,True,repeated value in upper 1% tail
1987,52333.333333333336,3,1.0252379406387232e-05,33750.0,False,True,repeated value in upper 1% tail
1987,52400.0,5,1.7087299010645387e-05,33750.0,False,True,repeated value in upper 1% tail
1987,52450.0,2,6.834919604258155e-06,33750.0,False,True,repeated value in upper 1% tail
1987,52458.0,7,2.3922218614903543e-05,33750.0,False,True,repeated value in upper 1% tail
1987,52500.0,9,3.07571382191617e-05,33750.0,False,True,repeated value in upper 1% tail
1987,52750.0,6,2.0504758812774465e-05,33750.0,False,True,repeated value in upper 1% tail
1987,52800.0,6,2.0504758812774465e-05,33750.0,False,True,repeated value in upper 1% tail
1987,53000.0,3,1.0252379406387232e-05,33750.0,False,True,repeated value in upper 1% tail
1987,53100.0,3,1.0252379406387232e-05,33750.0,False,True,repeated value in upper 1% tail
1987,53183.0,4,1.366983920851631e-05,33750.0,False,True,repeated value in upper 1% tail
1987,53333.333333333336,3,1.0252379406387232e-05,33750.0,False,True,repeated value in upper 1% tail
1987,53500.0,2,6.834919604258155e-06,33750.0,False,True,repeated value in upper 1% tail
1987,53625.0,4,1.366983920851631e-05,33750.0,False,True,repeated value in upper 1% tail
1987,53666.666666666664,3,1.0252379406387232e-05,33750.0,False,True,repeated value in upper 1% tail
1987,53763.5,2,6.834919604258155e-06,33750.0,False,True,repeated value in upper 1% tail
1987,53812.5,6,2.0504758812774465e-05,33750.0,False,True,repeated value in upper 1% tail
1987,54000.0,5,1.7087299010645387e-05,33750.0,False,True,repeated value in upper 1% tail
1987,54312.666666666664,3,1.0252379406387232e-05,33750.0,False,True,repeated value in upper 1% tail
1987,55000.0,18,6.15142764383234e-05,33750.0,False,True,repeated value in upper 1% tail
1987,55051.5,4,1.366983920851631e-05,33750.0,False,True,repeated value in upper 1% tail
1987,55250.0,5,1.7087299010645387e-05,33750.0,False,True,repeated value in upper 1% tail
1987,55333.333333333336,3,1.0252379406387232e-05,33750.0,False,True,repeated value in upper 1% tail
1987,55402.0,3,1.0252379406387232e-05,33750.0,False,True,repeated value in upper 1% tail
1987,55600.0,5,1.7087299010645387e-05,33750.0,False,True,repeated value in upper 1% tail
1987,55650.0,3,1.0252379406387232e-05,33750.0,False,True,repeated value in upper 1% tail
1987,56000.0,12,4.100951762554893e-05,33750.0,False,True,repeated value in upper 1% tail
1987,56095.0,4,1.366983920851631e-05,33750.0,False,True,repeated value in upper 1% tail
1987,56500.0,4,1.366983920851631e-05,33750.0,False,True,repeated value in upper 1% tail
1987,56655.0,2,6.834919604258155e-06,33750.0,False,True,repeated value in upper 1% tail
1987,56666.666666666664,3,1.0252379406387232e-05,33750.0,False,True,repeated value in upper 1% tail
1987,56750.0,2,6.834919604258155e-06,33750.0,False,True,repeated value in upper 1% tail
1987,57250.0,2,6.834919604258155e-06,33750.0,False,True,repeated value in upper 1% tail
1987,57408.333333333336,3,1.0252379406387232e-05,33750.0,False,True,repeated value in upper 1% tail
1987,57500.0,2,6.834919604258155e-06,33750.0,False,True,repeated value in upper 1% tail
1987,57609.0,2,6.834919604258155e-06,33750.0,False,True,repeated value in upper 1% tail
1987,57809.5,4,1.366983920851631e-05,33750.0,False,True,repeated value in upper 1% tail
1987,57833.333333333336,6,2.0504758812774465e-05,33750.0,False,True,repeated value in upper 1% tail
1987,58000.0,6,2.0504758812774465e-05,33750.0,False,True,repeated value in upper 1% tail
1987,58500.0,2,6.834919604258155e-06,33750.0,False,True,repeated value in upper 1% tail
1987,59000.0,6,2.0504758812774465e-05,33750.0,False,True,repeated value in upper 1% tail
1987,59100.0,3,1.0252379406387232e-05,33750.0,False,True,repeated value in upper 1% tail
1987,59150.0,2,6.834919604258155e-06,33750.0,False,True,repeated value in upper 1% tail
1987,59240.0,6,2.0504758812774465e-05,33750.0,False,True,repeated value in upper 1% tail
1987,59405.333333333336,3,1.0252379406387232e-05,33750.0,False,True,repeated value in upper 1% tail
1987,59500.0,4,1.366983920851631e-05,33750.0,False,True,repeated value in upper 1% tail
1987,60000.0,53,0.0001811253695128411,33750.0,False,True,repeated value in upper 1% tail
1987,60068.666666666664,3,1.0252379406387232e-05,33750.0,False,True,repeated value in upper 1% tail
1987,60103.0,4,1.366983920851631e-05,33750.0,False,True,repeated value in upper 1% tail
1987,60200.0,5,1.7087299010645387e-05,33750.0,False,True,repeated value in upper 1% tail
1987,60250.0,4,1.366983920851631e-05,33750.0,False,True,repeated value in upper 1% tail
1987,60666.666666666664,3,1.0252379406387232e-05,33750.0,False,True,repeated value in upper 1% tail
1987,61000.0,3,1.0252379406387232e-05,33750.0,False,True,repeated value in upper 1% tail
1987,61275.75,4,1.366983920851631e-05,33750.0,False,True,repeated value in upper 1% tail
1987,61333.333333333336,3,1.0252379406387232e-05,33750.0,False,True,repeated value in upper 1% tail
1987,61500.0,2,6.834919604258155e-06,33750.0,False,True,repeated value in upper 1% tail
1987,61661.0,2,6.834919604258155e-06,33750.0,False,True,repeated value in upper 1% tail
1987,61666.666666666664,3,1.0252379406387232e-05,33750.0,False,True,repeated value in upper 1% tail
1987,61839.5,2,6.834919604258155e-06,33750.0,False,True,repeated value in upper 1% tail
1987,62150.0,2,6.834919604258155e-06,33750.0,False,True,repeated value in upper 1% tail
1987,62302.0,3,1.0252379406387232e-05,33750.0,False,True,repeated value in upper 1% tail
1987,62336.666666666664,4,1.366983920851631e-05,33750.0,False,True,repeated value in upper 1% tail
1987,62500.0,13,4.4426977427678005e-05,33750.0,False,True,repeated value in upper 1% tail
1987,62537.5,2,6.834919604258155e-06,33750.0,False,True,repeated value in upper 1% tail
1987,63000.0,17,5.809681663619432e-05,33750.0,False,True,repeated value in upper 1% tail
1987,63007.0,4,1.366983920851631e-05,33750.0,False,True,repeated value in upper 1% tail
1987,63061.8,5,1.7087299010645387e-05,33750.0,False,True,repeated value in upper 1% tail
1987,63750.0,5,1.7087299010645387e-05,33750.0,False,True,repeated value in upper 1% tail
1987,63751.5,4,1.366983920851631e-05,33750.0,False,True,repeated value in upper 1% tail
1987,64000.0,5,1.7087299010645387e-05,33750.0,False,True,repeated value in upper 1% tail
1987,64600.0,4,1.366983920851631e-05,33750.0,False,True,repeated value in upper 1% tail
1987,65000.0,6,2.0504758812774465e-05,33750.0,False,True,repeated value in upper 1% tail
1987,65049.5,2,6.834919604258155e-06,33750.0,False,True,repeated value in upper 1% tail
1987,66000.0,5,1.7087299010645387e-05,33750.0,False,True,repeated value in upper 1% tail
1987,66175.0,2,6.834919604258155e-06,33750.0,False,True,repeated value in upper 1% tail
1987,66351.5,6,2.0504758812774465e-05,33750.0,False,True,repeated value in upper 1% tail
1987,66427.0,3,1.0252379406387232e-05,33750.0,False,True,repeated value in upper 1% tail
1987,66666.66666666667,13,4.4426977427678005e-05,33750.0,False,True,repeated value in upper 1% tail
1987,66775.75,4,1.366983920851631e-05,33750.0,False,True,repeated value in upper 1% tail
1987,66951.33333333333,3,1.0252379406387232e-05,33750.0,False,True,repeated value in upper 1% tail
1987,67000.0,6,2.0504758812774465e-05,33750.0,False,True,repeated value in upper 1% tail
1987,67250.0,2,6.834919604258155e-06,33750.0,False,True,repeated value in upper 1% tail
1987,67301.5,5,1.7087299010645387e-05,33750.0,False,True,repeated value in upper 1% tail
1987,67500.0,2,6.834919604258155e-06,33750.0,False,True,repeated value in upper 1% tail
1987,68034.33333333333,3,1.0252379406387232e-05,33750.0,False,True,repeated value in upper 1% tail
1987,68100.0,2,6.834919604258155e-06,33750.0,False,True,repeated value in upper 1% tail
1987,68666.66666666667,3,1.0252379406387232e-05,33750.0,False,True,repeated value in upper 1% tail
1987,69000.0,5,1.7087299010645387e-05,33750.0,False,True,repeated value in upper 1% tail
1987,69500.0,7,2.3922218614903543e-05,33750.0,False,True,repeated value in upper 1% tail
1987,69534.33333333333,3,1.0252379406387232e-05,33750.0,False,True,repeated value in upper 1% tail
1987,70000.0,21,7.176665584471063e-05,33750.0,False,True,repeated value in upper 1% tail
1987,70500.0,6,2.0504758812774465e-05,33750.0,False,True,repeated value in upper 1% tail
1987,70582.75,4,1.366983920851631e-05,33750.0,False,True,repeated value in upper 1% tail
1987,71385.5,2,6.834919604258155e-06,33750.0,False,True,repeated value in upper 1% tail
1987,72100.0,2,6.834919604258155e-06,33750.0,False,True,repeated value in upper 1% tail
1987,72700.0,3,1.0252379406387232e-05,33750.0,False,True,repeated value in upper 1% tail
1987,73333.33333333333,7,2.3922218614903543e-05,33750.0,False,True,repeated value in upper 1% tail
1987,73825.0,2,6.834919604258155e-06,33750.0,False,True,repeated value in upper 1% tail
1987,74000.0,6,2.0504758812774465e-05,33750.0,False,True,repeated value in upper 1% tail
1987,74549.0,5,1.7087299010645387e-05,33750.0,False,True,repeated value in upper 1% tail
1987,74800.0,3,1.0252379406387232e-05,33750.0,False,True,repeated value in upper 1% tail
1987,75000.0,25,8.543649505322694e-05,33750.0,False,True,repeated value in upper 1% tail
1987,75625.0,5,1.7087299010645387e-05,33750.0,False,True,repeated value in upper 1% tail
1987,76000.0,8,2.733967841703262e-05,33750.0,False,True,repeated value in upper 1% tail
1987,76291.0,2,6.834919604258155e-06,33750.0,False,True,repeated value in upper 1% tail
1987,76500.0,4,1.366983920851631e-05,33750.0,False,True,repeated value in upper 1% tail
1987,77187.0,2,6.834919604258155e-06,33750.0,False,True,repeated value in upper 1% tail
1987,77333.33333333333,4,1.366983920851631e-05,33750.0,False,True,repeated value in upper 1% tail
1987,77500.0,2,6.834919604258155e-06,33750.0,False,True,repeated value in upper 1% tail
1987,78000.0,3,1.0252379406387232e-05,33750.0,False,True,repeated value in upper 1% tail
1987,78600.0,8,2.733967841703262e-05,33750.0,False,True,repeated value in upper 1% tail
1987,80000.0,14,4.7844437229807086e-05,33750.0,False,True,repeated value in upper 1% tail
1987,80333.33333333333,3,1.0252379406387232e-05,33750.0,False,True,repeated value in upper 1% tail
1987,81000.0,5,1.7087299010645387e-05,33750.0,False,True,repeated value in upper 1% tail
1987,81166.66666666667,3,1.0252379406387232e-05,33750.0,False,True,repeated value in upper 1% tail
1987,81250.66666666667,3,1.0252379406387232e-05,33750.0,False,True,repeated value in upper 1% tail
1987,82000.0,2,6.834919604258155e-06,33750.0,False,True,repeated value in upper 1% tail
1987,82036.33333333333,7,2.3922218614903543e-05,33750.0,False,True,repeated value in upper 1% tail
1987,82500.0,2,6.834919604258155e-06,33750.0,False,True,repeated value in upper 1% tail
1987,83500.0,2,6.834919604258155e-06,33750.0,False,True,repeated value in upper 1% tail
1987,84000.0,5,1.7087299010645387e-05,33750.0,False,True,repeated value in upper 1% tail
1987,84578.0,2,6.834919604258155e-06,33750.0,False,True,repeated value in upper 1% tail
1987,84856.66666666667,4,1.366983920851631e-05,33750.0,False,True,repeated value in upper 1% tail
1987,85000.0,2,6.834919604258155e-06,33750.0,False,True,repeated value in upper 1% tail
1987,85250.0,4,1.366983920851631e-05,33750.0,False,True,repeated value in upper 1% tail
1987,85253.25,5,1.7087299010645387e-05,33750.0,False,True,repeated value in upper 1% tail
1987,85500.0,3,1.0252379406387232e-05,33750.0,False,True,repeated value in upper 1% tail
1987,86000.0,2,6.834919604258155e-06,33750.0,False,True,repeated value in upper 1% tail
1987,86400.0,3,1.0252379406387232e-05,33750.0,False,True,repeated value in upper 1% tail
1987,86500.0,2,6.834919604258155e-06,33750.0,False,True,repeated value in upper 1% tail
1987,87000.0,2,6.834919604258155e-06,33750.0,False,True,repeated value in upper 1% tail
1987,88590.5,3,1.0252379406387232e-05,33750.0,False,True,repeated value in upper 1% tail
1987,88750.0,4,1.366983920851631e-05,33750.0,False,True,repeated value in upper 1% tail
1987,88879.0,2,6.834919604258155e-06,33750.0,False,True,repeated value in upper 1% tail
1987,89075.0,2,6.834919604258155e-06,33750.0,False,True,repeated value in upper 1% tail
1987,89090.0,2,6.834919604258155e-06,33750.0,False,True,repeated value in upper 1% tail
1987,90000.0,9,3.07571382191617e-05,33750.0,False,True,repeated value in upper 1% tail
1987,90500.0,3,1.0252379406387232e-05,33750.0,False,True,repeated value in upper 1% tail
1987,92500.0,10,3.4174598021290774e-05,33750.0,False,True,repeated value in upper 1% tail
1987,92603.0,4,1.366983920851631e-05,33750.0,False,True,repeated value in upper 1% tail
1987,93750.0,2,6.834919604258155e-06,33750.0,False,True,repeated value in upper 1% tail
1987,95302.0,4,1.366983920851631e-05,33750.0,False,True,repeated value in upper 1% tail
1987,96000.0,5,1.7087299010645387e-05,33750.0,False,True,repeated value in upper 1% tail
1987,99017.0,2,6.834919604258155e-06,33750.0,False,True,repeated value in upper 1% tail
1987,99100.0,2,6.834919604258155e-06,33750.0,False,True,repeated value in upper 1% tail
1987,99750.0,2,6.834919604258155e-06,33750.0,False,True,repeated value in upper 1% tail
1987,100000.0,16,5.467935683406524e-05,33750.0,False,True,repeated value in upper 1% tail
1987,100413.33333333333,3,1.0252379406387232e-05,33750.0,False,True,repeated value in upper 1% tail
1987,100871.0,2,6.834919604258155e-06,33750.0,False,True,repeated value in upper 1% tail
1987,101500.0,3,1.0252379406387232e-05,33750.0,False,True,repeated value in upper 1% tail
1987,102000.0,2,6.834919604258155e-06,33750.0,False,True,repeated value in upper 1% tail
1987,102500.0,2,6.834919604258155e-06,33750.0,False,True,repeated value in upper 1% tail
1987,102666.66666666667,3,1.0252379406387232e-05,33750.0,False,True,repeated value in upper 1% tail
1987,103000.0,2,6.834919604258155e-06,33750.0,False,True,repeated value in upper 1% tail
1987,103333.33333333333,3,1.0252379406387232e-05,33750.0,False,True,repeated value in upper 1% tail
1987,104250.0,3,1.0252379406387232e-05,33750.0,False,True,repeated value in upper 1% tail
1987,105000.0,3,1.0252379406387232e-05,33750.0,False,True,repeated value in upper 1% tail
1987,106485.5,2,6.834919604258155e-06,33750.0,False,True,repeated value in upper 1% tail
1987,107083.33333333333,6,2.0504758812774465e-05,33750.0,False,True,repeated value in upper 1% tail
1987,107416.66666666667,3,1.0252379406387232e-05,33750.0,False,True,repeated value in upper 1% tail
1987,107500.0,4,1.366983920851631e-05,33750.0,False,True,repeated value in upper 1% tail
1987,109833.33333333333,5,1.7087299010645387e-05,33750.0,False,True,repeated value in upper 1% tail
1987,110000.0,5,1.7087299010645387e-05,33750.0,False,True,repeated value in upper 1% tail
1987,111365.0,2,6.834919604258155e-06,33750.0,False,True,repeated value in upper 1% tail
1987,111660.5,2,6.834919604258155e-06,33750.0,False,True,repeated value in upper 1% tail
1987,113333.33333333333,3,1.0252379406387232e-05,33750.0,False,True,repeated value in upper 1% tail
1987,113500.0,4,1.366983920851631e-05,33750.0,False,True,repeated value in upper 1% tail
1987,115000.0,4,1.366983920851631e-05,33750.0,False,True,repeated value in upper 1% tail
1987,116416.0,3,1.0252379406387232e-05,33750.0,False,True,repeated value in upper 1% tail
1987,117527.5,4,1.366983920851631e-05,33750.0,False,True,repeated value in upper 1% tail
1987,120000.0,7,2.3922218614903543e-05,33750.0,False,True,repeated value in upper 1% tail
1987,121875.0,2,6.834919604258155e-06,33750.0,False,True,repeated value in upper 1% tail
1987,122500.0,2,6.834919604258155e-06,33750.0,False,True,repeated value in upper 1% tail
1987,125000.0,16,5.467935683406524e-05,33750.0,False,True,repeated value in upper 1% tail
1987,125103.0,5,1.7087299010645387e-05,33750.0,False,True,repeated value in upper 1% tail
1987,126666.66666666667,3,1.0252379406387232e-05,33750.0,False,True,repeated value in upper 1% tail
1987,127750.0,2,6.834919604258155e-06,33750.0,False,True,repeated value in upper 1% tail
1987,130000.0,2,6.834919604258155e-06,33750.0,False,True,repeated value in upper 1% tail
1987,137666.66666666666,3,1.0252379406387232e-05,33750.0,False,True,repeated value in upper 1% tail
1987,137883.0,2,6.834919604258155e-06,33750.0,False,True,repeated value in upper 1% tail
1987,138300.0,2,6.834919604258155e-06,33750.0,False,True,repeated value in upper 1% tail
1987,138333.33333333334,3,1.0252379406387232e-05,33750.0,False,True,repeated value in upper 1% tail
1987,140000.0,3,1.0252379406387232e-05,33750.0,False,True,repeated value in upper 1% tail
1987,140821.0,3,1.0252379406387232e-05,33750.0,False,True,repeated value in upper 1% tail
1987,143333.33333333334,3,1.0252379406387232e-05,33750.0,False,True,repeated value in upper 1% tail
1987,143500.0,2,6.834919604258155e-06,33750.0,False,True,repeated value in upper 1% tail
1987,147210.0,2,6.834919604258155e-06,33750.0,False,True,repeated value in upper 1% tail
1987,150000.0,6,2.0504758812774465e-05,33750.0,False,True,repeated value in upper 1% tail
1987,150528.0,2,6.834919604258155e-06,33750.0,False,True,repeated value in upper 1% tail
1987,152537.5,7,2.3922218614903543e-05,33750.0,False,True,repeated value in upper 1% tail
1987,152800.0,2,6.834919604258155e-06,33750.0,False,True,repeated value in upper 1% tail
1987,155000.0,2,6.834919604258155e-06,33750.0,False,True,repeated value in upper 1% tail
1987,156000.0,3,1.0252379406387232e-05,33750.0,False,True,repeated value in upper 1% tail
1987,156900.0,3,1.0252379406387232e-05,33750.0,False,True,repeated value in upper 1% tail
1987,160000.0,3,1.0252379406387232e-05,33750.0,False,True,repeated value in upper 1% tail
1987,168700.0,2,6.834919604258155e-06,33750.0,False,True,repeated value in upper 1% tail
1987,175025.0,2,6.834919604258155e-06,33750.0,False,True,repeated value in upper 1% tail
1987,175500.0,4,1.366983920851631e-05,33750.0,False,True,repeated value in upper 1% tail
1987,176296.0,2,6.834919604258155e-06,33750.0,False,True,repeated value in upper 1% tail
1987,178259.0,2,6.834919604258155e-06,33750.0,False,True,repeated value in upper 1% tail
1987,183700.0,2,6.834919604258155e-06,33750.0,False,True,repeated value in upper 1% tail
1987,198565.5,2,6.834919604258155e-06,33750.0,False,True,repeated value in upper 1% tail
1987,200000.0,5,1.7087299010645387e-05,33750.0,False,True,repeated value in upper 1% tail
1987,200196.8,5,1.7087299010645387e-05,33750.0,False,True,repeated value in upper 1% tail
1987,201250.0,2,6.834919604258155e-06,33750.0,False,True,repeated value in upper 1% tail
1987,210000.0,3,1.0252379406387232e-05,33750.0,False,True,repeated value in upper 1% tail
1987,405000.0,3,1.0252379406387232e-05,33750.0,False,True,repeated value in upper 1% tail
1987,416159.6666666667,3,1.0252379406387232e-05,33750.0,False,True,repeated value in upper 1% tail
1987,500000.0,2,6.834919604258155e-06,33750.0,False,True,repeated value in upper 1% tail
1988,265430.0,4,1.3810580976615234e-05,265430.0,False,True,repeated value in upper 1% tail
1988,265500.0,3,1.0357935732461425e-05,265430.0,False,True,repeated value in upper 1% tail
1988,266000.0,2,6.905290488307617e-06,265430.0,False,True,repeated value in upper 1% tail
1988,266250.0,4,1.3810580976615234e-05,265430.0,False,True,repeated value in upper 1% tail
1988,266635.0,5,1.7263226220769043e-05,265430.0,False,True,repeated value in upper 1% tail
1988,266666.6666666667,36,0.0001242952287895371,265430.0,False,True,repeated value in upper 1% tail
1988,266833.3333333333,3,1.0357935732461425e-05,265430.0,False,True,repeated value in upper 1% tail
1988,266878.3333333333,6,2.071587146492285e-05,265430.0,False,True,repeated value in upper 1% tail
1988,267016.6666666667,3,1.0357935732461425e-05,265430.0,False,True,repeated value in upper 1% tail
1988,267192.0,2,6.905290488307617e-06,265430.0,False,True,repeated value in upper 1% tail
1988,267399.5,2,6.905290488307617e-06,265430.0,False,True,repeated value in upper 1% tail
1988,267423.3333333333,3,1.0357935732461425e-05,265430.0,False,True,repeated value in upper 1% tail
1988,267500.0,6,2.071587146492285e-05,265430.0,False,True,repeated value in upper 1% tail
1988,267658.75,6,2.071587146492285e-05,265430.0,False,True,repeated value in upper 1% tail
1988,268000.0,3,1.0357935732461425e-05,265430.0,False,True,repeated value in upper 1% tail
1988,268240.0,2,6.905290488307617e-06,265430.0,False,True,repeated value in upper 1% tail
1988,268285.0,4,1.3810580976615234e-05,265430.0,False,True,repeated value in upper 1% tail
1988,268666.6666666667,6,2.071587146492285e-05,265430.0,False,True,repeated value in upper 1% tail
1988,268800.0,5,1.7263226220769043e-05,265430.0,False,True,repeated value in upper 1% tail
1988,269550.0,2,6.905290488307617e-06,265430.0,False,True,repeated value in upper 1% tail
1988,270000.0,18,6.214761439476855e-05,265430.0,False,True,repeated value in upper 1% tail
1988,270030.0,6,2.071587146492285e-05,265430.0,False,True,repeated value in upper 1% tail
1988,270200.0,5,1.7263226220769043e-05,265430.0,False,True,repeated value in upper 1% tail
1988,270666.6666666667,7,2.416851670907666e-05,265430.0,False,True,repeated value in upper 1% tail
1988,270845.0,2,6.905290488307617e-06,265430.0,False,True,repeated value in upper 1% tail
1988,271187.5,4,1.3810580976615234e-05,265430.0,False,True,repeated value in upper 1% tail
1988,271423.3333333333,4,1.3810580976615234e-05,265430.0,False,True,repeated value in upper 1% tail
1988,272500.0,2,6.905290488307617e-06,265430.0,False,True,repeated value in upper 1% tail
1988,272658.75,4,1.3810580976615234e-05,265430.0,False,True,repeated value in upper 1% tail
1988,272875.0,4,1.3810580976615234e-05,265430.0,False,True,repeated value in upper 1% tail
1988,273052.0,5,1.7263226220769043e-05,265430.0,False,True,repeated value in upper 1% tail
1988,273333.3333333333,12,4.14317429298457e-05,265430.0,False,True,repeated value in upper 1% tail
1988,273378.3333333333,4,1.3810580976615234e-05,265430.0,False,True,repeated value in upper 1% tail
1988,273500.0,5,1.7263226220769043e-05,265430.0,False,True,repeated value in upper 1% tail
1988,273885.0,3,1.0357935732461425e-05,265430.0,False,True,repeated value in upper 1% tail
1988,273937.5,5,1.7263226220769043e-05,265430.0,False,True,repeated value in upper 1% tail
1988,273986.6666666667,3,1.0357935732461425e-05,265430.0,False,True,repeated value in upper 1% tail
1988,274200.5,5,1.7263226220769043e-05,265430.0,False,True,repeated value in upper 1% tail
1988,274500.0,2,6.905290488307617e-06,265430.0,False,True,repeated value in upper 1% tail
1988,274915.0,2,6.905290488307617e-06,265430.0,False,True,repeated value in upper 1% tail
1988,275000.0,31,0.00010703200256876806,265430.0,False,True,repeated value in upper 1% tail
1988,275317.5,5,1.7263226220769043e-05,265430.0,False,True,repeated value in upper 1% tail
1988,275375.0,2,6.905290488307617e-06,265430.0,False,True,repeated value in upper 1% tail
1988,275400.0,3,1.0357935732461425e-05,265430.0,False,True,repeated value in upper 1% tail
1988,275511.75,4,1.3810580976615234e-05,265430.0,False,True,repeated value in upper 1% tail
1988,275750.0,4,1.3810580976615234e-05,265430.0,False,True,repeated value in upper 1% tail
1988,275875.0,8,2.7621161953230468e-05,265430.0,False,True,repeated value in upper 1% tail
1988,276250.0,6,2.071587146492285e-05,265430.0,False,True,repeated value in upper 1% tail
1988,276325.0,2,6.905290488307617e-06,265430.0,False,True,repeated value in upper 1% tail
1988,276666.6666666667,3,1.0357935732461425e-05,265430.0,False,True,repeated value in upper 1% tail
1988,276685.0,4,1.3810580976615234e-05,265430.0,False,True,repeated value in upper 1% tail
1988,276875.0,4,1.3810580976615234e-05,265430.0,False,True,repeated value in upper 1% tail
1988,276880.0,2,6.905290488307617e-06,265430.0,False,True,repeated value in upper 1% tail
1988,277467.5,5,1.7263226220769043e-05,265430.0,False,True,repeated value in upper 1% tail
1988,277500.0,10,3.4526452441538086e-05,265430.0,False,True,repeated value in upper 1% tail
1988,277817.5,4,1.3810580976615234e-05,265430.0,False,True,repeated value in upper 1% tail
1988,278666.6666666667,3,1.0357935732461425e-05,265430.0,False,True,repeated value in upper 1% tail
1988,278750.0,4,1.3810580976615234e-05,265430.0,False,True,repeated value in upper 1% tail
1988,279083.3333333333,3,1.0357935732461425e-05,265430.0,False,True,repeated value in upper 1% tail
1988,279200.0,3,1.0357935732461425e-05,265430.0,False,True,repeated value in upper 1% tail
1988,279382.6666666667,6,2.071587146492285e-05,265430.0,False,True,repeated value in upper 1% tail
1988,279912.1666666667,6,2.071587146492285e-05,265430.0,False,True,repeated value in upper 1% tail
1988,280000.0,34,0.00011738993830122949,265430.0,False,True,repeated value in upper 1% tail
1988,280056.25,5,1.7263226220769043e-05,265430.0,False,True,repeated value in upper 1% tail
1988,280250.0,4,1.3810580976615234e-05,265430.0,False,True,repeated value in upper 1% tail
1988,280386.0,5,1.7263226220769043e-05,265430.0,False,True,repeated value in upper 1% tail
1988,280462.0,5,1.7263226220769043e-05,265430.0,False,True,repeated value in upper 1% tail
1988,280893.4,5,1.7263226220769043e-05,265430.0,False,True,repeated value in upper 1% tail
1988,281181.0,6,2.071587146492285e-05,265430.0,False,True,repeated value in upper 1% tail
1988,281242.5,3,1.0357935732461425e-05,265430.0,False,True,repeated value in upper 1% tail
1988,281543.0,2,6.905290488307617e-06,265430.0,False,True,repeated value in upper 1% tail
1988,282000.0,3,1.0357935732461425e-05,265430.0,False,True,repeated value in upper 1% tail
1988,282500.0,2,6.905290488307617e-06,265430.0,False,True,repeated value in upper 1% tail
1988,283000.0,8,2.7621161953230468e-05,265430.0,False,True,repeated value in upper 1% tail
1988,283163.0,2,6.905290488307617e-06,265430.0,False,True,repeated value in upper 1% tail
1988,283333.3333333333,9,3.107380719738428e-05,265430.0,False,True,repeated value in upper 1% tail
1988,283545.0,3,1.0357935732461425e-05,265430.0,False,True,repeated value in upper 1% tail
1988,283666.6666666667,3,1.0357935732461425e-05,265430.0,False,True,repeated value in upper 1% tail
1988,283679.0,3,1.0357935732461425e-05,265430.0,False,True,repeated value in upper 1% tail
1988,284000.0,4,1.3810580976615234e-05,265430.0,False,True,repeated value in upper 1% tail
1988,284091.3333333333,3,1.0357935732461425e-05,265430.0,False,True,repeated value in upper 1% tail
1988,284100.0,3,1.0357935732461425e-05,265430.0,False,True,repeated value in upper 1% tail
1988,285000.0,3,1.0357935732461425e-05,265430.0,False,True,repeated value in upper 1% tail
1988,286000.0,3,1.0357935732461425e-05,265430.0,False,True,repeated value in upper 1% tail
1988,286250.0,2,6.905290488307617e-06,265430.0,False,True,repeated value in upper 1% tail
1988,286317.5,9,3.107380719738428e-05,265430.0,False,True,repeated value in upper 1% tail
1988,286375.0,2,6.905290488307617e-06,265430.0,False,True,repeated value in upper 1% tail
1988,286500.0,2,6.905290488307617e-06,265430.0,False,True,repeated value in upper 1% tail
1988,286567.5,4,1.3810580976615234e-05,265430.0,False,True,repeated value in upper 1% tail
1988,286666.6666666667,6,2.071587146492285e-05,265430.0,False,True,repeated value in upper 1% tail
1988,286878.3333333333,3,1.0357935732461425e-05,265430.0,False,True,repeated value in upper 1% tail
1988,286898.0,5,1.7263226220769043e-05,265430.0,False,True,repeated value in upper 1% tail
1988,287256.75,5,1.7263226220769043e-05,265430.0,False,True,repeated value in upper 1% tail
1988,287333.3333333333,4,1.3810580976615234e-05,265430.0,False,True,repeated value in upper 1% tail
1988,287622.0,7,2.416851670907666e-05,265430.0,False,True,repeated value in upper 1% tail
1988,287700.0,3,1.0357935732461425e-05,265430.0,False,True,repeated value in upper 1% tail
1988,288200.0,5,1.7263226220769043e-05,265430.0,False,True,repeated value in upper 1% tail
1988,289000.0,5,1.7263226220769043e-05,265430.0,False,True,repeated value in upper 1% tail
1988,289011.6666666667,7,2.416851670907666e-05,265430.0,False,True,repeated value in upper 1% tail
1988,289090.0,4,1.3810580976615234e-05,265430.0,False,True,repeated value in upper 1% tail
1988,289875.0,4,1.3810580976615234e-05,265430.0,False,True,repeated value in upper 1% tail
1988,290000.0,23,7.94108406155376e-05,265430.0,False,True,repeated value in upper 1% tail
1988,291333.3333333333,3,1.0357935732461425e-05,265430.0,False,True,repeated value in upper 1% tail
1988,291337.0,4,1.3810580976615234e-05,265430.0,False,True,repeated value in upper 1% tail
1988,291500.0,4,1.3810580976615234e-05,265430.0,False,True,repeated value in upper 1% tail
1988,291666.6666666667,3,1.0357935732461425e-05,265430.0,False,True,repeated value in upper 1% tail
1988,291878.3333333333,3,1.0357935732461425e-05,265430.0,False,True,repeated value in upper 1% tail
1988,292508.0,5,1.7263226220769043e-05,265430.0,False,True,repeated value in upper 1% tail
1988,293000.0,2,6.905290488307617e-06,265430.0,False,True,repeated value in upper 1% tail
1988,293333.3333333333,9,3.107380719738428e-05,265430.0,False,True,repeated value in upper 1% tail
1988,293750.0,6,2.071587146492285e-05,265430.0,False,True,repeated value in upper 1% tail
1988,294000.0,3,1.0357935732461425e-05,265430.0,False,True,repeated value in upper 1% tail
1988,294216.5,2,6.905290488307617e-06,265430.0,False,True,repeated value in upper 1% tail
1988,295000.0,21,7.250555012722998e-05,265430.0,False,True,repeated value in upper 1% tail
1988,295133.3333333333,3,1.0357935732461425e-05,265430.0,False,True,repeated value in upper 1% tail
1988,295158.75,4,1.3810580976615234e-05,265430.0,False,True,repeated value in upper 1% tail
1988,295636.0,3,1.0357935732461425e-05,265430.0,False,True,repeated value in upper 1% tail
1988,296500.0,2,6.905290488307617e-06,265430.0,False,True,repeated value in upper 1% tail
1988,297500.0,2,6.905290488307617e-06,265430.0,False,True,repeated value in upper 1% tail
1988,298230.25,4,1.3810580976615234e-05,265430.0,False,True,repeated value in upper 1% tail
1988,298333.3333333333,3,1.0357935732461425e-05,265430.0,False,True,repeated value in upper 1% tail
1988,299000.0,3,1.0357935732461425e-05,265430.0,False,True,repeated value in upper 1% tail
1988,299087.5,5,1.7263226220769043e-05,265430.0,False,True,repeated value in upper 1% tail
1988,299666.6666666667,4,1.3810580976615234e-05,265430.0,False,True,repeated value in upper 1% tail
1988,300000.0,140,0.0004833703341815332,265430.0,False,True,repeated value in upper 1% tail
1988,300174.3333333333,3,1.0357935732461425e-05,265430.0,False,True,repeated value in upper 1% tail
1988,300250.0,6,2.071587146492285e-05,265430.0,False,True,repeated value in upper 1% tail
1988,300276.6,6,2.071587146492285e-05,265430.0,False,True,repeated value in upper 1% tail
1988,300317.5,4,1.3810580976615234e-05,265430.0,False,True,repeated value in upper 1% tail
1988,300342.5,5,1.7263226220769043e-05,265430.0,False,True,repeated value in upper 1% tail
1988,300400.0,2,6.905290488307617e-06,265430.0,False,True,repeated value in upper 1% tail
1988,300423.3333333333,3,1.0357935732461425e-05,265430.0,False,True,repeated value in upper 1% tail
1988,300500.0,8,2.7621161953230468e-05,265430.0,False,True,repeated value in upper 1% tail
1988,300635.0,4,1.3810580976615234e-05,265430.0,False,True,repeated value in upper 1% tail
1988,301000.0,3,1.0357935732461425e-05,265430.0,False,True,repeated value in upper 1% tail
1988,301500.0,3,1.0357935732461425e-05,265430.0,False,True,repeated value in upper 1% tail
1988,301650.8333333333,6,2.071587146492285e-05,265430.0,False,True,repeated value in upper 1% tail
1988,302000.0,3,1.0357935732461425e-05,265430.0,False,True,repeated value in upper 1% tail
1988,302500.0,6,2.071587146492285e-05,265430.0,False,True,repeated value in upper 1% tail
1988,302750.0,2,6.905290488307617e-06,265430.0,False,True,repeated value in upper 1% tail
1988,302900.0,2,6.905290488307617e-06,265430.0,False,True,repeated value in upper 1% tail
1988,303171.0,2,6.905290488307617e-06,265430.0,False,True,repeated value in upper 1% tail
1988,303264.5,6,2.071587146492285e-05,265430.0,False,True,repeated value in upper 1% tail
1988,303333.3333333333,3,1.0357935732461425e-05,265430.0,False,True,repeated value in upper 1% tail
1988,303650.0,3,1.0357935732461425e-05,265430.0,False,True,repeated value in upper 1% tail
1988,304000.0,4,1.3810580976615234e-05,265430.0,False,True,repeated value in upper 1% tail
1988,304125.0,2,6.905290488307617e-06,265430.0,False,True,repeated value in upper 1% tail
1988,305000.0,2,6.905290488307617e-06,265430.0,False,True,repeated value in upper 1% tail
1988,305067.5,4,1.3810580976615234e-05,265430.0,False,True,repeated value in upper 1% tail
1988,305317.5,7,2.416851670907666e-05,265430.0,False,True,repeated value in upper 1% tail
1988,305357.0,2,6.905290488307617e-06,265430.0,False,True,repeated value in upper 1% tail
1988,305393.75,4,1.3810580976615234e-05,265430.0,False,True,repeated value in upper 1% tail
1988,306567.5,4,1.3810580976615234e-05,265430.0,False,True,repeated value in upper 1% tail
1988,306666.6666666667,3,1.0357935732461425e-05,265430.0,False,True,repeated value in upper 1% tail
1988,307000.0,5,1.7263226220769043e-05,265430.0,False,True,repeated value in upper 1% tail
1988,307090.0,3,1.0357935732461425e-05,265430.0,False,True,repeated value in upper 1% tail
1988,307115.0,2,6.905290488307617e-06,265430.0,False,True,repeated value in upper 1% tail
1988,307200.0,7,2.416851670907666e-05,265430.0,False,True,repeated value in upper 1% tail
1988,307333.3333333333,3,1.0357935732461425e-05,265430.0,False,True,repeated value in upper 1% tail
1988,308000.0,6,2.071587146492285e-05,265430.0,False,True,repeated value in upper 1% tail
1988,309200.0,2,6.905290488307617e-06,265430.0,False,True,repeated value in upper 1% tail
1988,309400.0,5,1.7263226220769043e-05,265430.0,False,True,repeated value in upper 1% tail
1988,309500.0,2,6.905290488307617e-06,265430.0,False,True,repeated value in upper 1% tail
1988,309833.3333333333,3,1.0357935732461425e-05,265430.0,False,True,repeated value in upper 1% tail
1988,310000.0,9,3.107380719738428e-05,265430.0,False,True,repeated value in upper 1% tail
1988,310250.0,4,1.3810580976615234e-05,265430.0,False,True,repeated value in upper 1% tail
1988,310423.3333333333,3,1.0357935732461425e-05,265430.0,False,True,repeated value in upper 1% tail
1988,310680.0,3,1.0357935732461425e-05,265430.0,False,True,repeated value in upper 1% tail
1988,311000.0,9,3.107380719738428e-05,265430.0,False,True,repeated value in upper 1% tail
1988,312000.0,2,6.905290488307617e-06,265430.0,False,True,repeated value in upper 1% tail
1988,312500.0,2,6.905290488307617e-06,265430.0,False,True,repeated value in upper 1% tail
1988,313000.0,2,6.905290488307617e-06,265430.0,False,True,repeated value in upper 1% tail
1988,313348.6666666667,3,1.0357935732461425e-05,265430.0,False,True,repeated value in upper 1% tail
1988,313500.0,5,1.7263226220769043e-05,265430.0,False,True,repeated value in upper 1% tail
1988,313521.5,2,6.905290488307617e-06,265430.0,False,True,repeated value in upper 1% tail
1988,313750.0,4,1.3810580976615234e-05,265430.0,False,True,repeated value in upper 1% tail
1988,314000.0,5,1.7263226220769043e-05,265430.0,False,True,repeated value in upper 1% tail
1988,314356.0,5,1.7263226220769043e-05,265430.0,False,True,repeated value in upper 1% tail
1988,315000.0,7,2.416851670907666e-05,265430.0,False,True,repeated value in upper 1% tail
1988,315166.6666666667,7,2.416851670907666e-05,265430.0,False,True,repeated value in upper 1% tail
1988,316666.6666666667,12,4.14317429298457e-05,265430.0,False,True,repeated value in upper 1% tail
1988,316750.0,2,6.905290488307617e-06,265430.0,False,True,repeated value in upper 1% tail
1988,317090.0,3,1.0357935732461425e-05,265430.0,False,True,repeated value in upper 1% tail
1988,317500.0,2,6.905290488307617e-06,265430.0,False,True,repeated value in upper 1% tail
1988,317577.5,2,6.905290488307617e-06,265430.0,False,True,repeated value in upper 1% tail
1988,318262.0,2,6.905290488307617e-06,265430.0,False,True,repeated value in upper 1% tail
1988,318333.3333333333,3,1.0357935732461425e-05,265430.0,False,True,repeated value in upper 1% tail
1988,319817.5,2,6.905290488307617e-06,265430.0,False,True,repeated value in upper 1% tail
1988,320000.0,18,6.214761439476855e-05,265430.0,False,True,repeated value in upper 1% tail
1988,320317.5,2,6.905290488307617e-06,265430.0,False,True,repeated value in upper 1% tail
1988,320511.5,5,1.7263226220769043e-05,265430.0,False,True,repeated value in upper 1% tail
1988,321000.0,2,6.905290488307617e-06,265430.0,False,True,repeated value in upper 1% tail
1988,321166.6666666667,6,2.071587146492285e-05,265430.0,False,True,repeated value in upper 1% tail
1988,321250.0,4,1.3810580976615234e-05,265430.0,False,True,repeated value in upper 1% tail
1988,321704.6666666667,4,1.3810580976615234e-05,265430.0,False,True,repeated value in upper 1% tail
1988,322200.0,4,1.3810580976615234e-05,265430.0,False,True,repeated value in upper 1% tail
1988,322555.0,4,1.3810580976615234e-05,265430.0,False,True,repeated value in upper 1% tail
1988,322999.6666666667,3,1.0357935732461425e-05,265430.0,False,True,repeated value in upper 1% tail
1988,323760.0,5,1.7263226220769043e-05,265430.0,False,True,repeated value in upper 1% tail
1988,323966.6666666667,3,1.0357935732461425e-05,265430.0,False,True,repeated value in upper 1% tail
1988,324378.0,2,6.905290488307617e-06,265430.0,False,True,repeated value in upper 1% tail
1988,325000.0,26,8.976877634799902e-05,265430.0,False,True,repeated value in upper 1% tail
1988,325037.5,4,1.3810580976615234e-05,265430.0,False,True,repeated value in upper 1% tail
1988,325085.0,4,1.3810580976615234e-05,265430.0,False,True,repeated value in upper 1% tail
1988,325375.0,2,6.905290488307617e-06,265430.0,False,True,repeated value in upper 1% tail
1988,325750.0,6,2.071587146492285e-05,265430.0,False,True,repeated value in upper 1% tail
1988,326666.6666666667,3,1.0357935732461425e-05,265430.0,False,True,repeated value in upper 1% tail
1988,327090.0,3,1.0357935732461425e-05,265430.0,False,True,repeated value in upper 1% tail
1988,327322.0,2,6.905290488307617e-06,265430.0,False,True,repeated value in upper 1% tail
1988,327500.0,2,6.905290488307617e-06,265430.0,False,True,repeated value in upper 1% tail
1988,328000.0,6,2.071587146492285e-05,265430.0,False,True,repeated value in upper 1% tail
1988,328400.0,5,1.7263226220769043e-05,265430.0,False,True,repeated value in upper 1% tail
1988,329000.0,2,6.905290488307617e-06,265430.0,False,True,repeated value in upper 1% tail
1988,329896.0,2,6.905290488307617e-06,265430.0,False,True,repeated value in upper 1% tail
1988,330000.0,9,3.107380719738428e-05,265430.0,False,True,repeated value in upper 1% tail
1988,331166.6666666667,3,1.0357935732461425e-05,265430.0,False,True,repeated value in upper 1% tail
1988,331666.6666666667,3,1.0357935732461425e-05,265430.0,False,True,repeated value in upper 1% tail
1988,332500.0,3,1.0357935732461425e-05,265430.0,False,True,repeated value in upper 1% tail
1988,332817.5,5,1.7263226220769043e-05,265430.0,False,True,repeated value in upper 1% tail
1988,333075.0,2,6.905290488307617e-06,265430.0,False,True,repeated value in upper 1% tail
1988,333333.3333333333,31,0.00010703200256876806,265430.0,False,True,repeated value in upper 1% tail
1988,333400.0,3,1.0357935732461425e-05,265430.0,False,True,repeated value in upper 1% tail
1988,333756.6666666667,3,1.0357935732461425e-05,265430.0,False,True,repeated value in upper 1% tail
1988,334000.0,3,1.0357935732461425e-05,265430.0,False,True,repeated value in upper 1% tail
1988,334333.3333333333,4,1.3810580976615234e-05,265430.0,False,True,repeated value in upper 1% tail
1988,334666.6666666667,6,2.071587146492285e-05,265430.0,False,True,repeated value in upper 1% tail
1988,335000.0,7,2.416851670907666e-05,265430.0,False,True,repeated value in upper 1% tail
1988,335252.5,4,1.3810580976615234e-05,265430.0,False,True,repeated value in upper 1% tail
1988,335750.0,4,1.3810580976615234e-05,265430.0,False,True,repeated value in upper 1% tail
1988,336313.75,4,1.3810580976615234e-05,265430.0,False,True,repeated value in upper 1% tail
1988,336483.3333333333,4,1.3810580976615234e-05,265430.0,False,True,repeated value in upper 1% tail
1988,339000.0,2,6.905290488307617e-06,265430.0,False,True,repeated value in upper 1% tail
1988,339800.0,5,1.7263226220769043e-05,265430.0,False,True,repeated value in upper 1% tail
1988,340000.0,13,4.488438817399951e-05,265430.0,False,True,repeated value in upper 1% tail
1988,340200.0,3,1.0357935732461425e-05,265430.0,False,True,repeated value in upper 1% tail
1988,340211.6666666667,3,1.0357935732461425e-05,265430.0,False,True,repeated value in upper 1% tail
1988,340423.3333333333,3,1.0357935732461425e-05,265430.0,False,True,repeated value in upper 1% tail
1988,340646.25,4,1.3810580976615234e-05,265430.0,False,True,repeated value in upper 1% tail
1988,343658.75,5,1.7263226220769043e-05,265430.0,False,True,repeated value in upper 1% tail
1988,343750.0,2,6.905290488307617e-06,265430.0,False,True,repeated value in upper 1% tail
1988,343770.0,2,6.905290488307617e-06,265430.0,False,True,repeated value in upper 1% tail
1988,344992.0,4,1.3810580976615234e-05,265430.0,False,True,repeated value in upper 1% tail
1988,345500.0,4,1.3810580976615234e-05,265430.0,False,True,repeated value in upper 1% tail
1988,346800.0,2,6.905290488307617e-06,265430.0,False,True,repeated value in upper 1% tail
1988,347020.0,2,6.905290488307617e-06,265430.0,False,True,repeated value in upper 1% tail
1988,348333.3333333333,3,1.0357935732461425e-05,265430.0,False,True,repeated value in upper 1% tail
1988,348579.6666666667,3,1.0357935732461425e-05,265430.0,False,True,repeated value in upper 1% tail
1988,349666.6666666667,3,1.0357935732461425e-05,265430.0,False,True,repeated value in upper 1% tail
1988,350000.0,36,0.0001242952287895371,265430.0,False,True,repeated value in upper 1% tail
1988,350096.5,4,1.3810580976615234e-05,265430.0,False,True,repeated value in upper 1% tail
1988,350211.6666666667,3,1.0357935732461425e-05,265430.0,False,True,repeated value in upper 1% tail
1988,350317.5,4,1.3810580976615234e-05,265430.0,False,True,repeated value in upper 1% tail
1988,350853.6,6,2.071587146492285e-05,265430.0,False,True,repeated value in upper 1% tail
1988,351000.0,6,2.071587146492285e-05,265430.0,False,True,repeated value in upper 1% tail
1988,351045.0,3,1.0357935732461425e-05,265430.0,False,True,repeated value in upper 1% tail
1988,351200.0,2,6.905290488307617e-06,265430.0,False,True,repeated value in upper 1% tail
1988,351333.3333333333,5,1.7263226220769043e-05,265430.0,False,True,repeated value in upper 1% tail
1988,351385.0,3,1.0357935732461425e-05,265430.0,False,True,repeated value in upper 1% tail
1988,351500.0,2,6.905290488307617e-06,265430.0,False,True,repeated value in upper 1% tail
1988,352000.0,3,1.0357935732461425e-05,265430.0,False,True,repeated value in upper 1% tail
1988,352500.0,2,6.905290488307617e-06,265430.0,False,True,repeated value in upper 1% tail
1988,352666.6666666667,3,1.0357935732461425e-05,265430.0,False,True,repeated value in upper 1% tail
1988,353000.0,5,1.7263226220769043e-05,265430.0,False,True,repeated value in upper 1% tail
1988,353682.0,2,6.905290488307617e-06,265430.0,False,True,repeated value in upper 1% tail
1988,353812.0,2,6.905290488307617e-06,265430.0,False,True,repeated value in upper 1% tail
1988,354500.0,4,1.3810580976615234e-05,265430.0,False,True,repeated value in upper 1% tail
1988,355000.0,20,6.905290488307617e-05,265430.0,False,True,repeated value in upper 1% tail
1988,355313.0,2,6.905290488307617e-06,265430.0,False,True,repeated value in upper 1% tail
1988,355666.6666666667,3,1.0357935732461425e-05,265430.0,False,True,repeated value in upper 1% tail
1988,356000.0,2,6.905290488307617e-06,265430.0,False,True,repeated value in upper 1% tail
1988,356333.3333333333,3,1.0357935732461425e-05,265430.0,False,True,repeated value in upper 1% tail
1988,356666.6666666667,3,1.0357935732461425e-05,265430.0,False,True,repeated value in upper 1% tail
1988,356700.0,2,6.905290488307617e-06,265430.0,False,True,repeated value in upper 1% tail
1988,357666.6666666667,3,1.0357935732461425e-05,265430.0,False,True,repeated value in upper 1% tail
1988,360000.0,14,4.833703341815332e-05,265430.0,False,True,repeated value in upper 1% tail
1988,360500.0,2,6.905290488307617e-06,265430.0,False,True,repeated value in upper 1% tail
1988,360666.6666666667,4,1.3810580976615234e-05,265430.0,False,True,repeated value in upper 1% tail
1988,361500.0,3,1.0357935732461425e-05,265430.0,False,True,repeated value in upper 1% tail
1988,361857.5,6,2.071587146492285e-05,265430.0,False,True,repeated value in upper 1% tail
1988,362157.3333333333,3,1.0357935732461425e-05,265430.0,False,True,repeated value in upper 1% tail
1988,362500.0,4,1.3810580976615234e-05,265430.0,False,True,repeated value in upper 1% tail
1988,364545.0,4,1.3810580976615234e-05,265430.0,False,True,repeated value in upper 1% tail
1988,365000.0,8,2.7621161953230468e-05,265430.0,False,True,repeated value in upper 1% tail
1988,365025.0,4,1.3810580976615234e-05,265430.0,False,True,repeated value in upper 1% tail
1988,365500.0,5,1.7263226220769043e-05,265430.0,False,True,repeated value in upper 1% tail
1988,365858.25,4,1.3810580976615234e-05,265430.0,False,True,repeated value in upper 1% tail
1988,366666.6666666667,6,2.071587146492285e-05,265430.0,False,True,repeated value in upper 1% tail
1988,366966.6666666667,4,1.3810580976615234e-05,265430.0,False,True,repeated value in upper 1% tail
1988,367090.0,3,1.0357935732461425e-05,265430.0,False,True,repeated value in upper 1% tail
1988,367333.3333333333,3,1.0357935732461425e-05,265430.0,False,True,repeated value in upper 1% tail
1988,368750.0,4,1.3810580976615234e-05,265430.0,False,True,repeated value in upper 1% tail
1988,369980.0,2,6.905290488307617e-06,265430.0,False,True,repeated value in upper 1% tail
1988,370000.0,4,1.3810580976615234e-05,265430.0,False,True,repeated value in upper 1% tail
1988,371000.0,2,6.905290488307617e-06,265430.0,False,True,repeated value in upper 1% tail
1988,371800.0,5,1.7263226220769043e-05,265430.0,False,True,repeated value in upper 1% tail
1988,372000.0,2,6.905290488307617e-06,265430.0,False,True,repeated value in upper 1% tail
1988,373333.3333333333,3,1.0357935732461425e-05,265430.0,False,True,repeated value in upper 1% tail
1988,374000.0,2,6.905290488307617e-06,265430.0,False,True,repeated value in upper 1% tail
1988,374211.6666666667,3,1.0357935732461425e-05,265430.0,False,True,repeated value in upper 1% tail
1988,375000.0,21,7.250555012722998e-05,265430.0,False,True,repeated value in upper 1% tail
1988,375317.5,4,1.3810580976615234e-05,265430.0,False,True,repeated value in upper 1% tail
1988,376500.0,2,6.905290488307617e-06,265430.0,False,True,repeated value in upper 1% tail
1988,378000.0,4,1.3810580976615234e-05,265430.0,False,True,repeated value in upper 1% tail
1988,378284.0,5,1.7263226220769043e-05,265430.0,False,True,repeated value in upper 1% tail
1988,379000.0,4,1.3810580976615234e-05,265430.0,False,True,repeated value in upper 1% tail
1988,379826.5,3,1.0357935732461425e-05,265430.0,False,True,repeated value in upper 1% tail
1988,380000.0,9,3.107380719738428e-05,265430.0,False,True,repeated value in upper 1% tail
1988,380250.0,2,6.905290488307617e-06,265430.0,False,True,repeated value in upper 1% tail
1988,382000.0,3,1.0357935732461425e-05,265430.0,False,True,repeated value in upper 1% tail
1988,382045.0,6,2.071587146492285e-05,265430.0,False,True,repeated value in upper 1% tail
1988,382500.0,6,2.071587146492285e-05,265430.0,False,True,repeated value in upper 1% tail
1988,383333.3333333333,9,3.107380719738428e-05,265430.0,False,True,repeated value in upper 1% tail
1988,383557.5,2,6.905290488307617e-06,265430.0,False,True,repeated value in upper 1% tail
1988,383600.0,5,1.7263226220769043e-05,265430.0,False,True,repeated value in upper 1% tail
1988,384500.0,2,6.905290488307617e-06,265430.0,False,True,repeated value in upper 1% tail
1988,385000.0,4,1.3810580976615234e-05,265430.0,False,True,repeated value in upper 1% tail
1988,385795.8,5,1.7263226220769043e-05,265430.0,False,True,repeated value in upper 1% tail
1988,386567.5,4,1.3810580976615234e-05,265430.0,False,True,repeated value in upper 1% tail
1988,388135.0,4,1.3810580976615234e-05,265430.0,False,True,repeated value in upper 1% tail
1988,389756.6666666667,3,1.0357935732461425e-05,265430.0,False,True,repeated value in upper 1% tail
1988,390000.0,9,3.107380719738428e-05,265430.0,False,True,repeated value in upper 1% tail
1988,390133.3333333333,3,1.0357935732461425e-05,265430.0,False,True,repeated value in upper 1% tail
1988,390317.5,4,1.3810580976615234e-05,265430.0,False,True,repeated value in upper 1% tail
1988,390333.3333333333,3,1.0357935732461425e-05,265430.0,False,True,repeated value in upper 1% tail
1988,391400.0,2,6.905290488307617e-06,265430.0,False,True,repeated value in upper 1% tail
1988,392500.0,4,1.3810580976615234e-05,265430.0,False,True,repeated value in upper 1% tail
1988,392976.75,4,1.3810580976615234e-05,265430.0,False,True,repeated value in upper 1% tail
1988,395000.0,4,1.3810580976615234e-05,265430.0,False,True,repeated value in upper 1% tail
1988,396500.0,2,6.905290488307617e-06,265430.0,False,True,repeated value in upper 1% tail
1988,396666.6666666667,4,1.3810580976615234e-05,265430.0,False,True,repeated value in upper 1% tail
1988,397031.25,4,1.3810580976615234e-05,265430.0,False,True,repeated value in upper 1% tail
1988,397500.0,2,6.905290488307617e-06,265430.0,False,True,repeated value in upper 1% tail
1988,398500.0,4,1.3810580976615234e-05,265430.0,False,True,repeated value in upper 1% tail
1988,399000.0,3,1.0357935732461425e-05,265430.0,False,True,repeated value in upper 1% tail
1988,399333.3333333333,4,1.3810580976615234e-05,265430.0,False,True,repeated value in upper 1% tail
1988,400000.0,49,0.00016917961696353662,265430.0,False,True,repeated value in upper 1% tail
1988,400423.3333333333,3,1.0357935732461425e-05,265430.0,False,True,repeated value in upper 1% tail
1988,400500.0,3,1.0357935732461425e-05,265430.0,False,True,repeated value in upper 1% tail
1988,401500.0,2,6.905290488307617e-06,265430.0,False,True,repeated value in upper 1% tail
1988,402000.0,5,1.7263226220769043e-05,265430.0,False,True,repeated value in upper 1% tail
1988,403000.0,5,1.7263226220769043e-05,265430.0,False,True,repeated value in upper 1% tail
1988,403333.3333333333,3,1.0357935732461425e-05,265430.0,False,True,repeated value in upper 1% tail
1988,403552.0,5,1.7263226220769043e-05,265430.0,False,True,repeated value in upper 1% tail
1988,404100.0,3,1.0357935732461425e-05,265430.0,False,True,repeated value in upper 1% tail
1988,405000.0,5,1.7263226220769043e-05,265430.0,False,True,repeated value in upper 1% tail
1988,405250.0,3,1.0357935732461425e-05,265430.0,False,True,repeated value in upper 1% tail
1988,408944.3333333333,4,1.3810580976615234e-05,265430.0,False,True,repeated value in upper 1% tail
1988,409500.0,2,6.905290488307617e-06,265430.0,False,True,repeated value in upper 1% tail
1988,410066.6666666667,4,1.3810580976615234e-05,265430.0,False,True,repeated value in upper 1% tail
1988,410333.3333333333,3,1.0357935732461425e-05,265430.0,False,True,repeated value in upper 1% tail
1988,410800.0,6,2.071587146492285e-05,265430.0,False,True,repeated value in upper 1% tail
1988,411125.0,2,6.905290488307617e-06,265430.0,False,True,repeated value in upper 1% tail
1988,411526.6666666667,3,1.0357935732461425e-05,265430.0,False,True,repeated value in upper 1% tail
1988,411666.6666666667,6,2.071587146492285e-05,265430.0,False,True,repeated value in upper 1% tail
1988,412000.0,2,6.905290488307617e-06,265430.0,False,True,repeated value in upper 1% tail
1988,415000.0,6,2.071587146492285e-05,265430.0,False,True,repeated value in upper 1% tail
1988,416666.6666666667,7,2.416851670907666e-05,265430.0,False,True,repeated value in upper 1% tail
1988,417000.0,4,1.3810580976615234e-05,265430.0,False,True,repeated value in upper 1% tail
1988,418500.0,2,6.905290488307617e-06,265430.0,False,True,repeated value in upper 1% tail
1988,418696.25,6,2.071587146492285e-05,265430.0,False,True,repeated value in upper 1% tail
1988,420000.0,7,2.416851670907666e-05,265430.0,False,True,repeated value in upper 1% tail
1988,420705.0,2,6.905290488307617e-06,265430.0,False,True,repeated value in upper 1% tail
1988,421161.0,2,6.905290488307617e-06,265430.0,False,True,repeated value in upper 1% tail
1988,421250.0,4,1.3810580976615234e-05,265430.0,False,True,repeated value in upper 1% tail
1988,424283.0,3,1.0357935732461425e-05,265430.0,False,True,repeated value in upper 1% tail
1988,424502.5,4,1.3810580976615234e-05,265430.0,False,True,repeated value in upper 1% tail
1988,424649.0,4,1.3810580976615234e-05,265430.0,False,True,repeated value in upper 1% tail
1988,425000.0,10,3.4526452441538086e-05,265430.0,False,True,repeated value in upper 1% tail
1988,425317.5,3,1.0357935732461425e-05,265430.0,False,True,repeated value in upper 1% tail
1988,425917.5,3,1.0357935732461425e-05,265430.0,False,True,repeated value in upper 1% tail
1988,426314.6666666667,4,1.3810580976615234e-05,265430.0,False,True,repeated value in upper 1% tail
1988,427500.0,2,6.905290488307617e-06,265430.0,False,True,repeated value in upper 1% tail
1988,430000.0,6,2.071587146492285e-05,265430.0,False,True,repeated value in upper 1% tail
1988,432333.3333333333,5,1.7263226220769043e-05,265430.0,False,True,repeated value in upper 1% tail
1988,433000.0,5,1.7263226220769043e-05,265430.0,False,True,repeated value in upper 1% tail
1988,433333.3333333333,9,3.107380719738428e-05,265430.0,False,True,repeated value in upper 1% tail
1988,435002.5,2,6.905290488307617e-06,265430.0,False,True,repeated value in upper 1% tail
1988,435959.5,4,1.3810580976615234e-05,265430.0,False,True,repeated value in upper 1% tail
1988,436500.0,2,6.905290488307617e-06,265430.0,False,True,repeated value in upper 1% tail
1988,437458.3333333333,3,1.0357935732461425e-05,265430.0,False,True,repeated value in upper 1% tail
1988,437500.0,4,1.3810580976615234e-05,265430.0,False,True,repeated value in upper 1% tail
1988,438539.0,4,1.3810580976615234e-05,265430.0,False,True,repeated value in upper 1% tail
1988,438750.0,2,6.905290488307617e-06,265430.0,False,True,repeated value in upper 1% tail
1988,440000.0,22,7.595819537138379e-05,265430.0,False,True,repeated value in upper 1% tail
1988,441249.6666666667,3,1.0357935732461425e-05,265430.0,False,True,repeated value in upper 1% tail
1988,443000.0,2,6.905290488307617e-06,265430.0,False,True,repeated value in upper 1% tail
1988,443461.6,5,1.7263226220769043e-05,265430.0,False,True,repeated value in upper 1% tail
1988,444333.3333333333,6,2.071587146492285e-05,265430.0,False,True,repeated value in upper 1% tail
1988,447500.0,2,6.905290488307617e-06,265430.0,False,True,repeated value in upper 1% tail
1988,448376.5,2,6.905290488307617e-06,265430.0,False,True,repeated value in upper 1% tail
1988,448761.0,2,6.905290488307617e-06,265430.0,False,True,repeated value in upper 1% tail
1988,449067.5,4,1.3810580976615234e-05,265430.0,False,True,repeated value in upper 1% tail
1988,450000.0,34,0.00011738993830122949,265430.0,False,True,repeated value in upper 1% tail
1988,450431.6666666667,6,2.071587146492285e-05,265430.0,False,True,repeated value in upper 1% tail
1988,450635.0,4,1.3810580976615234e-05,265430.0,False,True,repeated value in upper 1% tail
1988,451333.3333333333,3,1.0357935732461425e-05,265430.0,False,True,repeated value in upper 1% tail
1988,452500.0,3,1.0357935732461425e-05,265430.0,False,True,repeated value in upper 1% tail
1988,454500.0,4,1.3810580976615234e-05,265430.0,False,True,repeated value in upper 1% tail
1988,455000.0,3,1.0357935732461425e-05,265430.0,False,True,repeated value in upper 1% tail
1988,455848.0,2,6.905290488307617e-06,265430.0,False,True,repeated value in upper 1% tail
1988,456250.0,2,6.905290488307617e-06,265430.0,False,True,repeated value in upper 1% tail
1988,458536.6666666667,3,1.0357935732461425e-05,265430.0,False,True,repeated value in upper 1% tail
1988,458831.25,4,1.3810580976615234e-05,265430.0,False,True,repeated value in upper 1% tail
1988,459370.0,5,1.7263226220769043e-05,265430.0,False,True,repeated value in upper 1% tail
1988,462666.6666666667,4,1.3810580976615234e-05,265430.0,False,True,repeated value in upper 1% tail
1988,465000.0,5,1.7263226220769043e-05,265430.0,False,True,repeated value in upper 1% tail
1988,466666.6666666667,3,1.0357935732461425e-05,265430.0,False,True,repeated value in upper 1% tail
1988,468333.3333333333,3,1.0357935732461425e-05,265430.0,False,True,repeated value in upper 1% tail
1988,470000.0,3,1.0357935732461425e-05,265430.0,False,True,repeated value in upper 1% tail
1988,471357.5,2,6.905290488307617e-06,265430.0,False,True,repeated value in upper 1% tail
1988,472500.0,2,6.905290488307617e-06,265430.0,False,True,repeated value in upper 1% tail
1988,472700.0,3,1.0357935732461425e-05,265430.0,False,True,repeated value in upper 1% tail
1988,473333.3333333333,3,1.0357935732461425e-05,265430.0,False,True,repeated value in upper 1% tail
1988,475000.0,6,2.071587146492285e-05,265430.0,False,True,repeated value in upper 1% tail
1988,475317.5,5,1.7263226220769043e-05,265430.0,False,True,repeated value in upper 1% tail
1988,477905.0,3,1.0357935732461425e-05,265430.0,False,True,repeated value in upper 1% tail
1988,480000.0,8,2.7621161953230468e-05,265430.0,False,True,repeated value in upper 1% tail
1988,482317.5,4,1.3810580976615234e-05,265430.0,False,True,repeated value in upper 1% tail
1988,485000.0,2,6.905290488307617e-06,265430.0,False,True,repeated value in upper 1% tail
1988,486600.0,5,1.7263226220769043e-05,265430.0,False,True,repeated value in upper 1% tail
1988,486666.6666666667,3,1.0357935732461425e-05,265430.0,False,True,repeated value in upper 1% tail
1988,487500.0,4,1.3810580976615234e-05,265430.0,False,True,repeated value in upper 1% tail
1988,489702.75,4,1.3810580976615234e-05,265430.0,False,True,repeated value in upper 1% tail
1988,495000.0,3,1.0357935732461425e-05,265430.0,False,True,repeated value in upper 1% tail
1988,498090.0,4,1.3810580976615234e-05,265430.0,False,True,repeated value in upper 1% tail
1988,500000.0,33,0.00011393729305707568,265430.0,False,True,repeated value in upper 1% tail
1988,500317.5,4,1.3810580976615234e-05,265430.0,False,True,repeated value in upper 1% tail
1988,502944.3333333333,3,1.0357935732461425e-05,265430.0,False,True,repeated value in upper 1% tail
1988,504666.6666666667,3,1.0357935732461425e-05,265430.0,False,True,repeated value in upper 1% tail
1988,505000.0,4,1.3810580976615234e-05,265430.0,False,True,repeated value in upper 1% tail
1988,507016.5,2,6.905290488307617e-06,265430.0,False,True,repeated value in upper 1% tail
1988,508000.0,6,2.071587146492285e-05,265430.0,False,True,repeated value in upper 1% tail
1988,509000.0,2,6.905290488307617e-06,265430.0,False,True,repeated value in upper 1% tail
1988,509467.0,3,1.0357935732461425e-05,265430.0,False,True,repeated value in upper 1% tail
1988,510000.0,2,6.905290488307617e-06,265430.0,False,True,repeated value in upper 1% tail
1988,511750.0,2,6.905290488307617e-06,265430.0,False,True,repeated value in upper 1% tail
1988,512093.5,2,6.905290488307617e-06,265430.0,False,True,repeated value in upper 1% tail
1988,515000.0,2,6.905290488307617e-06,265430.0,False,True,repeated value in upper 1% tail
1988,515625.0,2,6.905290488307617e-06,265430.0,False,True,repeated value in upper 1% tail
1988,517500.0,3,1.0357935732461425e-05,265430.0,False,True,repeated value in upper 1% tail
1988,518500.0,4,1.3810580976615234e-05,265430.0,False,True,repeated value in upper 1% tail
1988,520000.0,10,3.4526452441538086e-05,265430.0,False,True,repeated value in upper 1% tail
1988,525000.0,6,2.071587146492285e-05,265430.0,False,True,repeated value in upper 1% tail
1988,526000.0,3,1.0357935732461425e-05,265430.0,False,True,repeated value in upper 1% tail
1988,526500.0,3,1.0357935732461425e-05,265430.0,False,True,repeated value in upper 1% tail
1988,528333.3333333334,3,1.0357935732461425e-05,265430.0,False,True,repeated value in upper 1% tail
1988,532240.0,4,1.3810580976615234e-05,265430.0,False,True,repeated value in upper 1% tail
1988,533545.0,3,1.0357935732461425e-05,265430.0,False,True,repeated value in upper 1% tail
1988,533611.5,2,6.905290488307617e-06,265430.0,False,True,repeated value in upper 1% tail
1988,535000.0,4,1.3810580976615234e-05,265430.0,False,True,repeated value in upper 1% tail
1988,535405.5,2,6.905290488307617e-06,265430.0,False,True,repeated value in upper 1% tail
1988,543006.0,5,1.7263226220769043e-05,265430.0,False,True,repeated value in upper 1% tail
1988,543500.0,2,6.905290488307617e-06,265430.0,False,True,repeated value in upper 1% tail
1988,547202.6666666666,3,1.0357935732461425e-05,265430.0,False,True,repeated value in upper 1% tail
1988,550000.0,6,2.071587146492285e-05,265430.0,False,True,repeated value in upper 1% tail
1988,551250.0,2,6.905290488307617e-06,265430.0,False,True,repeated value in upper 1% tail
1988,553000.0,5,1.7263226220769043e-05,265430.0,False,True,repeated value in upper 1% tail
1988,554000.0,4,1.3810580976615234e-05,265430.0,False,True,repeated value in upper 1% tail
1988,557500.0,2,6.905290488307617e-06,265430.0,False,True,repeated value in upper 1% tail
1988,557537.5,2,6.905290488307617e-06,265430.0,False,True,repeated value in upper 1% tail
1988,557836.5,2,6.905290488307617e-06,265430.0,False,True,repeated value in upper 1% tail
1988,561242.0,6,2.071587146492285e-05,265430.0,False,True,repeated value in upper 1% tail
1988,562317.5,2,6.905290488307617e-06,265430.0,False,True,repeated value in upper 1% tail
1988,565666.6666666666,4,1.3810580976615234e-05,265430.0,False,True,repeated value in upper 1% tail
1988,565948.0,4,1.3810580976615234e-05,265430.0,False,True,repeated value in upper 1% tail
1988,566000.0,2,6.905290488307617e-06,265430.0,False,True,repeated value in upper 1% tail
1988,566666.6666666666,3,1.0357935732461425e-05,265430.0,False,True,repeated value in upper 1% tail
1988,570000.0,4,1.3810580976615234e-05,265430.0,False,True,repeated value in upper 1% tail
1988,571666.6666666666,7,2.416851670907666e-05,265430.0,False,True,repeated value in upper 1% tail
1988,573016.6666666666,3,1.0357935732461425e-05,265430.0,False,True,repeated value in upper 1% tail
1988,573333.3333333334,8,2.7621161953230468e-05,265430.0,False,True,repeated value in upper 1% tail
1988,575000.0,4,1.3810580976615234e-05,265430.0,False,True,repeated value in upper 1% tail
1988,578000.0,2,6.905290488307617e-06,265430.0,False,True,repeated value in upper 1% tail
1988,580000.0,13,4.488438817399951e-05,265430.0,False,True,repeated value in upper 1% tail
1988,582185.7142857143,7,2.416851670907666e-05,265430.0,False,True,repeated value in upper 1% tail
1988,582500.0,2,6.905290488307617e-06,265430.0,False,True,repeated value in upper 1% tail
1988,584500.0,2,6.905290488307617e-06,265430.0,False,True,repeated value in upper 1% tail
1988,585000.0,5,1.7263226220769043e-05,265430.0,False,True,repeated value in upper 1% tail
1988,589000.0,4,1.3810580976615234e-05,265430.0,False,True,repeated value in upper 1% tail
1988,594137.1428571428,7,2.416851670907666e-05,265430.0,False,True,repeated value in upper 1% tail
1988,596500.0,2,6.905290488307617e-06,265430.0,False,True,repeated value in upper 1% tail
1988,599500.0,2,6.905290488307617e-06,265430.0,False,True,repeated value in upper 1% tail
1988,600000.0,23,7.94108406155376e-05,265430.0,False,True,repeated value in upper 1% tail
1988,604534.0,2,6.905290488307617e-06,265430.0,False,True,repeated value in upper 1% tail
1988,607500.0,2,6.905290488307617e-06,265430.0,False,True,repeated value in upper 1% tail
1988,614000.0,5,1.7263226220769043e-05,265430.0,False,True,repeated value in upper 1% tail
1988,615000.0,4,1.3810580976615234e-05,265430.0,False,True,repeated value in upper 1% tail
1988,620000.0,2,6.905290488307617e-06,265430.0,False,True,repeated value in upper 1% tail
1988,625000.0,2,6.905290488307617e-06,265430.0,False,True,repeated value in upper 1% tail
1988,631666.6666666666,3,1.0357935732461425e-05,265430.0,False,True,repeated value in upper 1% tail
1988,635000.0,3,1.0357935732461425e-05,265430.0,False,True,repeated value in upper 1% tail
1988,640000.0,6,2.071587146492285e-05,265430.0,False,True,repeated value in upper 1% tail
1988,641000.0,2,6.905290488307617e-06,265430.0,False,True,repeated value in upper 1% tail
1988,650000.0,5,1.7263226220769043e-05,265430.0,False,True,repeated value in upper 1% tail
1988,652066.6666666666,3,1.0357935732461425e-05,265430.0,False,True,repeated value in upper 1% tail
1988,654285.7142857143,7,2.416851670907666e-05,265430.0,False,True,repeated value in upper 1% tail
1988,654375.0,4,1.3810580976615234e-05,265430.0,False,True,repeated value in upper 1% tail
1988,654875.0,3,1.0357935732461425e-05,265430.0,False,True,repeated value in upper 1% tail
1988,660000.0,2,6.905290488307617e-06,265430.0,False,True,repeated value in upper 1% tail
1988,662500.0,4,1.3810580976615234e-05,265430.0,False,True,repeated value in upper 1% tail
1988,665000.0,3,1.0357935732461425e-05,265430.0,False,True,repeated value in upper 1% tail
1988,665875.0,2,6.905290488307617e-06,265430.0,False,True,repeated value in upper 1% tail
1988,666666.6666666666,4,1.3810580976615234e-05,265430.0,False,True,repeated value in upper 1% tail
1988,666833.3333333334,3,1.0357935732461425e-05,265430.0,False,True,repeated value in upper 1% tail
1988,670000.0,5,1.7263226220769043e-05,265430.0,False,True,repeated value in upper 1% tail
1988,672215.5,2,6.905290488307617e-06,265430.0,False,True,repeated value in upper 1% tail
1988,675000.0,3,1.0357935732461425e-05,265430.0,False,True,repeated value in upper 1% tail
1988,675250.0,2,6.905290488307617e-06,265430.0,False,True,repeated value in upper 1% tail
1988,679000.0,5,1.7263226220769043e-05,265430.0,False,True,repeated value in upper 1% tail
1988,680000.0,3,1.0357935732461425e-05,265430.0,False,True,repeated value in upper 1% tail
1988,680100.0,4,1.3810580976615234e-05,265430.0,False,True,repeated value in upper 1% tail
1988,686106.0,7,2.416851670907666e-05,265430.0,False,True,repeated value in upper 1% tail
1988,688219.5,2,6.905290488307617e-06,265430.0,False,True,repeated value in upper 1% tail
1988,689110.0,4,1.3810580976615234e-05,265430.0,False,True,repeated value in upper 1% tail
1988,696333.3333333334,4,1.3810580976615234e-05,265430.0,False,True,repeated value in upper 1% tail
1988,700000.0,8,2.7621161953230468e-05,265430.0,False,True,repeated value in upper 1% tail
1988,702500.0,4,1.3810580976615234e-05,265430.0,False,True,repeated value in upper 1% tail
1988,717211.6666666666,3,1.0357935732461425e-05,265430.0,False,True,repeated value in upper 1% tail
1988,717500.0,2,6.905290488307617e-06,265430.0,False,True,repeated value in upper 1% tail
1988,720000.0,2,6.905290488307617e-06,265430.0,False,True,repeated value in upper 1% tail
1988,721250.0,5,1.7263226220769043e-05,265430.0,False,True,repeated value in upper 1% tail
1988,723215.0,5,1.7263226220769043e-05,265430.0,False,True,repeated value in upper 1% tail
1988,723940.0,2,6.905290488307617e-06,265430.0,False,True,repeated value in upper 1% tail
1988,731666.6666666666,3,1.0357935732461425e-05,265430.0,False,True,repeated value in upper 1% tail
1988,735000.0,2,6.905290488307617e-06,265430.0,False,True,repeated value in upper 1% tail
1988,737000.0,6,2.071587146492285e-05,265430.0,False,True,repeated value in upper 1% tail
1988,750000.0,2,6.905290488307617e-06,265430.0,False,True,repeated value in upper 1% tail
1988,754000.0,3,1.0357935732461425e-05,265430.0,False,True,repeated value in upper 1% tail
1988,762500.0,2,6.905290488307617e-06,265430.0,False,True,repeated value in upper 1% tail
1988,765000.0,3,1.0357935732461425e-05,265430.0,False,True,repeated value in upper 1% tail
1988,772222.0,3,1.0357935732461425e-05,265430.0,False,True,repeated value in upper 1% tail
1988,775833.2,5,1.7263226220769043e-05,265430.0,False,True,repeated value in upper 1% tail
1988,790750.0,2,6.905290488307617e-06,265430.0,False,True,repeated value in upper 1% tail
1988,795878.3333333334,3,1.0357935732461425e-05,265430.0,False,True,repeated value in upper 1% tail
1988,800000.0,7,2.416851670907666e-05,265430.0,False,True,repeated value in upper 1% tail
1988,800840.0,5,1.7263226220769043e-05,265430.0,False,True,repeated value in upper 1% tail
1988,811000.0,2,6.905290488307617e-06,265430.0,False,True,repeated value in upper 1% tail
1988,816878.3333333334,3,1.0357935732461425e-05,265430.0,False,True,repeated value in upper 1% tail
1988,821220.0,5,1.7263226220769043e-05,265430.0,False,True,repeated value in upper 1% tail
1988,825000.0,3,1.0357935732461425e-05,265430.0,False,True,repeated value in upper 1% tail
1988,835000.0,2,6.905290488307617e-06,265430.0,False,True,repeated value in upper 1% tail
1988,840000.0,2,6.905290488307617e-06,265430.0,False,True,repeated value in upper 1% tail
1988,850000.0,7,2.416851670907666e-05,265430.0,False,True,repeated value in upper 1% tail
1988,850317.5,4,1.3810580976615234e-05,265430.0,False,True,repeated value in upper 1% tail
1988,855000.0,3,1.0357935732461425e-05,265430.0,False,True,repeated value in upper 1% tail
1988,874689.25,4,1.3810580976615234e-05,265430.0,False,True,repeated value in upper 1% tail
1988,893343.3333333334,3,1.0357935732461425e-05,265430.0,False,True,repeated value in upper 1% tail
1988,900000.0,6,2.071587146492285e-05,265430.0,False,True,repeated value in upper 1% tail
1988,900500.0,2,6.905290488307617e-06,265430.0,False,True,repeated value in upper 1% tail
1988,909556.0,2,6.905290488307617e-06,265430.0,False,True,repeated value in upper 1% tail
1988,922433.3333333334,3,1.0357935732461425e-05,265430.0,False,True,repeated value in upper 1% tail
1988,924067.5,4,1.3810580976615234e-05,265430.0,False,True,repeated value in upper 1% tail
1988,924740.0,4,1.3810580976615234e-05,265430.0,False,True,repeated value in upper 1% tail
1988,933333.3333333334,3,1.0357935732461425e-05,265430.0,False,True,repeated value in upper 1% tail
1988,937500.0,2,6.905290488307617e-06,265430.0,False,True,repeated value in upper 1% tail
1988,975317.5,5,1.7263226220769043e-05,265430.0,False,True,repeated value in upper 1% tail
1988,1000000.0,9,3.107380719738428e-05,265430.0,False,True,repeated value in upper 1% tail
1988,1000108.3333333334,3,1.0357935732461425e-05,265430.0,False,True,repeated value in upper 1% tail
1988,1003333.3333333334,3,1.0357935732461425e-05,265430.0,False,True,repeated value in upper 1% tail
1988,1011111.0,2,6.905290488307617e-06,265430.0,False,True,repeated value in upper 1% tail
1988,1023333.3333333334,5,1.7263226220769043e-05,265430.0,False,True,repeated value in upper 1% tail
1988,1050000.0,3,1.0357935732461425e-05,265430.0,False,True,repeated value in upper 1% tail
1988,1060500.0,2,6.905290488307617e-06,265430.0,False,True,repeated value in upper 1% tail
1988,1090000.0,5,1.7263226220769043e-05,265430.0,False,True,repeated value in upper 1% tail
1988,1112500.0,8,2.7621161953230468e-05,265430.0,False,True,repeated value in upper 1% tail
1988,1150000.0,2,6.905290488307617e-06,265430.0,False,True,repeated value in upper 1% tail
1988,1168008.3333333333,6,2.071587146492285e-05,265430.0,False,True,repeated value in upper 1% tail
1988,1205000.0,2,6.905290488307617e-06,265430.0,False,True,repeated value in upper 1% tail
1988,1250000.0,4,1.3810580976615234e-05,265430.0,False,True,repeated value in upper 1% tail
1988,1250504.0,3,1.0357935732461425e-05,265430.0,False,True,repeated value in upper 1% tail
1988,1300000.0,3,1.0357935732461425e-05,265430.0,False,True,repeated value in upper 1% tail
1988,1303000.0,2,6.905290488307617e-06,265430.0,False,True,repeated value in upper 1% tail
1988,1350000.0,2,6.905290488307617e-06,265430.0,False,True,repeated value in upper 1% tail
1988,1500000.0,4,1.3810580976615234e-05,265430.0,False,True,repeated value in upper 1% tail
1988,1550000.0,3,1.0357935732461425e-05,265430.0,False,True,repeated value in upper 1% tail
1988,1600000.0,2,6.905290488307617e-06,265430.0,False,True,repeated value in upper 1% tail
1988,1630800.0,5,1.7263226220769043e-05,265430.0,False,True,repeated value in upper 1% tail
1988,1670000.0,5,1.7263226220769043e-05,265430.0,False,True,repeated value in upper 1% tail
1988,1762000.0,3,1.0357935732461425e-05,265430.0,False,True,repeated value in upper 1% tail
1988,1823125.0,2,6.905290488307617e-06,265430.0,False,True,repeated value in upper 1% tail
1988,1850000.0,4,1.3810580976615234e-05,265430.0,False,True,repeated value in upper 1% tail
1988,1939583.0,2,6.905290488307617e-06,265430.0,False,True,repeated value in upper 1% tail
1988,2000000.0,2,6.905290488307617e-06,265430.0,False,True,repeated value in upper 1% tail
1988,2065000.0,2,6.905290488307617e-06,265430.0,False,True,repeated value in upper 1% tail
1988,2518960.0,3,1.0357935732461425e-05,265430.0,False,True,repeated value in upper 1% tail
1988,3000000.0,2,6.905290488307617e-06,265430.0,False,True,repeated value in upper 1% tail
1988,4500000.0,3,1.0357935732461425e-05,265430.0,False,True,repeated value in upper 1% tail
1989,30002.0,33,0.000290574809805579,30002.0,False,True,repeated value in upper 1% tail
1989,30002.333333333332,15,0.00013207945900253594,30002.0,False,True,repeated value in upper 1% tail
1989,30003.5,60,0.0005283178360101438,30002.0,False,True,repeated value in upper 1% tail
1989,30006.0,56,0.0004930966469428008,30002.0,False,True,repeated value in upper 1% tail
1989,32001.6,6,5.283178360101437e-05,30002.0,False,True,repeated value in upper 1% tail
1989,32006.0,2,1.7610594533671456e-05,30002.0,False,True,repeated value in upper 1% tail
1989,32502.0,9,7.924767540152156e-05,30002.0,False,True,repeated value in upper 1% tail
1989,32503.5,3,2.6415891800507184e-05,30002.0,False,True,repeated value in upper 1% tail
1989,33006.0,3,2.6415891800507184e-05,30002.0,False,True,repeated value in upper 1% tail
1989,33334.666666666664,7,6.16370808678501e-05,30002.0,False,True,repeated value in upper 1% tail
1989,33336.0,54,0.00047548605240912934,30002.0,False,True,repeated value in upper 1% tail
1989,33752.0,4,3.522118906734291e-05,30002.0,False,True,repeated value in upper 1% tail
1989,34001.6,2,1.7610594533671456e-05,30002.0,False,True,repeated value in upper 1% tail
1989,35002.0,3,2.6415891800507184e-05,30002.0,False,True,repeated value in upper 1% tail
1989,35003.5,25,0.0002201324316708932,30002.0,False,True,repeated value in upper 1% tail
1989,35006.0,19,0.00016730064806987885,30002.0,False,True,repeated value in upper 1% tail
1989,36001.6,5,4.402648633417864e-05,30002.0,False,True,repeated value in upper 1% tail
1989,36002.666666666664,2,1.7610594533671456e-05,30002.0,False,True,repeated value in upper 1% tail
1989,36003.5,2,1.7610594533671456e-05,30002.0,False,True,repeated value in upper 1% tail
1989,37502.0,40,0.0003522118906734291,30002.0,False,True,repeated value in upper 1% tail
1989,37503.5,5,4.402648633417864e-05,30002.0,False,True,repeated value in upper 1% tail
1989,38001.6,2,1.7610594533671456e-05,30002.0,False,True,repeated value in upper 1% tail
1989,38003.5,2,1.7610594533671456e-05,30002.0,False,True,repeated value in upper 1% tail
1989,38006.0,5,4.402648633417864e-05,30002.0,False,True,repeated value in upper 1% tail
1989,39006.0,2,1.7610594533671456e-05,30002.0,False,True,repeated value in upper 1% tail
1989,40001.6,22,0.00019371653987038603,30002.0,False,True,repeated value in upper 1% tail
1989,40002.0,2,1.7610594533671456e-05,30002.0,False,True,repeated value in upper 1% tail
1989,40002.666666666664,12,0.00010566356720202873,30002.0,False,True,repeated value in upper 1% tail
1989,40003.5,39,0.00034340659340659343,30002.0,False,True,repeated value in upper 1% tail
1989,40006.0,41,0.00036101718794026485,30002.0,False,True,repeated value in upper 1% tail
1989,41006.0,2,1.7610594533671456e-05,30002.0,False,True,repeated value in upper 1% tail
1989,41668.0,3,2.6415891800507184e-05,30002.0,False,True,repeated value in upper 1% tail
1989,42006.0,2,1.7610594533671456e-05,30002.0,False,True,repeated value in upper 1% tail
1989,42502.0,3,2.6415891800507184e-05,30002.0,False,True,repeated value in upper 1% tail
1989,42503.5,3,2.6415891800507184e-05,30002.0,False,True,repeated value in upper 1% tail
1989,42858.28571428572,2,1.7610594533671456e-05,30002.0,False,True,repeated value in upper 1% tail
1989,44003.5,2,1.7610594533671456e-05,30002.0,False,True,repeated value in upper 1% tail
1989,45002.0,7,6.16370808678501e-05,30002.0,False,True,repeated value in upper 1% tail
1989,45003.5,11,9.685826993519301e-05,30002.0,False,True,repeated value in upper 1% tail
1989,45006.0,9,7.924767540152156e-05,30002.0,False,True,repeated value in upper 1% tail
1989,48006.0,3,2.6415891800507184e-05,30002.0,False,True,repeated value in upper 1% tail
1989,49003.5,3,2.6415891800507184e-05,30002.0,False,True,repeated value in upper 1% tail
1989,49006.0,2,1.7610594533671456e-05,30002.0,False,True,repeated value in upper 1% tail
1989,50001.333333333336,3,2.6415891800507184e-05,30002.0,False,True,repeated value in upper 1% tail
1989,50001.6,7,6.16370808678501e-05,30002.0,False,True,repeated value in upper 1% tail
1989,50002.0,21,0.0001849112426035503,30002.0,False,True,repeated value in upper 1% tail
1989,50002.666666666664,26,0.00022893772893772894,30002.0,False,True,repeated value in upper 1% tail
1989,50004.0,45,0.0003962383770076078,30002.0,False,True,repeated value in upper 1% tail
1989,50007.0,52,0.0004578754578754579,30002.0,False,True,repeated value in upper 1% tail
1989,52502.0,2,1.7610594533671456e-05,30002.0,False,True,repeated value in upper 1% tail
1989,52504.0,2,1.7610594533671456e-05,30002.0,False,True,repeated value in upper 1% tail
1989,53007.0,2,1.7610594533671456e-05,30002.0,False,True,repeated value in upper 1% tail
1989,55004.0,3,2.6415891800507184e-05,30002.0,False,True,repeated value in upper 1% tail
1989,56669.333333333336,3,2.6415891800507184e-05,30002.0,False,True,repeated value in upper 1% tail
1989,57007.0,2,1.7610594533671456e-05,30002.0,False,True,repeated value in upper 1% tail
1989,60001.6,8,7.044237813468582e-05,30002.0,False,True,repeated value in upper 1% tail
1989,60004.0,18,0.00015849535080304311,30002.0,False,True,repeated value in upper 1% tail
1989,60007.0,32,0.0002817695125387433,30002.0,False,True,repeated value in upper 1% tail
1989,62007.0,2,1.7610594533671456e-05,30002.0,False,True,repeated value in upper 1% tail
1989,62502.0,10,8.805297266835728e-05,30002.0,False,True,repeated value in upper 1% tail
1989,65004.0,4,3.522118906734291e-05,30002.0,False,True,repeated value in upper 1% tail
1989,66669.33333333333,10,8.805297266835728e-05,30002.0,False,True,repeated value in upper 1% tail
1989,68007.0,3,2.6415891800507184e-05,30002.0,False,True,repeated value in upper 1% tail
1989,70004.0,4,3.522118906734291e-05,30002.0,False,True,repeated value in upper 1% tail
1989,70007.0,12,0.00010566356720202873,30002.0,False,True,repeated value in upper 1% tail
1989,72007.0,3,2.6415891800507184e-05,30002.0,False,True,repeated value in upper 1% tail
1989,75001.33333333333,2,1.7610594533671456e-05,30002.0,False,True,repeated value in upper 1% tail
1989,75002.0,12,0.00010566356720202873,30002.0,False,True,repeated value in upper 1% tail
1989,75004.0,15,0.00013207945900253594,30002.0,False,True,repeated value in upper 1% tail
1989,75007.0,2,1.7610594533671456e-05,30002.0,False,True,repeated value in upper 1% tail
1989,80007.0,14,0.0001232741617357002,30002.0,False,True,repeated value in upper 1% tail
1989,83336.0,2,1.7610594533671456e-05,30002.0,False,True,repeated value in upper 1% tail
1989,85007.0,2,1.7610594533671456e-05,30002.0,False,True,repeated value in upper 1% tail
1989,87502.0,2,1.7610594533671456e-05,30002.0,False,True,repeated value in upper 1% tail
1989,90004.0,3,2.6415891800507184e-05,30002.0,False,True,repeated value in upper 1% tail
1989,90007.0,6,5.283178360101437e-05,30002.0,False,True,repeated value in upper 1% tail
1989,100001.6,2,1.7610594533671456e-05,30002.0,False,True,repeated value in upper 1% tail
1989,100002.66666666667,6,5.283178360101437e-05,30002.0,False,True,repeated value in upper 1% tail
1989,100004.0,6,5.283178360101437e-05,30002.0,False,True,repeated value in upper 1% tail
1989,100008.0,17,0.00014969005353620738,30002.0,False,True,repeated value in upper 1% tail
1989,116669.33333333333,2,1.7610594533671456e-05,30002.0,False,True,repeated value in upper 1% tail
1989,120008.0,5,4.402648633417864e-05,30002.0,False,True,repeated value in upper 1% tail
1989,125004.0,4,3.522118906734291e-05,30002.0,False,True,repeated value in upper 1% tail
1989,130008.0,4,3.522118906734291e-05,30002.0,False,True,repeated value in upper 1% tail
1989,140008.0,2,1.7610594533671456e-05,30002.0,False,True,repeated value in upper 1% tail
1989,150004.0,5,4.402648633417864e-05,30002.0,False,True,repeated value in upper 1% tail
1989,150008.0,11,9.685826993519301e-05,30002.0,False,True,repeated value in upper 1% tail
1989,166669.33333333334,3,2.6415891800507184e-05,30002.0,False,True,repeated value in upper 1% tail
1989,175004.0,3,2.6415891800507184e-05,30002.0,False,True,repeated value in upper 1% tail
1989,200002.0,2,1.7610594533671456e-05,30002.0,False,True,repeated value in upper 1% tail
1989,200008.0,5,4.402648633417864e-05,30002.0,False,True,repeated value in upper 1% tail
1989,250004.0,4,3.522118906734291e-05,30002.0,False,True,repeated value in upper 1% tail
1989,300008.0,2,1.7610594533671456e-05,30002.0,False,True,repeated value in upper 1% tail
1989,333336.0,2,1.7610594533671456e-05,30002.0,False,True,repeated value in upper 1% tail
1989,350008.0,2,1.7610594533671456e-05,30002.0,False,True,repeated value in upper 1% tail
1989,500008.0,2,1.7610594533671456e-05,30002.0,False,True,repeated value in upper 1% tail
1990,750003.5,98,0.0008463963380403334,750003.5,False,True,repeated value in upper 1% tail
1990,750006.0,9,7.773027594247959e-05,750003.5,False,True,repeated value in upper 1% tail
1990,760001.6,2,1.7273394653884356e-05,750003.5,False,True,repeated value in upper 1% tail
1990,760006.0,3,2.591009198082653e-05,750003.5,False,True,repeated value in upper 1% tail
1990,766669.0,5,4.3183486634710884e-05,750003.5,False,True,repeated value in upper 1% tail
1990,775002.0,2,1.7273394653884356e-05,750003.5,False,True,repeated value in upper 1% tail
1990,775003.5,2,1.7273394653884356e-05,750003.5,False,True,repeated value in upper 1% tail
1990,790006.0,3,2.591009198082653e-05,750003.5,False,True,repeated value in upper 1% tail
1990,800001.6,23,0.00019864403851967008,750003.5,False,True,repeated value in upper 1% tail
1990,800003.5,17,0.00014682385455801701,750003.5,False,True,repeated value in upper 1% tail
1990,800006.0,51,0.000440471563674051,750003.5,False,True,repeated value in upper 1% tail
1990,807502.0,2,1.7273394653884356e-05,750003.5,False,True,repeated value in upper 1% tail
1990,820006.0,2,1.7273394653884356e-05,750003.5,False,True,repeated value in upper 1% tail
1990,833334.6666666666,4,3.454678930776871e-05,750003.5,False,True,repeated value in upper 1% tail
1990,833336.0,36,0.00031092110376991836,750003.5,False,True,repeated value in upper 1% tail
1990,850003.5,8,6.909357861553742e-05,750003.5,False,True,repeated value in upper 1% tail
1990,850006.0,12,0.00010364036792330612,750003.5,False,True,repeated value in upper 1% tail
1990,860001.6,2,1.7273394653884356e-05,750003.5,False,True,repeated value in upper 1% tail
1990,875002.0,12,0.00010364036792330612,750003.5,False,True,repeated value in upper 1% tail
1990,875003.5,2,1.7273394653884356e-05,750003.5,False,True,repeated value in upper 1% tail
1990,900003.5,22,0.0001900073411927279,750003.5,False,True,repeated value in upper 1% tail
1990,900006.0,16,0.00013818715723107485,750003.5,False,True,repeated value in upper 1% tail
1990,933336.0,3,2.591009198082653e-05,750003.5,False,True,repeated value in upper 1% tail
1990,940006.0,2,1.7273394653884356e-05,750003.5,False,True,repeated value in upper 1% tail
1990,950003.5,4,3.454678930776871e-05,750003.5,False,True,repeated value in upper 1% tail
1990,950006.0,3,2.591009198082653e-05,750003.5,False,True,repeated value in upper 1% tail
1990,966669.3333333334,2,1.7273394653884356e-05,750003.5,False,True,repeated value in upper 1% tail
1990,980006.0,4,3.454678930776871e-05,750003.5,False,True,repeated value in upper 1% tail
1990,1000001.3333333334,2,1.7273394653884356e-05,750003.5,False,True,repeated value in upper 1% tail
1990,1000001.6,10,8.636697326942177e-05,750003.5,False,True,repeated value in upper 1% tail
1990,1000002.0,22,0.0001900073411927279,750003.5,False,True,repeated value in upper 1% tail
1990,1000002.6666666666,40,0.00034546789307768707,750003.5,False,True,repeated value in upper 1% tail
1990,1000003.5,65,0.0005613853262512415,750003.5,False,True,repeated value in upper 1% tail
1990,1000006.0,50,0.0004318348663471089,750003.5,False,True,repeated value in upper 1% tail
1990,1020006.0,3,2.591009198082653e-05,750003.5,False,True,repeated value in upper 1% tail
1990,1025002.0,2,1.7273394653884356e-05,750003.5,False,True,repeated value in upper 1% tail
1990,1050003.5,2,1.7273394653884356e-05,750003.5,False,True,repeated value in upper 1% tail
1990,1050006.0,2,1.7273394653884356e-05,750003.5,False,True,repeated value in upper 1% tail
1990,1060006.0,4,3.454678930776871e-05,750003.5,False,True,repeated value in upper 1% tail
1990,1066669.3333333333,2,1.7273394653884356e-05,750003.5,False,True,repeated value in upper 1% tail
1990,1100003.5,8,6.909357861553742e-05,750003.5,False,True,repeated value in upper 1% tail
1990,1100006.0,9,7.773027594247959e-05,750003.5,False,True,repeated value in upper 1% tail
1990,1111112.0,2,1.7273394653884356e-05,750003.5,False,True,repeated value in upper 1% tail
1990,1125002.0,5,4.3183486634710884e-05,750003.5,False,True,repeated value in upper 1% tail
1990,1133336.0,3,2.591009198082653e-05,750003.5,False,True,repeated value in upper 1% tail
1990,1150006.0,4,3.454678930776871e-05,750003.5,False,True,repeated value in upper 1% tail
1990,1166669.3333333333,12,0.00010364036792330612,750003.5,False,True,repeated value in upper 1% tail
1990,1175002.0,2,1.7273394653884356e-05,750003.5,False,True,repeated value in upper 1% tail
1990,1200001.6,6,5.182018396165306e-05,750003.5,False,True,repeated value in upper 1% tail
1990,1200002.6666666667,2,1.7273394653884356e-05,750003.5,False,True,repeated value in upper 1% tail
1990,1200003.5,7,6.045688128859524e-05,750003.5,False,True,repeated value in upper 1% tail
1990,1200006.0,31,0.0002677376171352075,750003.5,False,True,repeated value in upper 1% tail
1990,1240007.0,2,1.7273394653884356e-05,750003.5,False,True,repeated value in upper 1% tail
1990,1250002.0,25,0.00021591743317355444,750003.5,False,True,repeated value in upper 1% tail
1990,1250004.0,27,0.0002331908278274388,750003.5,False,True,repeated value in upper 1% tail
1990,1300007.0,12,0.00010364036792330612,750003.5,False,True,repeated value in upper 1% tail
1990,1333336.0,13,0.0001122770652502483,750003.5,False,True,repeated value in upper 1% tail
1990,1350004.0,3,2.591009198082653e-05,750003.5,False,True,repeated value in upper 1% tail
1990,1350007.0,2,1.7273394653884356e-05,750003.5,False,True,repeated value in upper 1% tail
1990,1400004.0,5,4.3183486634710884e-05,750003.5,False,True,repeated value in upper 1% tail
1990,1400007.0,6,5.182018396165306e-05,750003.5,False,True,repeated value in upper 1% tail
1990,1428572.5714285714,2,1.7273394653884356e-05,750003.5,False,True,repeated value in upper 1% tail
1990,1500002.0,9,7.773027594247959e-05,750003.5,False,True,repeated value in upper 1% tail
1990,1500002.6666666667,2,1.7273394653884356e-05,750003.5,False,True,repeated value in upper 1% tail
1990,1500004.0,34,0.00029364770911603403,750003.5,False,True,repeated value in upper 1% tail
1990,1500007.0,36,0.00031092110376991836,750003.5,False,True,repeated value in upper 1% tail
1990,1550004.0,2,1.7273394653884356e-05,750003.5,False,True,repeated value in upper 1% tail
1990,1550007.0,3,2.591009198082653e-05,750003.5,False,True,repeated value in upper 1% tail
1990,1600002.6666666667,2,1.7273394653884356e-05,750003.5,False,True,repeated value in upper 1% tail
1990,1600004.0,2,1.7273394653884356e-05,750003.5,False,True,repeated value in upper 1% tail
1990,1650007.0,2,1.7273394653884356e-05,750003.5,False,True,repeated value in upper 1% tail
1990,1666669.3333333333,17,0.00014682385455801701,750003.5,False,True,repeated value in upper 1% tail
1990,1700007.0,10,8.636697326942177e-05,750003.5,False,True,repeated value in upper 1% tail
1990,1750002.0,5,4.3183486634710884e-05,750003.5,False,True,repeated value in upper 1% tail
1990,1750004.0,10,8.636697326942177e-05,750003.5,False,True,repeated value in upper 1% tail
1990,1800007.0,10,8.636697326942177e-05,750003.5,False,True,repeated value in upper 1% tail
1990,1900007.0,4,3.454678930776871e-05,750003.5,False,True,repeated value in upper 1% tail
1990,2000002.0,4,3.454678930776871e-05,750003.5,False,True,repeated value in upper 1% tail
1990,2000002.6666666667,4,3.454678930776871e-05,750003.5,False,True,repeated value in upper 1% tail
1990,2000004.0,14,0.00012091376257719048,750003.5,False,True,repeated value in upper 1% tail
1990,2000007.0,20,0.00017273394653884354,750003.5,False,True,repeated value in upper 1% tail
1990,2100007.0,4,3.454678930776871e-05,750003.5,False,True,repeated value in upper 1% tail
1990,2200007.0,2,1.7273394653884356e-05,750003.5,False,True,repeated value in upper 1% tail
1990,2300007.0,4,3.454678930776871e-05,750003.5,False,True,repeated value in upper 1% tail
1990,2500002.0,4,3.454678930776871e-05,750003.5,False,True,repeated value in upper 1% tail
1990,2500002.6666666665,3,2.591009198082653e-05,750003.5,False,True,repeated value in upper 1% tail
1990,2500004.0,5,4.3183486634710884e-05,750003.5,False,True,repeated value in upper 1% tail
1990,2500008.0,9,7.773027594247959e-05,750003.5,False,True,repeated value in upper 1% tail
1990,2666669.3333333335,2,1.7273394653884356e-05,750003.5,False,True,repeated value in upper 1% tail
1990,2750004.0,2,1.7273394653884356e-05,750003.5,False,True,repeated value in upper 1% tail
1990,2800008.0,3,2.591009198082653e-05,750003.5,False,True,repeated value in upper 1% tail
1990,3000004.0,2,1.7273394653884356e-05,750003.5,False,True,repeated value in upper 1% tail
1990,3000008.0,11,9.500367059636395e-05,750003.5,False,True,repeated value in upper 1% tail
1990,3333336.0,2,1.7273394653884356e-05,750003.5,False,True,repeated value in upper 1% tail
1990,3500008.0,2,1.7273394653884356e-05,750003.5,False,True,repeated value in upper 1% tail
1990,4000008.0,4,3.454678930776871e-05,750003.5,False,True,repeated value in upper 1% tail
1990,4500008.0,3,2.591009198082653e-05,750003.5,False,True,repeated value in upper 1% tail
1990,5000004.0,2,1.7273394653884356e-05,750003.5,False,True,repeated value in upper 1% tail
1990,5000008.0,7,6.045688128859524e-05,750003.5,False,True,repeated value in upper 1% tail
1990,6000008.0,2,1.7273394653884356e-05,750003.5,False,True,repeated value in upper 1% tail
1990,7500008.0,2,1.7273394653884356e-05,750003.5,False,True,repeated value in upper 1% tail
1990,10000004.0,2,1.7273394653884356e-05,750003.5,False,True,repeated value in upper 1% tail
1990,10500004.0,2,1.7273394653884356e-05,750003.5,False,True,repeated value in upper 1% tail
1992,6150000.0,3,3.924646781789639e-05,6129358.365000002,False,True,repeated value in upper 1% tail
1992,6200000.0,4,5.2328623757195185e-05,6129358.365000002,False,True,repeated value in upper 1% tail
1992,6250000.0,10,0.00013082155939298797,6129358.365000002,False,True,repeated value in upper 1% tail
1992,6300000.0,5,6.541077969649399e-05,6129358.365000002,False,True,repeated value in upper 1% tail
1992,6333333.333333333,2,2.6164311878597592e-05,6129358.365000002,False,True,repeated value in upper 1% tail
1992,6350000.0,2,2.6164311878597592e-05,6129358.365000002,False,True,repeated value in upper 1% tail
1992,6375000.0,2,2.6164311878597592e-05,6129358.365000002,False,True,repeated value in upper 1% tail
1992,6400000.0,4,5.2328623757195185e-05,6129358.365000002,False,True,repeated value in upper 1% tail
1992,6500000.0,20,0.00026164311878597594,6129358.365000002,False,True,repeated value in upper 1% tail
1992,6550000.0,2,2.6164311878597592e-05,6129358.365000002,False,True,repeated value in upper 1% tail
1992,6600000.0,2,2.6164311878597592e-05,6129358.365000002,False,True,repeated value in upper 1% tail
1992,6650000.0,5,6.541077969649399e-05,6129358.365000002,False,True,repeated value in upper 1% tail
1992,6666666.666666667,11,0.00014390371533228675,6129358.365000002,False,True,repeated value in upper 1% tail
1992,6700000.0,7,9.157509157509158e-05,6129358.365000002,False,True,repeated value in upper 1% tail
1992,6750000.0,5,6.541077969649399e-05,6129358.365000002,False,True,repeated value in upper 1% tail
1992,6766666.666666667,2,2.6164311878597592e-05,6129358.365000002,False,True,repeated value in upper 1% tail
1992,6800000.0,2,2.6164311878597592e-05,6129358.365000002,False,True,repeated value in upper 1% tail
1992,6850000.0,2,2.6164311878597592e-05,6129358.365000002,False,True,repeated value in upper 1% tail
1992,6900000.0,3,3.924646781789639e-05,6129358.365000002,False,True,repeated value in upper 1% tail
1992,6950000.0,2,2.6164311878597592e-05,6129358.365000002,False,True,repeated value in upper 1% tail
1992,7000000.0,29,0.0003793825222396651,6129358.365000002,False,True,repeated value in upper 1% tail
1992,7050000.0,2,2.6164311878597592e-05,6129358.365000002,False,True,repeated value in upper 1% tail
1992,7100000.0,2,2.6164311878597592e-05,6129358.365000002,False,True,repeated value in upper 1% tail
1992,7150000.0,2,2.6164311878597592e-05,6129358.365000002,False,True,repeated value in upper 1% tail
1992,7200000.0,3,3.924646781789639e-05,6129358.365000002,False,True,repeated value in upper 1% tail
1992,7250000.0,5,6.541077969649399e-05,6129358.365000002,False,True,repeated value in upper 1% tail
1992,7286093.0,2,2.6164311878597592e-05,6129358.365000002,False,True,repeated value in upper 1% tail
1992,7300000.0,4,5.2328623757195185e-05,6129358.365000002,False,True,repeated value in upper 1% tail
1992,7333333.333333333,5,6.541077969649399e-05,6129358.365000002,False,True,repeated value in upper 1% tail
1992,7350000.0,3,3.924646781789639e-05,6129358.365000002,False,True,repeated value in upper 1% tail
1992,7500000.0,22,0.0002878074306645735,6129358.365000002,False,True,repeated value in upper 1% tail
1992,7525000.0,2,2.6164311878597592e-05,6129358.365000002,False,True,repeated value in upper 1% tail
1992,7533333.333333333,2,2.6164311878597592e-05,6129358.365000002,False,True,repeated value in upper 1% tail
1992,7550000.0,2,2.6164311878597592e-05,6129358.365000002,False,True,repeated value in upper 1% tail
1992,7666666.666666667,4,5.2328623757195185e-05,6129358.365000002,False,True,repeated value in upper 1% tail
1992,7750000.0,2,2.6164311878597592e-05,6129358.365000002,False,True,repeated value in upper 1% tail
1992,7800000.0,2,2.6164311878597592e-05,6129358.365000002,False,True,repeated value in upper 1% tail
1992,7900000.0,2,2.6164311878597592e-05,6129358.365000002,False,True,repeated value in upper 1% tail
1992,8000000.0,40,0.0005232862375719519,6129358.365000002,False,True,repeated value in upper 1% tail
1992,8100000.0,3,3.924646781789639e-05,6129358.365000002,False,True,repeated value in upper 1% tail
1992,8200000.0,2,2.6164311878597592e-05,6129358.365000002,False,True,repeated value in upper 1% tail
1992,8333333.333333333,2,2.6164311878597592e-05,6129358.365000002,False,True,repeated value in upper 1% tail
1992,8500000.0,9,0.00011773940345368916,6129358.365000002,False,True,repeated value in upper 1% tail
1992,8525000.0,2,2.6164311878597592e-05,6129358.365000002,False,True,repeated value in upper 1% tail
1992,8750000.0,3,3.924646781789639e-05,6129358.365000002,False,True,repeated value in upper 1% tail
1992,8800000.0,2,2.6164311878597592e-05,6129358.365000002,False,True,repeated value in upper 1% tail
1992,8900000.0,2,2.6164311878597592e-05,6129358.365000002,False,True,repeated value in upper 1% tail
1992,9000000.0,14,0.00018315018315018315,6129358.365000002,False,True,repeated value in upper 1% tail
1992,9020000.0,2,2.6164311878597592e-05,6129358.365000002,False,True,repeated value in upper 1% tail
1992,9333333.333333334,2,2.6164311878597592e-05,6129358.365000002,False,True,repeated value in upper 1% tail
1992,9500000.0,9,0.00011773940345368916,6129358.365000002,False,True,repeated value in upper 1% tail
1992,9520000.0,2,2.6164311878597592e-05,6129358.365000002,False,True,repeated value in upper 1% tail
1992,9750000.0,2,2.6164311878597592e-05,6129358.365000002,False,True,repeated value in upper 1% tail
1992,10000000.0,29,0.0003793825222396651,6129358.365000002,False,True,repeated value in upper 1% tail
1992,10100000.0,3,3.924646781789639e-05,6129358.365000002,False,True,repeated value in upper 1% tail
1992,10400000.0,2,2.6164311878597592e-05,6129358.365000002,False,True,repeated value in upper 1% tail
1992,10500000.0,3,3.924646781789639e-05,6129358.365000002,False,True,repeated value in upper 1% tail
1992,10600000.0,5,6.541077969649399e-05,6129358.365000002,False,True,repeated value in upper 1% tail
1992,10750000.0,2,2.6164311878597592e-05,6129358.365000002,False,True,repeated value in upper 1% tail
1992,11000000.0,7,9.157509157509158e-05,6129358.365000002,False,True,repeated value in upper 1% tail
1992,11250000.0,2,2.6164311878597592e-05,6129358.365000002,False,True,repeated value in upper 1% tail
1992,11333333.333333334,2,2.6164311878597592e-05,6129358.365000002,False,True,repeated value in upper 1% tail
1992,11500000.0,8,0.00010465724751439037,6129358.365000002,False,True,repeated value in upper 1% tail
1992,12000000.0,12,0.00015698587127158556,6129358.365000002,False,True,repeated value in upper 1% tail
1992,12500000.0,5,6.541077969649399e-05,6129358.365000002,False,True,repeated value in upper 1% tail
1992,13000000.0,4,5.2328623757195185e-05,6129358.365000002,False,True,repeated value in upper 1% tail
1992,13550000.0,2,2.6164311878597592e-05,6129358.365000002,False,True,repeated value in upper 1% tail
1992,14200000.0,2,2.6164311878597592e-05,6129358.365000002,False,True,repeated value in upper 1% tail
1992,14500000.0,2,2.6164311878597592e-05,6129358.365000002,False,True,repeated value in upper 1% tail
1992,15000000.0,16,0.00020931449502878074,6129358.365000002,False,True,repeated value in upper 1% tail
1992,16000000.0,3,3.924646781789639e-05,6129358.365000002,False,True,repeated value in upper 1% tail
1992,16800000.0,3,3.924646781789639e-05,6129358.365000002,False,True,repeated value in upper 1% tail
1992,17000000.0,2,2.6164311878597592e-05,6129358.365000002,False,True,repeated value in upper 1% tail
1992,17500000.0,3,3.924646781789639e-05,6129358.365000002,False,True,repeated value in upper 1% tail
1992,18000000.0,4,5.2328623757195185e-05,6129358.365000002,False,True,repeated value in upper 1% tail
1992,20000000.0,6,7.849293563579278e-05,6129358.365000002,False,True,repeated value in upper 1% tail
1992,21000000.0,3,3.924646781789639e-05,6129358.365000002,False,True,repeated value in upper 1% tail
1992,23000000.0,3,3.924646781789639e-05,6129358.365000002,False,True,repeated value in upper 1% tail
1992,30000000.0,2,2.6164311878597592e-05,6129358.365000002,False,True,repeated value in upper 1% tail
1992,35000000.0,2,2.6164311878597592e-05,6129358.365000002,False,True,repeated value in upper 1% tail
1993,152500.0,3,3.853911077425073e-05,152452.25000000015,False,True,repeated value in upper 1% tail
1993,153500.0,2,2.5692740516167158e-05,152452.25000000015,False,True,repeated value in upper 1% tail
1993,154000.0,3,3.853911077425073e-05,152452.25000000015,False,True,repeated value in upper 1% tail
1993,155000.0,6,7.707822154850146e-05,152452.25000000015,False,True,repeated value in upper 1% tail
1993,156000.0,2,2.5692740516167158e-05,152452.25000000015,False,True,repeated value in upper 1% tail
1993,156500.0,2,2.5692740516167158e-05,152452.25000000015,False,True,repeated value in upper 1% tail
1993,157000.0,2,2.5692740516167158e-05,152452.25000000015,False,True,repeated value in upper 1% tail
1993,158000.0,2,2.5692740516167158e-05,152452.25000000015,False,True,repeated value in upper 1% tail
1993,158750.0,2,2.5692740516167158e-05,152452.25000000015,False,True,repeated value in upper 1% tail
1993,159000.0,2,2.5692740516167158e-05,152452.25000000015,False,True,repeated value in upper 1% tail
1993,160000.0,12,0.00015415644309700293,152452.25000000015,False,True,repeated value in upper 1% tail
1993,162000.0,2,2.5692740516167158e-05,152452.25000000015,False,True,repeated value in upper 1% tail
1993,162500.0,8,0.00010277096206466863,152452.25000000015,False,True,repeated value in upper 1% tail
1993,163333.33333333334,4,5.1385481032334316e-05,152452.25000000015,False,True,repeated value in upper 1% tail
1993,164000.0,2,2.5692740516167158e-05,152452.25000000015,False,True,repeated value in upper 1% tail
1993,165000.0,8,0.00010277096206466863,152452.25000000015,False,True,repeated value in upper 1% tail
1993,166666.66666666666,8,0.00010277096206466863,152452.25000000015,False,True,repeated value in upper 1% tail
1993,167000.0,3,3.853911077425073e-05,152452.25000000015,False,True,repeated value in upper 1% tail
1993,168000.0,2,2.5692740516167158e-05,152452.25000000015,False,True,repeated value in upper 1% tail
1993,170000.0,10,0.0001284637025808358,152452.25000000015,False,True,repeated value in upper 1% tail
1993,170666.66666666666,2,2.5692740516167158e-05,152452.25000000015,False,True,repeated value in upper 1% tail
1993,172000.0,2,2.5692740516167158e-05,152452.25000000015,False,True,repeated value in upper 1% tail
1993,172500.0,2,2.5692740516167158e-05,152452.25000000015,False,True,repeated value in upper 1% tail
1993,173000.0,2,2.5692740516167158e-05,152452.25000000015,False,True,repeated value in upper 1% tail
1993,173333.33333333334,4,5.1385481032334316e-05,152452.25000000015,False,True,repeated value in upper 1% tail
1993,175000.0,15,0.00019269555387125368,152452.25000000015,False,True,repeated value in upper 1% tail
1993,180000.0,25,0.00032115925645208944,152452.25000000015,False,True,repeated value in upper 1% tail
1993,181000.0,2,2.5692740516167158e-05,152452.25000000015,False,True,repeated value in upper 1% tail
1993,182500.0,3,3.853911077425073e-05,152452.25000000015,False,True,repeated value in upper 1% tail
1993,183000.0,2,2.5692740516167158e-05,152452.25000000015,False,True,repeated value in upper 1% tail
1993,183333.33333333334,4,5.1385481032334316e-05,152452.25000000015,False,True,repeated value in upper 1% tail
1993,190000.0,8,0.00010277096206466863,152452.25000000015,False,True,repeated value in upper 1% tail
1993,193333.33333333334,2,2.5692740516167158e-05,152452.25000000015,False,True,repeated value in upper 1% tail
1993,195000.0,5,6.42318512904179e-05,152452.25000000015,False,True,repeated value in upper 1% tail
1993,197000.0,2,2.5692740516167158e-05,152452.25000000015,False,True,repeated value in upper 1% tail
1993,197500.0,3,3.853911077425073e-05,152452.25000000015,False,True,repeated value in upper 1% tail
1993,198000.0,2,2.5692740516167158e-05,152452.25000000015,False,True,repeated value in upper 1% tail
1993,200000.0,34,0.00043677658877484165,152452.25000000015,False,True,repeated value in upper 1% tail
1993,201000.0,2,2.5692740516167158e-05,152452.25000000015,False,True,repeated value in upper 1% tail
1993,205000.0,6,7.707822154850146e-05,152452.25000000015,False,True,repeated value in upper 1% tail
1993,208000.0,2,2.5692740516167158e-05,152452.25000000015,False,True,repeated value in upper 1% tail
1993,208333.33333333334,2,2.5692740516167158e-05,152452.25000000015,False,True,repeated value in upper 1% tail
1993,210000.0,8,0.00010277096206466863,152452.25000000015,False,True,repeated value in upper 1% tail
1993,215000.0,8,0.00010277096206466863,152452.25000000015,False,True,repeated value in upper 1% tail
1993,217500.0,3,3.853911077425073e-05,152452.25000000015,False,True,repeated value in upper 1% tail
1993,220000.0,8,0.00010277096206466863,152452.25000000015,False,True,repeated value in upper 1% tail
1993,224500.0,2,2.5692740516167158e-05,152452.25000000015,False,True,repeated value in upper 1% tail
1993,225000.0,8,0.00010277096206466863,152452.25000000015,False,True,repeated value in upper 1% tail
1993,230000.0,4,5.1385481032334316e-05,152452.25000000015,False,True,repeated value in upper 1% tail
1993,237500.0,2,2.5692740516167158e-05,152452.25000000015,False,True,repeated value in upper 1% tail
1993,240000.0,6,7.707822154850146e-05,152452.25000000015,False,True,repeated value in upper 1% tail
1993,245000.0,2,2.5692740516167158e-05,152452.25000000015,False,True,repeated value in upper 1% tail
1993,250000.0,20,0.0002569274051616716,152452.25000000015,False,True,repeated value in upper 1% tail
1993,255000.0,2,2.5692740516167158e-05,152452.25000000015,False,True,repeated value in upper 1% tail
1993,260000.0,2,2.5692740516167158e-05,152452.25000000015,False,True,repeated value in upper 1% tail
1993,270000.0,3,3.853911077425073e-05,152452.25000000015,False,True,repeated value in upper 1% tail
1993,280000.0,5,6.42318512904179e-05,152452.25000000015,False,True,repeated value in upper 1% tail
1993,285000.0,2,2.5692740516167158e-05,152452.25000000015,False,True,repeated value in upper 1% tail
1993,300000.0,15,0.00019269555387125368,152452.25000000015,False,True,repeated value in upper 1% tail
1993,310000.0,2,2.5692740516167158e-05,152452.25000000015,False,True,repeated value in upper 1% tail
1993,312500.0,2,2.5692740516167158e-05,152452.25000000015,False,True,repeated value in upper 1% tail
1993,320000.0,5,6.42318512904179e-05,152452.25000000015,False,True,repeated value in upper 1% tail
1993,325000.0,7,8.992459180658505e-05,152452.25000000015,False,True,repeated value in upper 1% tail
1993,330000.0,3,3.853911077425073e-05,152452.25000000015,False,True,repeated value in upper 1% tail
1993,335000.0,2,2.5692740516167158e-05,152452.25000000015,False,True,repeated value in upper 1% tail
1993,350000.0,7,8.992459180658505e-05,152452.25000000015,False,True,repeated value in upper 1% tail
1993,375000.0,4,5.1385481032334316e-05,152452.25000000015,False,True,repeated value in upper 1% tail
1993,400000.0,4,5.1385481032334316e-05,152452.25000000015,False,True,repeated value in upper 1% tail
1993,425000.0,2,2.5692740516167158e-05,152452.25000000015,False,True,repeated value in upper 1% tail
1993,475000.0,2,2.5692740516167158e-05,152452.25000000015,False,True,repeated value in upper 1% tail
1993,500000.0,4,5.1385481032334316e-05,152452.25000000015,False,True,repeated value in upper 1% tail
1993,600000.0,3,3.853911077425073e-05,152452.25000000015,False,True,repeated value in upper 1% tail
1993,750000.0,2,2.5692740516167158e-05,152452.25000000015,False,True,repeated value in upper 1% tail
1993,800000.0,2,2.5692740516167158e-05,152452.25000000015,False,True,repeated value in upper 1% tail
1995,2166.6666666666665,6,7.189503325145288e-05,2166.6666666666665,False,True,repeated value in upper 1% tail
1995,2170.0,3,3.594751662572644e-05,2166.6666666666665,False,True,repeated value in upper 1% tail
1995,2175.0,6,7.189503325145288e-05,2166.6666666666665,False,True,repeated value in upper 1% tail
1995,2180.0,2,2.3965011083817625e-05,2166.6666666666665,False,True,repeated value in upper 1% tail
1995,2190.0,2,2.3965011083817625e-05,2166.6666666666665,False,True,repeated value in upper 1% tail
1995,2200.0,17,0.00020370259421244983,2166.6666666666665,False,True,repeated value in upper 1% tail
1995,2225.0,5,5.9912527709544064e-05,2166.6666666666665,False,True,repeated value in upper 1% tail
1995,2233.3333333333335,4,4.793002216763525e-05,2166.6666666666665,False,True,repeated value in upper 1% tail
1995,2237.5,2,2.3965011083817625e-05,2166.6666666666665,False,True,repeated value in upper 1% tail
1995,2250.0,15,0.0001797375831286322,2166.6666666666665,False,True,repeated value in upper 1% tail
1995,2273.3333333333335,2,2.3965011083817625e-05,2166.6666666666665,False,True,repeated value in upper 1% tail
1995,2290.0,2,2.3965011083817625e-05,2166.6666666666665,False,True,repeated value in upper 1% tail
1995,2300.0,26,0.00031154514408962916,2166.6666666666665,False,True,repeated value in upper 1% tail
1995,2333.3333333333335,8,9.58600443352705e-05,2166.6666666666665,False,True,repeated value in upper 1% tail
1995,2350.0,8,9.58600443352705e-05,2166.6666666666665,False,True,repeated value in upper 1% tail
1995,2360.0,3,3.594751662572644e-05,2166.6666666666665,False,True,repeated value in upper 1% tail
1995,2375.0,2,2.3965011083817625e-05,2166.6666666666665,False,True,repeated value in upper 1% tail
1995,2400.0,14,0.00016775507758672338,2166.6666666666665,False,True,repeated value in upper 1% tail
1995,2433.3333333333335,2,2.3965011083817625e-05,2166.6666666666665,False,True,repeated value in upper 1% tail
1995,2450.0,2,2.3965011083817625e-05,2166.6666666666665,False,True,repeated value in upper 1% tail
1995,2500.0,49,0.0005871427715535318,2166.6666666666665,False,True,repeated value in upper 1% tail
1995,2550.0,5,5.9912527709544064e-05,2166.6666666666665,False,True,repeated value in upper 1% tail
1995,2600.0,13,0.00015577257204481458,2166.6666666666665,False,True,repeated value in upper 1% tail
1995,2625.0,3,3.594751662572644e-05,2166.6666666666665,False,True,repeated value in upper 1% tail
1995,2650.0,5,5.9912527709544064e-05,2166.6666666666665,False,True,repeated value in upper 1% tail
1995,2666.6666666666665,4,4.793002216763525e-05,2166.6666666666665,False,True,repeated value in upper 1% tail
1995,2700.0,13,0.00015577257204481458,2166.6666666666665,False,True,repeated value in upper 1% tail
1995,2750.0,8,9.58600443352705e-05,2166.6666666666665,False,True,repeated value in upper 1% tail
1995,2768.0,2,2.3965011083817625e-05,2166.6666666666665,False,True,repeated value in upper 1% tail
1995,2780.0,2,2.3965011083817625e-05,2166.6666666666665,False,True,repeated value in upper 1% tail
1995,2800.0,11,0.00013180756096099695,2166.6666666666665,False,True,repeated value in upper 1% tail
1995,2833.3333333333335,3,3.594751662572644e-05,2166.6666666666665,False,True,repeated value in upper 1% tail
1995,2850.0,2,2.3965011083817625e-05,2166.6666666666665,False,True,repeated value in upper 1% tail
1995,2900.0,3,3.594751662572644e-05,2166.6666666666665,False,True,repeated value in upper 1% tail
1995,2940.0,2,2.3965011083817625e-05,2166.6666666666665,False,True,repeated value in upper 1% tail
1995,2950.0,2,2.3965011083817625e-05,2166.6666666666665,False,True,repeated value in upper 1% tail
1995,2975.0,2,2.3965011083817625e-05,2166.6666666666665,False,True,repeated value in upper 1% tail
1995,3000.0,43,0.000515247738302079,2166.6666666666665,False,True,repeated value in upper 1% tail
1995,3010.0,3,3.594751662572644e-05,2166.6666666666665,False,True,repeated value in upper 1% tail
1995,3050.0,5,5.9912527709544064e-05,2166.6666666666665,False,True,repeated value in upper 1% tail
1995,3100.0,5,5.9912527709544064e-05,2166.6666666666665,False,True,repeated value in upper 1% tail
1995,3125.0,2,2.3965011083817625e-05,2166.6666666666665,False,True,repeated value in upper 1% tail
1995,3150.0,3,3.594751662572644e-05,2166.6666666666665,False,True,repeated value in upper 1% tail
1995,3200.0,9,0.00010784254987717931,2166.6666666666665,False,True,repeated value in upper 1% tail
1995,3250.0,5,5.9912527709544064e-05,2166.6666666666665,False,True,repeated value in upper 1% tail
1995,3300.0,7,8.387753879336169e-05,2166.6666666666665,False,True,repeated value in upper 1% tail
1995,3333.3333333333335,8,9.58600443352705e-05,2166.6666666666665,False,True,repeated value in upper 1% tail
1995,3350.0,3,3.594751662572644e-05,2166.6666666666665,False,True,repeated value in upper 1% tail
1995,3466.6666666666665,2,2.3965011083817625e-05,2166.6666666666665,False,True,repeated value in upper 1% tail
1995,3500.0,14,0.00016775507758672338,2166.6666666666665,False,True,repeated value in upper 1% tail
1995,3550.0,4,4.793002216763525e-05,2166.6666666666665,False,True,repeated value in upper 1% tail
1995,3600.0,8,9.58600443352705e-05,2166.6666666666665,False,True,repeated value in upper 1% tail
1995,3693.3333333333335,2,2.3965011083817625e-05,2166.6666666666665,False,True,repeated value in upper 1% tail
1995,3750.0,4,4.793002216763525e-05,2166.6666666666665,False,True,repeated value in upper 1% tail
1995,4000.0,26,0.00031154514408962916,2166.6666666666665,False,True,repeated value in upper 1% tail
1995,4050.0,2,2.3965011083817625e-05,2166.6666666666665,False,True,repeated value in upper 1% tail
1995,4100.0,2,2.3965011083817625e-05,2166.6666666666665,False,True,repeated value in upper 1% tail
1995,4166.666666666667,2,2.3965011083817625e-05,2166.6666666666665,False,True,repeated value in upper 1% tail
1995,4200.0,2,2.3965011083817625e-05,2166.6666666666665,False,True,repeated value in upper 1% tail
1995,4250.0,4,4.793002216763525e-05,2166.6666666666665,False,True,repeated value in upper 1% tail
1995,4500.0,5,5.9912527709544064e-05,2166.6666666666665,False,True,repeated value in upper 1% tail
1995,4675.0,2,2.3965011083817625e-05,2166.6666666666665,False,True,repeated value in upper 1% tail
1995,4700.0,2,2.3965011083817625e-05,2166.6666666666665,False,True,repeated value in upper 1% tail
1995,4830.0,2,2.3965011083817625e-05,2166.6666666666665,False,True,repeated value in upper 1% tail
1995,4850.0,2,2.3965011083817625e-05,2166.6666666666665,False,True,repeated value in upper 1% tail
1995,4900.0,2,2.3965011083817625e-05,2166.6666666666665,False,True,repeated value in upper 1% tail
1995,5000.0,21,0.00025163261638008505,2166.6666666666665,False,True,repeated value in upper 1% tail
1995,5300.0,2,2.3965011083817625e-05,2166.6666666666665,False,True,repeated value in upper 1% tail
1995,5350.0,2,2.3965011083817625e-05,2166.6666666666665,False,True,repeated value in upper 1% tail
1995,5500.0,6,7.189503325145288e-05,2166.6666666666665,False,True,repeated value in upper 1% tail
1995,5600.0,2,2.3965011083817625e-05,2166.6666666666665,False,True,repeated value in upper 1% tail
1995,5800.0,3,3.594751662572644e-05,2166.6666666666665,False,True,repeated value in upper 1% tail
1995,5900.0,3,3.594751662572644e-05,2166.6666666666665,False,True,repeated value in upper 1% tail
1995,6000.0,10,0.00011982505541908813,2166.6666666666665,False,True,repeated value in upper 1% tail
1995,6200.0,3,3.594751662572644e-05,2166.6666666666665,False,True,repeated value in upper 1% tail
1995,6500.0,4,4.793002216763525e-05,2166.6666666666665,False,True,repeated value in upper 1% tail
1995,7000.0,3,3.594751662572644e-05,2166.6666666666665,False,True,repeated value in upper 1% tail
1995,8000.0,2,2.3965011083817625e-05,2166.6666666666665,False,True,repeated value in upper 1% tail
1995,9000.0,5,5.9912527709544064e-05,2166.6666666666665,False,True,repeated value in upper 1% tail
1995,10000.0,6,7.189503325145288e-05,2166.6666666666665,False,True,repeated value in upper 1% tail
1995,13000.0,2,2.3965011083817625e-05,2166.6666666666665,False,True,repeated value in upper 1% tail
1996,2441.0,2,2.422744727501787e-05,2430.75,False,True,repeated value in upper 1% tail
1996,2445.0,2,2.422744727501787e-05,2430.75,False,True,repeated value in upper 1% tail
1996,2450.0,3,3.6341170912526803e-05,2430.75,False,True,repeated value in upper 1% tail
1996,2466.6666666666665,2,2.422744727501787e-05,2430.75,False,True,repeated value in upper 1% tail
1996,2487.5,2,2.422744727501787e-05,2430.75,False,True,repeated value in upper 1% tail
1996,2493.3333333333335,2,2.422744727501787e-05,2430.75,False,True,repeated value in upper 1% tail
1996,2500.0,57,0.0006904822473380092,2430.75,False,True,repeated value in upper 1% tail
1996,2525.0,3,3.6341170912526803e-05,2430.75,False,True,repeated value in upper 1% tail
1996,2530.0,2,2.422744727501787e-05,2430.75,False,True,repeated value in upper 1% tail
1996,2533.3333333333335,2,2.422744727501787e-05,2430.75,False,True,repeated value in upper 1% tail
1996,2550.0,6,7.268234182505361e-05,2430.75,False,True,repeated value in upper 1% tail
1996,2556.0,2,2.422744727501787e-05,2430.75,False,True,repeated value in upper 1% tail
1996,2565.0,2,2.422744727501787e-05,2430.75,False,True,repeated value in upper 1% tail
1996,2566.6666666666665,2,2.422744727501787e-05,2430.75,False,True,repeated value in upper 1% tail
1996,2575.0,5,6.056861818754467e-05,2430.75,False,True,repeated value in upper 1% tail
1996,2595.0,2,2.422744727501787e-05,2430.75,False,True,repeated value in upper 1% tail
1996,2600.0,13,0.00015747840728761613,2430.75,False,True,repeated value in upper 1% tail
1996,2612.0,2,2.422744727501787e-05,2430.75,False,True,repeated value in upper 1% tail
1996,2625.0,3,3.6341170912526803e-05,2430.75,False,True,repeated value in upper 1% tail
1996,2650.0,5,6.056861818754467e-05,2430.75,False,True,repeated value in upper 1% tail
1996,2666.6666666666665,11,0.00013325096001259827,2430.75,False,True,repeated value in upper 1% tail
1996,2670.0,3,3.6341170912526803e-05,2430.75,False,True,repeated value in upper 1% tail
1996,2700.0,9,0.00010902351273758041,2430.75,False,True,repeated value in upper 1% tail
1996,2750.0,9,0.00010902351273758041,2430.75,False,True,repeated value in upper 1% tail
1996,2766.6666666666665,2,2.422744727501787e-05,2430.75,False,True,repeated value in upper 1% tail
1996,2780.0,2,2.422744727501787e-05,2430.75,False,True,repeated value in upper 1% tail
1996,2800.0,8,9.690978910007148e-05,2430.75,False,True,repeated value in upper 1% tail
1996,2807.5,2,2.422744727501787e-05,2430.75,False,True,repeated value in upper 1% tail
1996,2810.0,2,2.422744727501787e-05,2430.75,False,True,repeated value in upper 1% tail
1996,2833.3333333333335,3,3.6341170912526803e-05,2430.75,False,True,repeated value in upper 1% tail
1996,2866.6666666666665,2,2.422744727501787e-05,2430.75,False,True,repeated value in upper 1% tail
1996,2900.0,10,0.00012113723637508934,2430.75,False,True,repeated value in upper 1% tail
1996,2950.0,4,4.845489455003574e-05,2430.75,False,True,repeated value in upper 1% tail
1996,2966.6666666666665,2,2.422744727501787e-05,2430.75,False,True,repeated value in upper 1% tail
1996,2975.0,2,2.422744727501787e-05,2430.75,False,True,repeated value in upper 1% tail
1996,3000.0,58,0.0007025959709755182,2430.75,False,True,repeated value in upper 1% tail
1996,3010.0,3,3.6341170912526803e-05,2430.75,False,True,repeated value in upper 1% tail
1996,3020.0,2,2.422744727501787e-05,2430.75,False,True,repeated value in upper 1% tail
1996,3066.6666666666665,2,2.422744727501787e-05,2430.75,False,True,repeated value in upper 1% tail
1996,3070.0,3,3.6341170912526803e-05,2430.75,False,True,repeated value in upper 1% tail
1996,3100.0,7,8.479606546256254e-05,2430.75,False,True,repeated value in upper 1% tail
1996,3120.0,2,2.422744727501787e-05,2430.75,False,True,repeated value in upper 1% tail
1996,3139.0,2,2.422744727501787e-05,2430.75,False,True,repeated value in upper 1% tail
1996,3150.0,5,6.056861818754467e-05,2430.75,False,True,repeated value in upper 1% tail
1996,3175.0,4,4.845489455003574e-05,2430.75,False,True,repeated value in upper 1% tail
1996,3200.0,10,0.00012113723637508934,2430.75,False,True,repeated value in upper 1% tail
1996,3233.3333333333335,2,2.422744727501787e-05,2430.75,False,True,repeated value in upper 1% tail
1996,3235.0,2,2.422744727501787e-05,2430.75,False,True,repeated value in upper 1% tail
1996,3250.0,7,8.479606546256254e-05,2430.75,False,True,repeated value in upper 1% tail
1996,3300.0,9,0.00010902351273758041,2430.75,False,True,repeated value in upper 1% tail
1996,3325.0,2,2.422744727501787e-05,2430.75,False,True,repeated value in upper 1% tail
1996,3333.3333333333335,5,6.056861818754467e-05,2430.75,False,True,repeated value in upper 1% tail
1996,3335.0,2,2.422744727501787e-05,2430.75,False,True,repeated value in upper 1% tail
1996,3400.0,6,7.268234182505361e-05,2430.75,False,True,repeated value in upper 1% tail
1996,3450.0,2,2.422744727501787e-05,2430.75,False,True,repeated value in upper 1% tail
1996,3466.6666666666665,2,2.422744727501787e-05,2430.75,False,True,repeated value in upper 1% tail
1996,3500.0,25,0.00030284309093772335,2430.75,False,True,repeated value in upper 1% tail
1996,3510.0,2,2.422744727501787e-05,2430.75,False,True,repeated value in upper 1% tail
1996,3520.0,2,2.422744727501787e-05,2430.75,False,True,repeated value in upper 1% tail
1996,3550.0,2,2.422744727501787e-05,2430.75,False,True,repeated value in upper 1% tail
1996,3600.0,7,8.479606546256254e-05,2430.75,False,True,repeated value in upper 1% tail
1996,3650.0,4,4.845489455003574e-05,2430.75,False,True,repeated value in upper 1% tail
1996,3666.6666666666665,3,3.6341170912526803e-05,2430.75,False,True,repeated value in upper 1% tail
1996,3700.0,2,2.422744727501787e-05,2430.75,False,True,repeated value in upper 1% tail
1996,3720.0,2,2.422744727501787e-05,2430.75,False,True,repeated value in upper 1% tail
1996,3750.0,6,7.268234182505361e-05,2430.75,False,True,repeated value in upper 1% tail
1996,3800.0,7,8.479606546256254e-05,2430.75,False,True,repeated value in upper 1% tail
1996,3833.3333333333335,2,2.422744727501787e-05,2430.75,False,True,repeated value in upper 1% tail
1996,3900.0,4,4.845489455003574e-05,2430.75,False,True,repeated value in upper 1% tail
1996,4000.0,26,0.00031495681457523227,2430.75,False,True,repeated value in upper 1% tail
1996,4025.0,2,2.422744727501787e-05,2430.75,False,True,repeated value in upper 1% tail
1996,4050.0,3,3.6341170912526803e-05,2430.75,False,True,repeated value in upper 1% tail
1996,4100.0,4,4.845489455003574e-05,2430.75,False,True,repeated value in upper 1% tail
1996,4200.0,2,2.422744727501787e-05,2430.75,False,True,repeated value in upper 1% tail
1996,4250.0,4,4.845489455003574e-05,2430.75,False,True,repeated value in upper 1% tail
1996,4300.0,3,3.6341170912526803e-05,2430.75,False,True,repeated value in upper 1% tail
1996,4400.0,2,2.422744727501787e-05,2430.75,False,True,repeated value in upper 1% tail
1996,4475.0,2,2.422744727501787e-05,2430.75,False,True,repeated value in upper 1% tail
1996,4500.0,11,0.00013325096001259827,2430.75,False,True,repeated value in upper 1% tail
1996,4700.0,6,7.268234182505361e-05,2430.75,False,True,repeated value in upper 1% tail
1996,4750.0,5,6.056861818754467e-05,2430.75,False,True,repeated value in upper 1% tail
1996,4800.0,2,2.422744727501787e-05,2430.75,False,True,repeated value in upper 1% tail
1996,4900.0,2,2.422744727501787e-05,2430.75,False,True,repeated value in upper 1% tail
1996,5000.0,13,0.00015747840728761613,2430.75,False,True,repeated value in upper 1% tail
1996,5100.0,2,2.422744727501787e-05,2430.75,False,True,repeated value in upper 1% tail
1996,5400.0,2,2.422744727501787e-05,2430.75,False,True,repeated value in upper 1% tail
1996,5500.0,4,4.845489455003574e-05,2430.75,False,True,repeated value in upper 1% tail
1996,5750.0,2,2.422744727501787e-05,2430.75,False,True,repeated value in upper 1% tail
1996,6000.0,12,0.00014536468365010721,2430.75,False,True,repeated value in upper 1% tail
1996,6100.0,2,2.422744727501787e-05,2430.75,False,True,repeated value in upper 1% tail
1996,6500.0,3,3.6341170912526803e-05,2430.75,False,True,repeated value in upper 1% tail
1996,6600.0,2,2.422744727501787e-05,2430.75,False,True,repeated value in upper 1% tail
1996,7000.0,6,7.268234182505361e-05,2430.75,False,True,repeated value in upper 1% tail
1996,7500.0,3,3.6341170912526803e-05,2430.75,False,True,repeated value in upper 1% tail
1996,8000.0,3,3.6341170912526803e-05,2430.75,False,True,repeated value in upper 1% tail
1996,9000.0,5,6.056861818754467e-05,2430.75,False,True,repeated value in upper 1% tail
1996,10000.0,4,4.845489455003574e-05,2430.75,False,True,repeated value in upper 1% tail
1996,12000.0,2,2.422744727501787e-05,2430.75,False,True,repeated value in upper 1% tail
1997,2500.0,65,0.0007387371005137065,2500.0,False,True,repeated value in upper 1% tail
1997,2520.0,3,3.409555848524799e-05,2500.0,False,True,repeated value in upper 1% tail
1997,2525.0,2,2.273037232349866e-05,2500.0,False,True,repeated value in upper 1% tail
1997,2530.0,2,2.273037232349866e-05,2500.0,False,True,repeated value in upper 1% tail
1997,2540.0,3,3.409555848524799e-05,2500.0,False,True,repeated value in upper 1% tail
1997,2550.0,8,9.092148929399464e-05,2500.0,False,True,repeated value in upper 1% tail
1997,2556.5,2,2.273037232349866e-05,2500.0,False,True,repeated value in upper 1% tail
1997,2560.0,2,2.273037232349866e-05,2500.0,False,True,repeated value in upper 1% tail
1997,2566.6666666666665,4,4.546074464699732e-05,2500.0,False,True,repeated value in upper 1% tail
1997,2575.0,3,3.409555848524799e-05,2500.0,False,True,repeated value in upper 1% tail
1997,2600.0,13,0.00014774742010274127,2500.0,False,True,repeated value in upper 1% tail
1997,2620.0,2,2.273037232349866e-05,2500.0,False,True,repeated value in upper 1% tail
1997,2625.0,4,4.546074464699732e-05,2500.0,False,True,repeated value in upper 1% tail
1997,2650.0,2,2.273037232349866e-05,2500.0,False,True,repeated value in upper 1% tail
1997,2660.0,2,2.273037232349866e-05,2500.0,False,True,repeated value in upper 1% tail
1997,2666.6666666666665,7,7.95563031322453e-05,2500.0,False,True,repeated value in upper 1% tail
1997,2680.0,2,2.273037232349866e-05,2500.0,False,True,repeated value in upper 1% tail
1997,2695.0,2,2.273037232349866e-05,2500.0,False,True,repeated value in upper 1% tail
1997,2700.0,14,0.0001591126062644906,2500.0,False,True,repeated value in upper 1% tail
1997,2730.0,2,2.273037232349866e-05,2500.0,False,True,repeated value in upper 1% tail
1997,2733.3333333333335,3,3.409555848524799e-05,2500.0,False,True,repeated value in upper 1% tail
1997,2735.0,2,2.273037232349866e-05,2500.0,False,True,repeated value in upper 1% tail
1997,2750.0,17,0.0001932081647497386,2500.0,False,True,repeated value in upper 1% tail
1997,2766.6666666666665,3,3.409555848524799e-05,2500.0,False,True,repeated value in upper 1% tail
1997,2770.0,2,2.273037232349866e-05,2500.0,False,True,repeated value in upper 1% tail
1997,2800.0,10,0.0001136518616174933,2500.0,False,True,repeated value in upper 1% tail
1997,2833.3333333333335,3,3.409555848524799e-05,2500.0,False,True,repeated value in upper 1% tail
1997,2850.0,7,7.95563031322453e-05,2500.0,False,True,repeated value in upper 1% tail
1997,2866.6666666666665,4,4.546074464699732e-05,2500.0,False,True,repeated value in upper 1% tail
1997,2875.0,4,4.546074464699732e-05,2500.0,False,True,repeated value in upper 1% tail
1997,2880.0,2,2.273037232349866e-05,2500.0,False,True,repeated value in upper 1% tail
1997,2900.0,7,7.95563031322453e-05,2500.0,False,True,repeated value in upper 1% tail
1997,2905.0,2,2.273037232349866e-05,2500.0,False,True,repeated value in upper 1% tail
1997,2925.0,2,2.273037232349866e-05,2500.0,False,True,repeated value in upper 1% tail
1997,2940.0,2,2.273037232349866e-05,2500.0,False,True,repeated value in upper 1% tail
1997,2950.0,5,5.682593080874665e-05,2500.0,False,True,repeated value in upper 1% tail
1997,3000.0,76,0.000863754148292949,2500.0,False,True,repeated value in upper 1% tail
1997,3015.0,2,2.273037232349866e-05,2500.0,False,True,repeated value in upper 1% tail
1997,3050.0,3,3.409555848524799e-05,2500.0,False,True,repeated value in upper 1% tail
1997,3075.0,2,2.273037232349866e-05,2500.0,False,True,repeated value in upper 1% tail
1997,3100.0,7,7.95563031322453e-05,2500.0,False,True,repeated value in upper 1% tail
1997,3135.0,2,2.273037232349866e-05,2500.0,False,True,repeated value in upper 1% tail
1997,3150.0,5,5.682593080874665e-05,2500.0,False,True,repeated value in upper 1% tail
1997,3156.0,2,2.273037232349866e-05,2500.0,False,True,repeated value in upper 1% tail
1997,3166.6666666666665,2,2.273037232349866e-05,2500.0,False,True,repeated value in upper 1% tail
1997,3200.0,4,4.546074464699732e-05,2500.0,False,True,repeated value in upper 1% tail
1997,3210.0,2,2.273037232349866e-05,2500.0,False,True,repeated value in upper 1% tail
1997,3250.0,8,9.092148929399464e-05,2500.0,False,True,repeated value in upper 1% tail
1997,3300.0,8,9.092148929399464e-05,2500.0,False,True,repeated value in upper 1% tail
1997,3320.0,2,2.273037232349866e-05,2500.0,False,True,repeated value in upper 1% tail
1997,3333.3333333333335,9,0.00010228667545574397,2500.0,False,True,repeated value in upper 1% tail
1997,3350.0,6,6.819111697049598e-05,2500.0,False,True,repeated value in upper 1% tail
1997,3400.0,11,0.0001250170477792426,2500.0,False,True,repeated value in upper 1% tail
1997,3415.0,2,2.273037232349866e-05,2500.0,False,True,repeated value in upper 1% tail
1997,3425.0,2,2.273037232349866e-05,2500.0,False,True,repeated value in upper 1% tail
1997,3450.0,6,6.819111697049598e-05,2500.0,False,True,repeated value in upper 1% tail
1997,3493.3333333333335,2,2.273037232349866e-05,2500.0,False,True,repeated value in upper 1% tail
1997,3500.0,19,0.00021593853707323725,2500.0,False,True,repeated value in upper 1% tail
1997,3560.0,4,4.546074464699732e-05,2500.0,False,True,repeated value in upper 1% tail
1997,3600.0,3,3.409555848524799e-05,2500.0,False,True,repeated value in upper 1% tail
1997,3650.0,2,2.273037232349866e-05,2500.0,False,True,repeated value in upper 1% tail
1997,3666.6666666666665,4,4.546074464699732e-05,2500.0,False,True,repeated value in upper 1% tail
1997,3670.0,2,2.273037232349866e-05,2500.0,False,True,repeated value in upper 1% tail
1997,3700.0,6,6.819111697049598e-05,2500.0,False,True,repeated value in upper 1% tail
1997,3750.0,8,9.092148929399464e-05,2500.0,False,True,repeated value in upper 1% tail
1997,3800.0,3,3.409555848524799e-05,2500.0,False,True,repeated value in upper 1% tail
1997,3840.0,2,2.273037232349866e-05,2500.0,False,True,repeated value in upper 1% tail
1997,3850.0,2,2.273037232349866e-05,2500.0,False,True,repeated value in upper 1% tail
1997,3900.0,4,4.546074464699732e-05,2500.0,False,True,repeated value in upper 1% tail
1997,4000.0,32,0.00036368595717597854,2500.0,False,True,repeated value in upper 1% tail
1997,4100.0,8,9.092148929399464e-05,2500.0,False,True,repeated value in upper 1% tail
1997,4150.0,3,3.409555848524799e-05,2500.0,False,True,repeated value in upper 1% tail
1997,4200.0,5,5.682593080874665e-05,2500.0,False,True,repeated value in upper 1% tail
1997,4250.0,5,5.682593080874665e-05,2500.0,False,True,repeated value in upper 1% tail
1997,4300.0,2,2.273037232349866e-05,2500.0,False,True,repeated value in upper 1% tail
1997,4400.0,5,5.682593080874665e-05,2500.0,False,True,repeated value in upper 1% tail
1997,4450.0,2,2.273037232349866e-05,2500.0,False,True,repeated value in upper 1% tail
1997,4500.0,15,0.00017047779242623993,2500.0,False,True,repeated value in upper 1% tail
1997,4600.0,4,4.546074464699732e-05,2500.0,False,True,repeated value in upper 1% tail
1997,4750.0,4,4.546074464699732e-05,2500.0,False,True,repeated value in upper 1% tail
1997,4760.0,2,2.273037232349866e-05,2500.0,False,True,repeated value in upper 1% tail
1997,4800.0,4,4.546074464699732e-05,2500.0,False,True,repeated value in upper 1% tail
1997,5000.0,20,0.0002273037232349866,2500.0,False,True,repeated value in upper 1% tail
1997,5100.0,3,3.409555848524799e-05,2500.0,False,True,repeated value in upper 1% tail
1997,5200.0,5,5.682593080874665e-05,2500.0,False,True,repeated value in upper 1% tail
1997,5250.0,3,3.409555848524799e-05,2500.0,False,True,repeated value in upper 1% tail
1997,5300.0,4,4.546074464699732e-05,2500.0,False,True,repeated value in upper 1% tail
1997,5400.0,3,3.409555848524799e-05,2500.0,False,True,repeated value in upper 1% tail
1997,5500.0,8,9.092148929399464e-05,2500.0,False,True,repeated value in upper 1% tail
1997,5600.0,3,3.409555848524799e-05,2500.0,False,True,repeated value in upper 1% tail
1997,5750.0,3,3.409555848524799e-05,2500.0,False,True,repeated value in upper 1% tail
1997,6000.0,11,0.0001250170477792426,2500.0,False,True,repeated value in upper 1% tail
1997,6100.0,2,2.273037232349866e-05,2500.0,False,True,repeated value in upper 1% tail
1997,6500.0,2,2.273037232349866e-05,2500.0,False,True,repeated value in upper 1% tail
1997,6666.666666666667,2,2.273037232349866e-05,2500.0,False,True,repeated value in upper 1% tail
1997,7000.0,9,0.00010228667545574397,2500.0,False,True,repeated value in upper 1% tail
1997,7800.0,3,3.409555848524799e-05,2500.0,False,True,repeated value in upper 1% tail
1997,8000.0,5,5.682593080874665e-05,2500.0,False,True,repeated value in upper 1% tail
1997,8500.0,3,3.409555848524799e-05,2500.0,False,True,repeated value in upper 1% tail
1997,8900.0,2,2.273037232349866e-05,2500.0,False,True,repeated value in upper 1% tail
1997,9400.0,2,2.273037232349866e-05,2500.0,False,True,repeated value in upper 1% tail
1997,10000.0,7,7.95563031322453e-05,2500.0,False,True,repeated value in upper 1% tail
1997,10500.0,2,2.273037232349866e-05,2500.0,False,True,repeated value in upper 1% tail
1997,11000.0,4,4.546074464699732e-05,2500.0,False,True,repeated value in upper 1% tail
1998,2775.0,3,3.387457374494704e-05,2767.9874999999993,False,True,repeated value in upper 1% tail
1998,2800.0,18,0.00020324744246968225,2767.9874999999993,False,True,repeated value in upper 1% tail
1998,2801.0,2,2.258304916329803e-05,2767.9874999999993,False,True,repeated value in upper 1% tail
1998,2802.0,2,2.258304916329803e-05,2767.9874999999993,False,True,repeated value in upper 1% tail
1998,2830.0,2,2.258304916329803e-05,2767.9874999999993,False,True,repeated value in upper 1% tail
1998,2833.3333333333335,2,2.258304916329803e-05,2767.9874999999993,False,True,repeated value in upper 1% tail
1998,2850.0,3,3.387457374494704e-05,2767.9874999999993,False,True,repeated value in upper 1% tail
1998,2860.0,2,2.258304916329803e-05,2767.9874999999993,False,True,repeated value in upper 1% tail
1998,2866.6666666666665,4,4.516609832659606e-05,2767.9874999999993,False,True,repeated value in upper 1% tail
1998,2875.0,2,2.258304916329803e-05,2767.9874999999993,False,True,repeated value in upper 1% tail
1998,2890.0,2,2.258304916329803e-05,2767.9874999999993,False,True,repeated value in upper 1% tail
1998,2900.0,12,0.00013549829497978816,2767.9874999999993,False,True,repeated value in upper 1% tail
1998,2950.0,9,0.00010162372123484112,2767.9874999999993,False,True,repeated value in upper 1% tail
1998,2963.3333333333335,2,2.258304916329803e-05,2767.9874999999993,False,True,repeated value in upper 1% tail
1998,3000.0,73,0.000824281294460378,2767.9874999999993,False,True,repeated value in upper 1% tail
1998,3020.0,2,2.258304916329803e-05,2767.9874999999993,False,True,repeated value in upper 1% tail
1998,3025.0,4,4.516609832659606e-05,2767.9874999999993,False,True,repeated value in upper 1% tail
1998,3050.0,3,3.387457374494704e-05,2767.9874999999993,False,True,repeated value in upper 1% tail
1998,3060.0,2,2.258304916329803e-05,2767.9874999999993,False,True,repeated value in upper 1% tail
1998,3066.6666666666665,2,2.258304916329803e-05,2767.9874999999993,False,True,repeated value in upper 1% tail
1998,3090.0,2,2.258304916329803e-05,2767.9874999999993,False,True,repeated value in upper 1% tail
1998,3100.0,10,0.00011291524581649014,2767.9874999999993,False,True,repeated value in upper 1% tail
1998,3150.0,5,5.645762290824507e-05,2767.9874999999993,False,True,repeated value in upper 1% tail
1998,3166.6666666666665,2,2.258304916329803e-05,2767.9874999999993,False,True,repeated value in upper 1% tail
1998,3200.0,20,0.00022583049163298028,2767.9874999999993,False,True,repeated value in upper 1% tail
1998,3215.0,2,2.258304916329803e-05,2767.9874999999993,False,True,repeated value in upper 1% tail
1998,3225.0,3,3.387457374494704e-05,2767.9874999999993,False,True,repeated value in upper 1% tail
1998,3240.0,3,3.387457374494704e-05,2767.9874999999993,False,True,repeated value in upper 1% tail
1998,3250.0,9,0.00010162372123484112,2767.9874999999993,False,True,repeated value in upper 1% tail
1998,3266.6666666666665,2,2.258304916329803e-05,2767.9874999999993,False,True,repeated value in upper 1% tail
1998,3300.0,8,9.033219665319212e-05,2767.9874999999993,False,True,repeated value in upper 1% tail
1998,3305.0,2,2.258304916329803e-05,2767.9874999999993,False,True,repeated value in upper 1% tail
1998,3324.0,2,2.258304916329803e-05,2767.9874999999993,False,True,repeated value in upper 1% tail
1998,3333.3333333333335,7,7.90406720715431e-05,2767.9874999999993,False,True,repeated value in upper 1% tail
1998,3350.0,2,2.258304916329803e-05,2767.9874999999993,False,True,repeated value in upper 1% tail
1998,3360.0,3,3.387457374494704e-05,2767.9874999999993,False,True,repeated value in upper 1% tail
1998,3390.0,3,3.387457374494704e-05,2767.9874999999993,False,True,repeated value in upper 1% tail
1998,3400.0,9,0.00010162372123484112,2767.9874999999993,False,True,repeated value in upper 1% tail
1998,3430.0,2,2.258304916329803e-05,2767.9874999999993,False,True,repeated value in upper 1% tail
1998,3433.3333333333335,3,3.387457374494704e-05,2767.9874999999993,False,True,repeated value in upper 1% tail
1998,3450.0,2,2.258304916329803e-05,2767.9874999999993,False,True,repeated value in upper 1% tail
1998,3466.6666666666665,3,3.387457374494704e-05,2767.9874999999993,False,True,repeated value in upper 1% tail
1998,3475.0,2,2.258304916329803e-05,2767.9874999999993,False,True,repeated value in upper 1% tail
1998,3500.0,35,0.0003952033603577155,2767.9874999999993,False,True,repeated value in upper 1% tail
1998,3533.3333333333335,3,3.387457374494704e-05,2767.9874999999993,False,True,repeated value in upper 1% tail
1998,3550.0,2,2.258304916329803e-05,2767.9874999999993,False,True,repeated value in upper 1% tail
1998,3600.0,8,9.033219665319212e-05,2767.9874999999993,False,True,repeated value in upper 1% tail
1998,3700.0,2,2.258304916329803e-05,2767.9874999999993,False,True,repeated value in upper 1% tail
1998,3750.0,8,9.033219665319212e-05,2767.9874999999993,False,True,repeated value in upper 1% tail
1998,3800.0,16,0.00018066439330638424,2767.9874999999993,False,True,repeated value in upper 1% tail
1998,3825.0,2,2.258304916329803e-05,2767.9874999999993,False,True,repeated value in upper 1% tail
1998,3833.3333333333335,3,3.387457374494704e-05,2767.9874999999993,False,True,repeated value in upper 1% tail
1998,3866.6666666666665,2,2.258304916329803e-05,2767.9874999999993,False,True,repeated value in upper 1% tail
1998,3900.0,3,3.387457374494704e-05,2767.9874999999993,False,True,repeated value in upper 1% tail
1998,4000.0,30,0.0003387457374494704,2767.9874999999993,False,True,repeated value in upper 1% tail
1998,4050.0,4,4.516609832659606e-05,2767.9874999999993,False,True,repeated value in upper 1% tail
1998,4100.0,6,6.774914748989408e-05,2767.9874999999993,False,True,repeated value in upper 1% tail
1998,4115.0,2,2.258304916329803e-05,2767.9874999999993,False,True,repeated value in upper 1% tail
1998,4125.0,2,2.258304916329803e-05,2767.9874999999993,False,True,repeated value in upper 1% tail
1998,4150.0,3,3.387457374494704e-05,2767.9874999999993,False,True,repeated value in upper 1% tail
1998,4200.0,13,0.0001467898195614372,2767.9874999999993,False,True,repeated value in upper 1% tail
1998,4250.0,2,2.258304916329803e-05,2767.9874999999993,False,True,repeated value in upper 1% tail
1998,4275.0,2,2.258304916329803e-05,2767.9874999999993,False,True,repeated value in upper 1% tail
1998,4300.0,6,6.774914748989408e-05,2767.9874999999993,False,True,repeated value in upper 1% tail
1998,4333.333333333333,3,3.387457374494704e-05,2767.9874999999993,False,True,repeated value in upper 1% tail
1998,4500.0,15,0.0001693728687247352,2767.9874999999993,False,True,repeated value in upper 1% tail
1998,4550.0,3,3.387457374494704e-05,2767.9874999999993,False,True,repeated value in upper 1% tail
1998,4600.0,5,5.645762290824507e-05,2767.9874999999993,False,True,repeated value in upper 1% tail
1998,4700.0,5,5.645762290824507e-05,2767.9874999999993,False,True,repeated value in upper 1% tail
1998,4825.0,2,2.258304916329803e-05,2767.9874999999993,False,True,repeated value in upper 1% tail
1998,4900.0,4,4.516609832659606e-05,2767.9874999999993,False,True,repeated value in upper 1% tail
1998,4950.0,2,2.258304916329803e-05,2767.9874999999993,False,True,repeated value in upper 1% tail
1998,5000.0,23,0.00025970506537792735,2767.9874999999993,False,True,repeated value in upper 1% tail
1998,5100.0,3,3.387457374494704e-05,2767.9874999999993,False,True,repeated value in upper 1% tail
1998,5250.0,2,2.258304916329803e-05,2767.9874999999993,False,True,repeated value in upper 1% tail
1998,5300.0,2,2.258304916329803e-05,2767.9874999999993,False,True,repeated value in upper 1% tail
1998,5400.0,3,3.387457374494704e-05,2767.9874999999993,False,True,repeated value in upper 1% tail
1998,5500.0,9,0.00010162372123484112,2767.9874999999993,False,True,repeated value in upper 1% tail
1998,5750.0,2,2.258304916329803e-05,2767.9874999999993,False,True,repeated value in upper 1% tail
1998,5800.0,5,5.645762290824507e-05,2767.9874999999993,False,True,repeated value in upper 1% tail
1998,5900.0,2,2.258304916329803e-05,2767.9874999999993,False,True,repeated value in upper 1% tail
1998,5950.0,2,2.258304916329803e-05,2767.9874999999993,False,True,repeated value in upper 1% tail
1998,6000.0,14,0.0001580813441430862,2767.9874999999993,False,True,repeated value in upper 1% tail
1998,6100.0,2,2.258304916329803e-05,2767.9874999999993,False,True,repeated value in upper 1% tail
1998,6425.0,2,2.258304916329803e-05,2767.9874999999993,False,True,repeated value in upper 1% tail
1998,6450.0,2,2.258304916329803e-05,2767.9874999999993,False,True,repeated value in upper 1% tail
1998,6500.0,4,4.516609832659606e-05,2767.9874999999993,False,True,repeated value in upper 1% tail
1998,6650.0,2,2.258304916329803e-05,2767.9874999999993,False,True,repeated value in upper 1% tail
1998,6666.666666666667,2,2.258304916329803e-05,2767.9874999999993,False,True,repeated value in upper 1% tail
1998,6716.666666666667,2,2.258304916329803e-05,2767.9874999999993,False,True,repeated value in upper 1% tail
1998,6800.0,2,2.258304916329803e-05,2767.9874999999993,False,True,repeated value in upper 1% tail
1998,6950.0,2,2.258304916329803e-05,2767.9874999999993,False,True,repeated value in upper 1% tail
1998,7000.0,7,7.90406720715431e-05,2767.9874999999993,False,True,repeated value in upper 1% tail
1998,7200.0,2,2.258304916329803e-05,2767.9874999999993,False,True,repeated value in upper 1% tail
1998,7500.0,3,3.387457374494704e-05,2767.9874999999993,False,True,repeated value in upper 1% tail
1998,7600.0,4,4.516609832659606e-05,2767.9874999999993,False,True,repeated value in upper 1% tail
1998,8000.0,3,3.387457374494704e-05,2767.9874999999993,False,True,repeated value in upper 1% tail
1998,8500.0,4,4.516609832659606e-05,2767.9874999999993,False,True,repeated value in upper 1% tail
1998,9000.0,3,3.387457374494704e-05,2767.9874999999993,False,True,repeated value in upper 1% tail
1998,10000.0,5,5.645762290824507e-05,2767.9874999999993,False,True,repeated value in upper 1% tail
1998,10500.0,2,2.258304916329803e-05,2767.9874999999993,False,True,repeated value in upper 1% tail
1998,16000.0,2,2.258304916329803e-05,2767.9874999999993,False,True,repeated value in upper 1% tail
1999,2666.6666666666665,17,0.0001853123603344343,2666.6666666666665,False,True,repeated value in upper 1% tail
1999,2675.0,4,4.360290831398454e-05,2666.6666666666665,False,True,repeated value in upper 1% tail
1999,2700.0,8,8.720581662796908e-05,2666.6666666666665,False,True,repeated value in upper 1% tail
1999,2720.0,3,3.270218123548841e-05,2666.6666666666665,False,True,repeated value in upper 1% tail
1999,2725.0,3,3.270218123548841e-05,2666.6666666666665,False,True,repeated value in upper 1% tail
1999,2740.0,2,2.180145415699227e-05,2666.6666666666665,False,True,repeated value in upper 1% tail
1999,2750.0,15,0.00016351090617744204,2666.6666666666665,False,True,repeated value in upper 1% tail
1999,2766.6666666666665,2,2.180145415699227e-05,2666.6666666666665,False,True,repeated value in upper 1% tail
1999,2768.0,2,2.180145415699227e-05,2666.6666666666665,False,True,repeated value in upper 1% tail
1999,2775.0,2,2.180145415699227e-05,2666.6666666666665,False,True,repeated value in upper 1% tail
1999,2790.0,2,2.180145415699227e-05,2666.6666666666665,False,True,repeated value in upper 1% tail
1999,2800.0,17,0.0001853123603344343,2666.6666666666665,False,True,repeated value in upper 1% tail
1999,2833.3333333333335,2,2.180145415699227e-05,2666.6666666666665,False,True,repeated value in upper 1% tail
1999,2850.0,2,2.180145415699227e-05,2666.6666666666665,False,True,repeated value in upper 1% tail
1999,2900.0,13,0.00014170945202044975,2666.6666666666665,False,True,repeated value in upper 1% tail
1999,2925.0,3,3.270218123548841e-05,2666.6666666666665,False,True,repeated value in upper 1% tail
1999,2940.0,2,2.180145415699227e-05,2666.6666666666665,False,True,repeated value in upper 1% tail
1999,2950.0,3,3.270218123548841e-05,2666.6666666666665,False,True,repeated value in upper 1% tail
1999,2966.6666666666665,2,2.180145415699227e-05,2666.6666666666665,False,True,repeated value in upper 1% tail
1999,2975.0,2,2.180145415699227e-05,2666.6666666666665,False,True,repeated value in upper 1% tail
1999,3000.0,61,0.0006649443517882643,2666.6666666666665,False,True,repeated value in upper 1% tail
1999,3010.0,2,2.180145415699227e-05,2666.6666666666665,False,True,repeated value in upper 1% tail
1999,3015.0,2,2.180145415699227e-05,2666.6666666666665,False,True,repeated value in upper 1% tail
1999,3050.0,7,7.630508954947295e-05,2666.6666666666665,False,True,repeated value in upper 1% tail
1999,3080.0,2,2.180145415699227e-05,2666.6666666666665,False,True,repeated value in upper 1% tail
1999,3100.0,14,0.0001526101790989459,2666.6666666666665,False,True,repeated value in upper 1% tail
1999,3125.0,2,2.180145415699227e-05,2666.6666666666665,False,True,repeated value in upper 1% tail
1999,3150.0,8,8.720581662796908e-05,2666.6666666666665,False,True,repeated value in upper 1% tail
1999,3166.6666666666665,2,2.180145415699227e-05,2666.6666666666665,False,True,repeated value in upper 1% tail
1999,3200.0,16,0.00017441163325593816,2666.6666666666665,False,True,repeated value in upper 1% tail
1999,3230.0,2,2.180145415699227e-05,2666.6666666666665,False,True,repeated value in upper 1% tail
1999,3250.0,8,8.720581662796908e-05,2666.6666666666665,False,True,repeated value in upper 1% tail
1999,3266.6666666666665,2,2.180145415699227e-05,2666.6666666666665,False,True,repeated value in upper 1% tail
1999,3300.0,8,8.720581662796908e-05,2666.6666666666665,False,True,repeated value in upper 1% tail
1999,3333.3333333333335,9,9.810654370646523e-05,2666.6666666666665,False,True,repeated value in upper 1% tail
1999,3350.0,4,4.360290831398454e-05,2666.6666666666665,False,True,repeated value in upper 1% tail
1999,3375.0,3,3.270218123548841e-05,2666.6666666666665,False,True,repeated value in upper 1% tail
1999,3400.0,10,0.00010900727078496136,2666.6666666666665,False,True,repeated value in upper 1% tail
1999,3433.3333333333335,3,3.270218123548841e-05,2666.6666666666665,False,True,repeated value in upper 1% tail
1999,3450.0,2,2.180145415699227e-05,2666.6666666666665,False,True,repeated value in upper 1% tail
1999,3500.0,32,0.0003488232665118763,2666.6666666666665,False,True,repeated value in upper 1% tail
1999,3525.0,2,2.180145415699227e-05,2666.6666666666665,False,True,repeated value in upper 1% tail
1999,3566.6666666666665,3,3.270218123548841e-05,2666.6666666666665,False,True,repeated value in upper 1% tail
1999,3600.0,14,0.0001526101790989459,2666.6666666666665,False,True,repeated value in upper 1% tail
1999,3650.0,3,3.270218123548841e-05,2666.6666666666665,False,True,repeated value in upper 1% tail
1999,3666.6666666666665,2,2.180145415699227e-05,2666.6666666666665,False,True,repeated value in upper 1% tail
1999,3700.0,6,6.540436247097682e-05,2666.6666666666665,False,True,repeated value in upper 1% tail
1999,3725.0,2,2.180145415699227e-05,2666.6666666666665,False,True,repeated value in upper 1% tail
1999,3750.0,8,8.720581662796908e-05,2666.6666666666665,False,True,repeated value in upper 1% tail
1999,3800.0,11,0.00011990799786345749,2666.6666666666665,False,True,repeated value in upper 1% tail
1999,3825.0,2,2.180145415699227e-05,2666.6666666666665,False,True,repeated value in upper 1% tail
1999,3833.3333333333335,2,2.180145415699227e-05,2666.6666666666665,False,True,repeated value in upper 1% tail
1999,3850.0,3,3.270218123548841e-05,2666.6666666666665,False,True,repeated value in upper 1% tail
1999,3900.0,4,4.360290831398454e-05,2666.6666666666665,False,True,repeated value in upper 1% tail
1999,3920.0,2,2.180145415699227e-05,2666.6666666666665,False,True,repeated value in upper 1% tail
1999,3933.3333333333335,3,3.270218123548841e-05,2666.6666666666665,False,True,repeated value in upper 1% tail
1999,4000.0,33,0.00035972399359037247,2666.6666666666665,False,True,repeated value in upper 1% tail
1999,4100.0,7,7.630508954947295e-05,2666.6666666666665,False,True,repeated value in upper 1% tail
1999,4200.0,5,5.450363539248068e-05,2666.6666666666665,False,True,repeated value in upper 1% tail
1999,4250.0,7,7.630508954947295e-05,2666.6666666666665,False,True,repeated value in upper 1% tail
1999,4300.0,7,7.630508954947295e-05,2666.6666666666665,False,True,repeated value in upper 1% tail
1999,4375.0,2,2.180145415699227e-05,2666.6666666666665,False,True,repeated value in upper 1% tail
1999,4400.0,4,4.360290831398454e-05,2666.6666666666665,False,True,repeated value in upper 1% tail
1999,4443.0,2,2.180145415699227e-05,2666.6666666666665,False,True,repeated value in upper 1% tail
1999,4500.0,12,0.00013080872494195363,2666.6666666666665,False,True,repeated value in upper 1% tail
1999,4550.0,3,3.270218123548841e-05,2666.6666666666665,False,True,repeated value in upper 1% tail
1999,4580.0,2,2.180145415699227e-05,2666.6666666666665,False,True,repeated value in upper 1% tail
1999,4600.0,6,6.540436247097682e-05,2666.6666666666665,False,True,repeated value in upper 1% tail
1999,4700.0,3,3.270218123548841e-05,2666.6666666666665,False,True,repeated value in upper 1% tail
1999,4750.0,3,3.270218123548841e-05,2666.6666666666665,False,True,repeated value in upper 1% tail
1999,4800.0,4,4.360290831398454e-05,2666.6666666666665,False,True,repeated value in upper 1% tail
1999,4900.0,3,3.270218123548841e-05,2666.6666666666665,False,True,repeated value in upper 1% tail
1999,5000.0,34,0.0003706247206688686,2666.6666666666665,False,True,repeated value in upper 1% tail
1999,5050.0,2,2.180145415699227e-05,2666.6666666666665,False,True,repeated value in upper 1% tail
1999,5100.0,2,2.180145415699227e-05,2666.6666666666665,False,True,repeated value in upper 1% tail
1999,5200.0,7,7.630508954947295e-05,2666.6666666666665,False,True,repeated value in upper 1% tail
1999,5300.0,3,3.270218123548841e-05,2666.6666666666665,False,True,repeated value in upper 1% tail
1999,5400.0,2,2.180145415699227e-05,2666.6666666666665,False,True,repeated value in upper 1% tail
1999,5500.0,7,7.630508954947295e-05,2666.6666666666665,False,True,repeated value in upper 1% tail
1999,5600.0,3,3.270218123548841e-05,2666.6666666666665,False,True,repeated value in upper 1% tail
1999,5700.0,4,4.360290831398454e-05,2666.6666666666665,False,True,repeated value in upper 1% tail
1999,5800.0,3,3.270218123548841e-05,2666.6666666666665,False,True,repeated value in upper 1% tail
1999,6000.0,15,0.00016351090617744204,2666.6666666666665,False,True,repeated value in upper 1% tail
1999,6200.0,2,2.180145415699227e-05,2666.6666666666665,False,True,repeated value in upper 1% tail
1999,6300.0,2,2.180145415699227e-05,2666.6666666666665,False,True,repeated value in upper 1% tail
1999,6375.0,2,2.180145415699227e-05,2666.6666666666665,False,True,repeated value in upper 1% tail
1999,6400.0,2,2.180145415699227e-05,2666.6666666666665,False,True,repeated value in upper 1% tail
1999,6500.0,3,3.270218123548841e-05,2666.6666666666665,False,True,repeated value in upper 1% tail
1999,7000.0,19,0.00020711381449142657,2666.6666666666665,False,True,repeated value in upper 1% tail
1999,8000.0,8,8.720581662796908e-05,2666.6666666666665,False,True,repeated value in upper 1% tail
1999,8850.0,2,2.180145415699227e-05,2666.6666666666665,False,True,repeated value in upper 1% tail
1999,9000.0,5,5.450363539248068e-05,2666.6666666666665,False,True,repeated value in upper 1% tail
1999,10000.0,5,5.450363539248068e-05,2666.6666666666665,False,True,repeated value in upper 1% tail
1999,10400.0,2,2.180145415699227e-05,2666.6666666666665,False,True,repeated value in upper 1% tail
2001,3150.0,5,4.9298482592705796e-05,3150.0,False,True,repeated value in upper 1% tail
2001,3166.6666666666665,2,1.971939303708232e-05,3150.0,False,True,repeated value in upper 1% tail
2001,3175.0,2,1.971939303708232e-05,3150.0,False,True,repeated value in upper 1% tail
2001,3200.0,15,0.0001478954477781174,3150.0,False,True,repeated value in upper 1% tail
2001,3225.0,2,1.971939303708232e-05,3150.0,False,True,repeated value in upper 1% tail
2001,3240.0,2,1.971939303708232e-05,3150.0,False,True,repeated value in upper 1% tail
2001,3250.0,18,0.00017747453733374087,3150.0,False,True,repeated value in upper 1% tail
2001,3260.0,2,1.971939303708232e-05,3150.0,False,True,repeated value in upper 1% tail
2001,3270.0,2,1.971939303708232e-05,3150.0,False,True,repeated value in upper 1% tail
2001,3280.0,2,1.971939303708232e-05,3150.0,False,True,repeated value in upper 1% tail
2001,3300.0,15,0.0001478954477781174,3150.0,False,True,repeated value in upper 1% tail
2001,3333.3333333333335,20,0.00019719393037082318,3150.0,False,True,repeated value in upper 1% tail
2001,3340.0,2,1.971939303708232e-05,3150.0,False,True,repeated value in upper 1% tail
2001,3400.0,15,0.0001478954477781174,3150.0,False,True,repeated value in upper 1% tail
2001,3433.3333333333335,5,4.9298482592705796e-05,3150.0,False,True,repeated value in upper 1% tail
2001,3450.0,2,1.971939303708232e-05,3150.0,False,True,repeated value in upper 1% tail
2001,3500.0,44,0.000433826646815811,3150.0,False,True,repeated value in upper 1% tail
2001,3545.0,2,1.971939303708232e-05,3150.0,False,True,repeated value in upper 1% tail
2001,3566.6666666666665,2,1.971939303708232e-05,3150.0,False,True,repeated value in upper 1% tail
2001,3590.0,3,2.957908955562348e-05,3150.0,False,True,repeated value in upper 1% tail
2001,3600.0,8,7.887757214832928e-05,3150.0,False,True,repeated value in upper 1% tail
2001,3666.6666666666665,6,5.915817911124696e-05,3150.0,False,True,repeated value in upper 1% tail
2001,3700.0,12,0.00011831635822249391,3150.0,False,True,repeated value in upper 1% tail
2001,3750.0,18,0.00017747453733374087,3150.0,False,True,repeated value in upper 1% tail
2001,3766.6666666666665,2,1.971939303708232e-05,3150.0,False,True,repeated value in upper 1% tail
2001,3800.0,18,0.00017747453733374087,3150.0,False,True,repeated value in upper 1% tail
2001,3840.0,2,1.971939303708232e-05,3150.0,False,True,repeated value in upper 1% tail
2001,3850.0,6,5.915817911124696e-05,3150.0,False,True,repeated value in upper 1% tail
2001,3900.0,7,6.901787562978811e-05,3150.0,False,True,repeated value in upper 1% tail
2001,3925.0,2,1.971939303708232e-05,3150.0,False,True,repeated value in upper 1% tail
2001,4000.0,62,0.0006113011841495519,3150.0,False,True,repeated value in upper 1% tail
2001,4025.0,3,2.957908955562348e-05,3150.0,False,True,repeated value in upper 1% tail
2001,4040.0,3,2.957908955562348e-05,3150.0,False,True,repeated value in upper 1% tail
2001,4050.0,5,4.9298482592705796e-05,3150.0,False,True,repeated value in upper 1% tail
2001,4090.0,3,2.957908955562348e-05,3150.0,False,True,repeated value in upper 1% tail
2001,4100.0,5,4.9298482592705796e-05,3150.0,False,True,repeated value in upper 1% tail
2001,4125.0,4,3.943878607416464e-05,3150.0,False,True,repeated value in upper 1% tail
2001,4133.333333333333,2,1.971939303708232e-05,3150.0,False,True,repeated value in upper 1% tail
2001,4150.0,7,6.901787562978811e-05,3150.0,False,True,repeated value in upper 1% tail
2001,4166.666666666667,3,2.957908955562348e-05,3150.0,False,True,repeated value in upper 1% tail
2001,4200.0,7,6.901787562978811e-05,3150.0,False,True,repeated value in upper 1% tail
2001,4250.0,5,4.9298482592705796e-05,3150.0,False,True,repeated value in upper 1% tail
2001,4275.0,2,1.971939303708232e-05,3150.0,False,True,repeated value in upper 1% tail
2001,4300.0,9,8.873726866687044e-05,3150.0,False,True,repeated value in upper 1% tail
2001,4325.0,2,1.971939303708232e-05,3150.0,False,True,repeated value in upper 1% tail
2001,4326.0,2,1.971939303708232e-05,3150.0,False,True,repeated value in upper 1% tail
2001,4333.333333333333,2,1.971939303708232e-05,3150.0,False,True,repeated value in upper 1% tail
2001,4350.0,3,2.957908955562348e-05,3150.0,False,True,repeated value in upper 1% tail
2001,4400.0,7,6.901787562978811e-05,3150.0,False,True,repeated value in upper 1% tail
2001,4450.0,2,1.971939303708232e-05,3150.0,False,True,repeated value in upper 1% tail
2001,4466.666666666667,2,1.971939303708232e-05,3150.0,False,True,repeated value in upper 1% tail
2001,4500.0,21,0.00020705362688936435,3150.0,False,True,repeated value in upper 1% tail
2001,4550.0,3,2.957908955562348e-05,3150.0,False,True,repeated value in upper 1% tail
2001,4600.0,3,2.957908955562348e-05,3150.0,False,True,repeated value in upper 1% tail
2001,4625.0,2,1.971939303708232e-05,3150.0,False,True,repeated value in upper 1% tail
2001,4650.0,4,3.943878607416464e-05,3150.0,False,True,repeated value in upper 1% tail
2001,4666.666666666667,2,1.971939303708232e-05,3150.0,False,True,repeated value in upper 1% tail
2001,4700.0,3,2.957908955562348e-05,3150.0,False,True,repeated value in upper 1% tail
2001,4750.0,7,6.901787562978811e-05,3150.0,False,True,repeated value in upper 1% tail
2001,4800.0,8,7.887757214832928e-05,3150.0,False,True,repeated value in upper 1% tail
2001,4810.0,2,1.971939303708232e-05,3150.0,False,True,repeated value in upper 1% tail
2001,4833.333333333333,2,1.971939303708232e-05,3150.0,False,True,repeated value in upper 1% tail
2001,4900.0,2,1.971939303708232e-05,3150.0,False,True,repeated value in upper 1% tail
2001,4933.333333333333,2,1.971939303708232e-05,3150.0,False,True,repeated value in upper 1% tail
2001,4950.0,4,3.943878607416464e-05,3150.0,False,True,repeated value in upper 1% tail
2001,5000.0,61,0.0006014414876310107,3150.0,False,True,repeated value in upper 1% tail
2001,5025.0,2,1.971939303708232e-05,3150.0,False,True,repeated value in upper 1% tail
2001,5050.0,2,1.971939303708232e-05,3150.0,False,True,repeated value in upper 1% tail
2001,5075.0,2,1.971939303708232e-05,3150.0,False,True,repeated value in upper 1% tail
2001,5100.0,11,0.00010845666170395275,3150.0,False,True,repeated value in upper 1% tail
2001,5166.666666666667,2,1.971939303708232e-05,3150.0,False,True,repeated value in upper 1% tail
2001,5200.0,4,3.943878607416464e-05,3150.0,False,True,repeated value in upper 1% tail
2001,5233.333333333333,2,1.971939303708232e-05,3150.0,False,True,repeated value in upper 1% tail
2001,5250.0,5,4.9298482592705796e-05,3150.0,False,True,repeated value in upper 1% tail
2001,5300.0,5,4.9298482592705796e-05,3150.0,False,True,repeated value in upper 1% tail
2001,5400.0,4,3.943878607416464e-05,3150.0,False,True,repeated value in upper 1% tail
2001,5410.0,2,1.971939303708232e-05,3150.0,False,True,repeated value in upper 1% tail
2001,5500.0,16,0.00015775514429665856,3150.0,False,True,repeated value in upper 1% tail
2001,5600.0,3,2.957908955562348e-05,3150.0,False,True,repeated value in upper 1% tail
2001,5666.666666666667,2,1.971939303708232e-05,3150.0,False,True,repeated value in upper 1% tail
2001,5700.0,3,2.957908955562348e-05,3150.0,False,True,repeated value in upper 1% tail
2001,5750.0,5,4.9298482592705796e-05,3150.0,False,True,repeated value in upper 1% tail
2001,5800.0,5,4.9298482592705796e-05,3150.0,False,True,repeated value in upper 1% tail
2001,5875.0,2,1.971939303708232e-05,3150.0,False,True,repeated value in upper 1% tail
2001,5900.0,4,3.943878607416464e-05,3150.0,False,True,repeated value in upper 1% tail
2001,5950.0,2,1.971939303708232e-05,3150.0,False,True,repeated value in upper 1% tail
2001,6000.0,15,0.0001478954477781174,3150.0,False,True,repeated value in upper 1% tail
2001,6250.0,4,3.943878607416464e-05,3150.0,False,True,repeated value in upper 1% tail
2001,6300.0,3,2.957908955562348e-05,3150.0,False,True,repeated value in upper 1% tail
2001,6500.0,13,0.00012817605474103508,3150.0,False,True,repeated value in upper 1% tail
2001,6666.666666666667,4,3.943878607416464e-05,3150.0,False,True,repeated value in upper 1% tail
2001,6700.0,2,1.971939303708232e-05,3150.0,False,True,repeated value in upper 1% tail
2001,6830.0,2,1.971939303708232e-05,3150.0,False,True,repeated value in upper 1% tail
2001,7000.0,15,0.0001478954477781174,3150.0,False,True,repeated value in upper 1% tail
2001,7400.0,3,2.957908955562348e-05,3150.0,False,True,repeated value in upper 1% tail
2001,7500.0,7,6.901787562978811e-05,3150.0,False,True,repeated value in upper 1% tail
2001,7800.0,2,1.971939303708232e-05,3150.0,False,True,repeated value in upper 1% tail
2001,7850.0,2,1.971939303708232e-05,3150.0,False,True,repeated value in upper 1% tail
2001,8000.0,15,0.0001478954477781174,3150.0,False,True,repeated value in upper 1% tail
2001,8400.0,2,1.971939303708232e-05,3150.0,False,True,repeated value in upper 1% tail
2001,8800.0,2,1.971939303708232e-05,3150.0,False,True,repeated value in upper 1% tail
2001,8900.0,2,1.971939303708232e-05,3150.0,False,True,repeated value in upper 1% tail
2001,10000.0,12,0.00011831635822249391,3150.0,False,True,repeated value in upper 1% tail
2001,10800.0,2,1.971939303708232e-05,3150.0,False,True,repeated value in upper 1% tail
2001,11500.0,2,1.971939303708232e-05,3150.0,False,True,repeated value in upper 1% tail
2001,13000.0,3,2.957908955562348e-05,3150.0,False,True,repeated value in upper 1% tail
2001,13500.0,2,1.971939303708232e-05,3150.0,False,True,repeated value in upper 1% tail
2001,16000.0,2,1.971939303708232e-05,3150.0,False,True,repeated value in upper 1% tail
2002,3366.6666666666665,2,1.9246499542895637e-05,3358.600000000006,False,True,repeated value in upper 1% tail
2002,3370.0,3,2.8869749314343454e-05,3358.600000000006,False,True,repeated value in upper 1% tail
2002,3375.0,4,3.8492999085791274e-05,3358.600000000006,False,True,repeated value in upper 1% tail
2002,3400.0,14,0.00013472549680026944,3358.600000000006,False,True,repeated value in upper 1% tail
2002,3433.3333333333335,5,4.811624885723909e-05,3358.600000000006,False,True,repeated value in upper 1% tail
2002,3440.0,2,1.9246499542895637e-05,3358.600000000006,False,True,repeated value in upper 1% tail
2002,3450.0,4,3.8492999085791274e-05,3358.600000000006,False,True,repeated value in upper 1% tail
2002,3500.0,60,0.0005773949862868691,3358.600000000006,False,True,repeated value in upper 1% tail
2002,3520.0,2,1.9246499542895637e-05,3358.600000000006,False,True,repeated value in upper 1% tail
2002,3525.0,2,1.9246499542895637e-05,3358.600000000006,False,True,repeated value in upper 1% tail
2002,3550.0,7,6.736274840013472e-05,3358.600000000006,False,True,repeated value in upper 1% tail
2002,3600.0,19,0.00018284174565750855,3358.600000000006,False,True,repeated value in upper 1% tail
2002,3650.0,8,7.698599817158255e-05,3358.600000000006,False,True,repeated value in upper 1% tail
2002,3666.6666666666665,5,4.811624885723909e-05,3358.600000000006,False,True,repeated value in upper 1% tail
2002,3680.0,2,1.9246499542895637e-05,3358.600000000006,False,True,repeated value in upper 1% tail
2002,3700.0,8,7.698599817158255e-05,3358.600000000006,False,True,repeated value in upper 1% tail
2002,3725.0,2,1.9246499542895637e-05,3358.600000000006,False,True,repeated value in upper 1% tail
2002,3733.3333333333335,5,4.811624885723909e-05,3358.600000000006,False,True,repeated value in upper 1% tail
2002,3750.0,17,0.0001635952461146129,3358.600000000006,False,True,repeated value in upper 1% tail
2002,3766.6666666666665,2,1.9246499542895637e-05,3358.600000000006,False,True,repeated value in upper 1% tail
2002,3775.0,4,3.8492999085791274e-05,3358.600000000006,False,True,repeated value in upper 1% tail
2002,3780.0,2,1.9246499542895637e-05,3358.600000000006,False,True,repeated value in upper 1% tail
2002,3800.0,13,0.00012510224702882164,3358.600000000006,False,True,repeated value in upper 1% tail
2002,3833.3333333333335,3,2.8869749314343454e-05,3358.600000000006,False,True,repeated value in upper 1% tail
2002,3850.0,6,5.773949862868691e-05,3358.600000000006,False,True,repeated value in upper 1% tail
2002,3875.0,4,3.8492999085791274e-05,3358.600000000006,False,True,repeated value in upper 1% tail
2002,3900.0,9,8.660924794303036e-05,3358.600000000006,False,True,repeated value in upper 1% tail
2002,3933.3333333333335,2,1.9246499542895637e-05,3358.600000000006,False,True,repeated value in upper 1% tail
2002,3950.0,2,1.9246499542895637e-05,3358.600000000006,False,True,repeated value in upper 1% tail
2002,4000.0,65,0.0006255112351441082,3358.600000000006,False,True,repeated value in upper 1% tail
2002,4020.0,2,1.9246499542895637e-05,3358.600000000006,False,True,repeated value in upper 1% tail
2002,4050.0,6,5.773949862868691e-05,3358.600000000006,False,True,repeated value in upper 1% tail
2002,4075.0,2,1.9246499542895637e-05,3358.600000000006,False,True,repeated value in upper 1% tail
2002,4100.0,15,0.00014434874657171727,3358.600000000006,False,True,repeated value in upper 1% tail
2002,4150.0,6,5.773949862868691e-05,3358.600000000006,False,True,repeated value in upper 1% tail
2002,4200.0,14,0.00013472549680026944,3358.600000000006,False,True,repeated value in upper 1% tail
2002,4250.0,7,6.736274840013472e-05,3358.600000000006,False,True,repeated value in upper 1% tail
2002,4260.0,2,1.9246499542895637e-05,3358.600000000006,False,True,repeated value in upper 1% tail
2002,4266.666666666667,3,2.8869749314343454e-05,3358.600000000006,False,True,repeated value in upper 1% tail
2002,4300.0,9,8.660924794303036e-05,3358.600000000006,False,True,repeated value in upper 1% tail
2002,4400.0,7,6.736274840013472e-05,3358.600000000006,False,True,repeated value in upper 1% tail
2002,4500.0,33,0.00031756724245777797,3358.600000000006,False,True,repeated value in upper 1% tail
2002,4520.0,2,1.9246499542895637e-05,3358.600000000006,False,True,repeated value in upper 1% tail
2002,4550.0,2,1.9246499542895637e-05,3358.600000000006,False,True,repeated value in upper 1% tail
2002,4600.0,8,7.698599817158255e-05,3358.600000000006,False,True,repeated value in upper 1% tail
2002,4625.0,2,1.9246499542895637e-05,3358.600000000006,False,True,repeated value in upper 1% tail
2002,4650.0,4,3.8492999085791274e-05,3358.600000000006,False,True,repeated value in upper 1% tail
2002,4666.666666666667,2,1.9246499542895637e-05,3358.600000000006,False,True,repeated value in upper 1% tail
2002,4700.0,4,3.8492999085791274e-05,3358.600000000006,False,True,repeated value in upper 1% tail
2002,4750.0,6,5.773949862868691e-05,3358.600000000006,False,True,repeated value in upper 1% tail
2002,4766.666666666667,2,1.9246499542895637e-05,3358.600000000006,False,True,repeated value in upper 1% tail
2002,4800.0,8,7.698599817158255e-05,3358.600000000006,False,True,repeated value in upper 1% tail
2002,4850.0,2,1.9246499542895637e-05,3358.600000000006,False,True,repeated value in upper 1% tail
2002,4900.0,5,4.811624885723909e-05,3358.600000000006,False,True,repeated value in upper 1% tail
2002,5000.0,61,0.0005870182360583169,3358.600000000006,False,True,repeated value in upper 1% tail
2002,5040.0,2,1.9246499542895637e-05,3358.600000000006,False,True,repeated value in upper 1% tail
2002,5050.0,2,1.9246499542895637e-05,3358.600000000006,False,True,repeated value in upper 1% tail
2002,5100.0,3,2.8869749314343454e-05,3358.600000000006,False,True,repeated value in upper 1% tail
2002,5150.0,4,3.8492999085791274e-05,3358.600000000006,False,True,repeated value in upper 1% tail
2002,5166.666666666667,3,2.8869749314343454e-05,3358.600000000006,False,True,repeated value in upper 1% tail
2002,5200.0,6,5.773949862868691e-05,3358.600000000006,False,True,repeated value in upper 1% tail
2002,5250.0,4,3.8492999085791274e-05,3358.600000000006,False,True,repeated value in upper 1% tail
2002,5300.0,5,4.811624885723909e-05,3358.600000000006,False,True,repeated value in upper 1% tail
2002,5333.333333333333,3,2.8869749314343454e-05,3358.600000000006,False,True,repeated value in upper 1% tail
2002,5400.0,8,7.698599817158255e-05,3358.600000000006,False,True,repeated value in upper 1% tail
2002,5425.0,2,1.9246499542895637e-05,3358.600000000006,False,True,repeated value in upper 1% tail
2002,5450.0,4,3.8492999085791274e-05,3358.600000000006,False,True,repeated value in upper 1% tail
2002,5500.0,13,0.00012510224702882164,3358.600000000006,False,True,repeated value in upper 1% tail
2002,5550.0,2,1.9246499542895637e-05,3358.600000000006,False,True,repeated value in upper 1% tail
2002,5600.0,8,7.698599817158255e-05,3358.600000000006,False,True,repeated value in upper 1% tail
2002,5700.0,6,5.773949862868691e-05,3358.600000000006,False,True,repeated value in upper 1% tail
2002,5715.0,2,1.9246499542895637e-05,3358.600000000006,False,True,repeated value in upper 1% tail
2002,5750.0,8,7.698599817158255e-05,3358.600000000006,False,True,repeated value in upper 1% tail
2002,5810.0,2,1.9246499542895637e-05,3358.600000000006,False,True,repeated value in upper 1% tail
2002,5843.0,2,1.9246499542895637e-05,3358.600000000006,False,True,repeated value in upper 1% tail
2002,5900.0,3,2.8869749314343454e-05,3358.600000000006,False,True,repeated value in upper 1% tail
2002,6000.0,31,0.00029832074291488237,3358.600000000006,False,True,repeated value in upper 1% tail
2002,6050.0,2,1.9246499542895637e-05,3358.600000000006,False,True,repeated value in upper 1% tail
2002,6100.0,3,2.8869749314343454e-05,3358.600000000006,False,True,repeated value in upper 1% tail
2002,6150.0,2,1.9246499542895637e-05,3358.600000000006,False,True,repeated value in upper 1% tail
2002,6200.0,3,2.8869749314343454e-05,3358.600000000006,False,True,repeated value in upper 1% tail
2002,6250.0,5,4.811624885723909e-05,3358.600000000006,False,True,repeated value in upper 1% tail
2002,6400.0,5,4.811624885723909e-05,3358.600000000006,False,True,repeated value in upper 1% tail
2002,6500.0,10,9.623249771447818e-05,3358.600000000006,False,True,repeated value in upper 1% tail
2002,6550.0,2,1.9246499542895637e-05,3358.600000000006,False,True,repeated value in upper 1% tail
2002,6700.0,2,1.9246499542895637e-05,3358.600000000006,False,True,repeated value in upper 1% tail
2002,6900.0,3,2.8869749314343454e-05,3358.600000000006,False,True,repeated value in upper 1% tail
2002,7000.0,15,0.00014434874657171727,3358.600000000006,False,True,repeated value in upper 1% tail
2002,7125.0,2,1.9246499542895637e-05,3358.600000000006,False,True,repeated value in upper 1% tail
2002,7200.0,4,3.8492999085791274e-05,3358.600000000006,False,True,repeated value in upper 1% tail
2002,7250.0,2,1.9246499542895637e-05,3358.600000000006,False,True,repeated value in upper 1% tail
2002,7400.0,2,1.9246499542895637e-05,3358.600000000006,False,True,repeated value in upper 1% tail
2002,7500.0,3,2.8869749314343454e-05,3358.600000000006,False,True,repeated value in upper 1% tail
2002,7700.0,2,1.9246499542895637e-05,3358.600000000006,False,True,repeated value in upper 1% tail
2002,8000.0,16,0.0001539719963431651,3358.600000000006,False,True,repeated value in upper 1% tail
2002,8100.0,4,3.8492999085791274e-05,3358.600000000006,False,True,repeated value in upper 1% tail
2002,8500.0,4,3.8492999085791274e-05,3358.600000000006,False,True,repeated value in upper 1% tail
2002,8666.666666666666,2,1.9246499542895637e-05,3358.600000000006,False,True,repeated value in upper 1% tail
2002,9000.0,8,7.698599817158255e-05,3358.600000000006,False,True,repeated value in upper 1% tail
2002,9500.0,2,1.9246499542895637e-05,3358.600000000006,False,True,repeated value in upper 1% tail
2002,9800.0,2,1.9246499542895637e-05,3358.600000000006,False,True,repeated value in upper 1% tail
2002,10000.0,11,0.000105855747485926,3358.600000000006,False,True,repeated value in upper 1% tail
2002,10500.0,2,1.9246499542895637e-05,3358.600000000006,False,True,repeated value in upper 1% tail
2002,11000.0,4,3.8492999085791274e-05,3358.600000000006,False,True,repeated value in upper 1% tail
2002,12000.0,3,2.8869749314343454e-05,3358.600000000006,False,True,repeated value in upper 1% tail
2002,15000.0,2,1.9246499542895637e-05,3358.600000000006,False,True,repeated value in upper 1% tail
2002,25000.0,2,1.9246499542895637e-05,3358.600000000006,False,True,repeated value in upper 1% tail
2002,30000.0,2,1.9246499542895637e-05,3358.600000000006,False,True,repeated value in upper 1% tail
2003,3600.0,16,0.00015140618494265492,3600.0,False,True,repeated value in upper 1% tail
2003,3620.0,3,2.8388659676747794e-05,3600.0,False,True,repeated value in upper 1% tail
2003,3630.0,2,1.8925773117831865e-05,3600.0,False,True,repeated value in upper 1% tail
2003,3650.0,9,8.516597903024338e-05,3600.0,False,True,repeated value in upper 1% tail
2003,3660.0,3,2.8388659676747794e-05,3600.0,False,True,repeated value in upper 1% tail
2003,3666.6666666666665,5,4.7314432794579656e-05,3600.0,False,True,repeated value in upper 1% tail
2003,3675.0,2,1.8925773117831865e-05,3600.0,False,True,repeated value in upper 1% tail
2003,3700.0,21,0.00019872061773723457,3600.0,False,True,repeated value in upper 1% tail
2003,3716.6666666666665,3,2.8388659676747794e-05,3600.0,False,True,repeated value in upper 1% tail
2003,3740.0,3,2.8388659676747794e-05,3600.0,False,True,repeated value in upper 1% tail
2003,3750.0,18,0.00017033195806048676,3600.0,False,True,repeated value in upper 1% tail
2003,3800.0,17,0.00016086907150157084,3600.0,False,True,repeated value in upper 1% tail
2003,3825.0,2,1.8925773117831865e-05,3600.0,False,True,repeated value in upper 1% tail
2003,3830.0,2,1.8925773117831865e-05,3600.0,False,True,repeated value in upper 1% tail
2003,3833.3333333333335,3,2.8388659676747794e-05,3600.0,False,True,repeated value in upper 1% tail
2003,3850.0,3,2.8388659676747794e-05,3600.0,False,True,repeated value in upper 1% tail
2003,3866.6666666666665,2,1.8925773117831865e-05,3600.0,False,True,repeated value in upper 1% tail
2003,3875.0,2,1.8925773117831865e-05,3600.0,False,True,repeated value in upper 1% tail
2003,3900.0,8,7.570309247132746e-05,3600.0,False,True,repeated value in upper 1% tail
2003,3950.0,4,3.785154623566373e-05,3600.0,False,True,repeated value in upper 1% tail
2003,3980.0,2,1.8925773117831865e-05,3600.0,False,True,repeated value in upper 1% tail
2003,4000.0,75,0.0007097164919186949,3600.0,False,True,repeated value in upper 1% tail
2003,4020.0,2,1.8925773117831865e-05,3600.0,False,True,repeated value in upper 1% tail
2003,4050.0,5,4.7314432794579656e-05,3600.0,False,True,repeated value in upper 1% tail
2003,4060.0,2,1.8925773117831865e-05,3600.0,False,True,repeated value in upper 1% tail
2003,4080.0,2,1.8925773117831865e-05,3600.0,False,True,repeated value in upper 1% tail
2003,4100.0,7,6.624020591241153e-05,3600.0,False,True,repeated value in upper 1% tail
2003,4125.0,4,3.785154623566373e-05,3600.0,False,True,repeated value in upper 1% tail
2003,4150.0,8,7.570309247132746e-05,3600.0,False,True,repeated value in upper 1% tail
2003,4166.666666666667,4,3.785154623566373e-05,3600.0,False,True,repeated value in upper 1% tail
2003,4175.0,3,2.8388659676747794e-05,3600.0,False,True,repeated value in upper 1% tail
2003,4200.0,11,0.00010409175214807524,3600.0,False,True,repeated value in upper 1% tail
2003,4250.0,12,0.00011355463870699118,3600.0,False,True,repeated value in upper 1% tail
2003,4266.666666666667,3,2.8388659676747794e-05,3600.0,False,True,repeated value in upper 1% tail
2003,4300.0,8,7.570309247132746e-05,3600.0,False,True,repeated value in upper 1% tail
2003,4333.333333333333,11,0.00010409175214807524,3600.0,False,True,repeated value in upper 1% tail
2003,4350.0,5,4.7314432794579656e-05,3600.0,False,True,repeated value in upper 1% tail
2003,4400.0,5,4.7314432794579656e-05,3600.0,False,True,repeated value in upper 1% tail
2003,4450.0,4,3.785154623566373e-05,3600.0,False,True,repeated value in upper 1% tail
2003,4500.0,37,0.0003501268026798895,3600.0,False,True,repeated value in upper 1% tail
2003,4550.0,2,1.8925773117831865e-05,3600.0,False,True,repeated value in upper 1% tail
2003,4600.0,7,6.624020591241153e-05,3600.0,False,True,repeated value in upper 1% tail
2003,4650.0,3,2.8388659676747794e-05,3600.0,False,True,repeated value in upper 1% tail
2003,4666.666666666667,2,1.8925773117831865e-05,3600.0,False,True,repeated value in upper 1% tail
2003,4700.0,8,7.570309247132746e-05,3600.0,False,True,repeated value in upper 1% tail
2003,4750.0,8,7.570309247132746e-05,3600.0,False,True,repeated value in upper 1% tail
2003,4800.0,10,9.462886558915931e-05,3600.0,False,True,repeated value in upper 1% tail
2003,4850.0,3,2.8388659676747794e-05,3600.0,False,True,repeated value in upper 1% tail
2003,4900.0,4,3.785154623566373e-05,3600.0,False,True,repeated value in upper 1% tail
2003,4950.0,2,1.8925773117831865e-05,3600.0,False,True,repeated value in upper 1% tail
2003,5000.0,74,0.000700253605359779,3600.0,False,True,repeated value in upper 1% tail
2003,5025.0,2,1.8925773117831865e-05,3600.0,False,True,repeated value in upper 1% tail
2003,5050.0,4,3.785154623566373e-05,3600.0,False,True,repeated value in upper 1% tail
2003,5066.666666666667,2,1.8925773117831865e-05,3600.0,False,True,repeated value in upper 1% tail
2003,5100.0,4,3.785154623566373e-05,3600.0,False,True,repeated value in upper 1% tail
2003,5150.0,3,2.8388659676747794e-05,3600.0,False,True,repeated value in upper 1% tail
2003,5166.666666666667,2,1.8925773117831865e-05,3600.0,False,True,repeated value in upper 1% tail
2003,5200.0,6,5.677731935349559e-05,3600.0,False,True,repeated value in upper 1% tail
2003,5240.0,2,1.8925773117831865e-05,3600.0,False,True,repeated value in upper 1% tail
2003,5250.0,6,5.677731935349559e-05,3600.0,False,True,repeated value in upper 1% tail
2003,5300.0,5,4.7314432794579656e-05,3600.0,False,True,repeated value in upper 1% tail
2003,5333.333333333333,3,2.8388659676747794e-05,3600.0,False,True,repeated value in upper 1% tail
2003,5375.0,2,1.8925773117831865e-05,3600.0,False,True,repeated value in upper 1% tail
2003,5400.0,10,9.462886558915931e-05,3600.0,False,True,repeated value in upper 1% tail
2003,5450.0,3,2.8388659676747794e-05,3600.0,False,True,repeated value in upper 1% tail
2003,5500.0,20,0.00018925773117831862,3600.0,False,True,repeated value in upper 1% tail
2003,5550.0,2,1.8925773117831865e-05,3600.0,False,True,repeated value in upper 1% tail
2003,5566.666666666667,3,2.8388659676747794e-05,3600.0,False,True,repeated value in upper 1% tail
2003,5600.0,5,4.7314432794579656e-05,3600.0,False,True,repeated value in upper 1% tail
2003,5700.0,2,1.8925773117831865e-05,3600.0,False,True,repeated value in upper 1% tail
2003,5750.0,8,7.570309247132746e-05,3600.0,False,True,repeated value in upper 1% tail
2003,5800.0,7,6.624020591241153e-05,3600.0,False,True,repeated value in upper 1% tail
2003,5833.333333333333,2,1.8925773117831865e-05,3600.0,False,True,repeated value in upper 1% tail
2003,5850.0,2,1.8925773117831865e-05,3600.0,False,True,repeated value in upper 1% tail
2003,6000.0,34,0.0003217381430031417,3600.0,False,True,repeated value in upper 1% tail
2003,6120.0,2,1.8925773117831865e-05,3600.0,False,True,repeated value in upper 1% tail
2003,6150.0,2,1.8925773117831865e-05,3600.0,False,True,repeated value in upper 1% tail
2003,6200.0,5,4.7314432794579656e-05,3600.0,False,True,repeated value in upper 1% tail
2003,6250.0,4,3.785154623566373e-05,3600.0,False,True,repeated value in upper 1% tail
2003,6400.0,2,1.8925773117831865e-05,3600.0,False,True,repeated value in upper 1% tail
2003,6466.666666666667,2,1.8925773117831865e-05,3600.0,False,True,repeated value in upper 1% tail
2003,6500.0,7,6.624020591241153e-05,3600.0,False,True,repeated value in upper 1% tail
2003,6600.0,2,1.8925773117831865e-05,3600.0,False,True,repeated value in upper 1% tail
2003,6900.0,3,2.8388659676747794e-05,3600.0,False,True,repeated value in upper 1% tail
2003,7000.0,19,0.0001797948446194027,3600.0,False,True,repeated value in upper 1% tail
2003,7100.0,3,2.8388659676747794e-05,3600.0,False,True,repeated value in upper 1% tail
2003,7250.0,2,1.8925773117831865e-05,3600.0,False,True,repeated value in upper 1% tail
2003,7500.0,11,0.00010409175214807524,3600.0,False,True,repeated value in upper 1% tail
2003,7750.0,2,1.8925773117831865e-05,3600.0,False,True,repeated value in upper 1% tail
2003,8000.0,19,0.0001797948446194027,3600.0,False,True,repeated value in upper 1% tail
2003,8200.0,3,2.8388659676747794e-05,3600.0,False,True,repeated value in upper 1% tail
2003,8400.0,2,1.8925773117831865e-05,3600.0,False,True,repeated value in upper 1% tail
2003,8700.0,2,1.8925773117831865e-05,3600.0,False,True,repeated value in upper 1% tail
2003,8800.0,2,1.8925773117831865e-05,3600.0,False,True,repeated value in upper 1% tail
2003,9000.0,6,5.677731935349559e-05,3600.0,False,True,repeated value in upper 1% tail
2003,9100.0,3,2.8388659676747794e-05,3600.0,False,True,repeated value in upper 1% tail
2003,9340.0,2,1.8925773117831865e-05,3600.0,False,True,repeated value in upper 1% tail
2003,9500.0,5,4.7314432794579656e-05,3600.0,False,True,repeated value in upper 1% tail
2003,9600.0,2,1.8925773117831865e-05,3600.0,False,True,repeated value in upper 1% tail
2003,10000.0,23,0.00021764639085506643,3600.0,False,True,repeated value in upper 1% tail
2003,10500.0,2,1.8925773117831865e-05,3600.0,False,True,repeated value in upper 1% tail
2003,11000.0,5,4.7314432794579656e-05,3600.0,False,True,repeated value in upper 1% tail
2003,12000.0,4,3.785154623566373e-05,3600.0,False,True,repeated value in upper 1% tail
2003,12100.0,2,1.8925773117831865e-05,3600.0,False,True,repeated value in upper 1% tail
2003,12500.0,2,1.8925773117831865e-05,3600.0,False,True,repeated value in upper 1% tail
2003,13000.0,3,2.8388659676747794e-05,3600.0,False,True,repeated value in upper 1% tail
2004,4000.0,118,0.0010693151851818288,4000.0,False,True,repeated value in upper 1% tail
2004,4050.0,7,6.343395166332883e-05,4000.0,False,True,repeated value in upper 1% tail
2004,4065.0,2,1.8123986189522524e-05,4000.0,False,True,repeated value in upper 1% tail
2004,4066.0,3,2.7185979284283786e-05,4000.0,False,True,repeated value in upper 1% tail
2004,4075.0,2,1.8123986189522524e-05,4000.0,False,True,repeated value in upper 1% tail
2004,4100.0,14,0.00012686790332665766,4000.0,False,True,repeated value in upper 1% tail
2004,4120.0,2,1.8123986189522524e-05,4000.0,False,True,repeated value in upper 1% tail
2004,4133.0,4,3.624797237904505e-05,4000.0,False,True,repeated value in upper 1% tail
2004,4150.0,3,2.7185979284283786e-05,4000.0,False,True,repeated value in upper 1% tail
2004,4166.0,2,1.8123986189522524e-05,4000.0,False,True,repeated value in upper 1% tail
2004,4180.0,3,2.7185979284283786e-05,4000.0,False,True,repeated value in upper 1% tail
2004,4190.0,2,1.8123986189522524e-05,4000.0,False,True,repeated value in upper 1% tail
2004,4200.0,13,0.00011780591023189641,4000.0,False,True,repeated value in upper 1% tail
2004,4225.0,4,3.624797237904505e-05,4000.0,False,True,repeated value in upper 1% tail
2004,4250.0,10,9.061993094761261e-05,4000.0,False,True,repeated value in upper 1% tail
2004,4266.0,2,1.8123986189522524e-05,4000.0,False,True,repeated value in upper 1% tail
2004,4300.0,8,7.24959447580901e-05,4000.0,False,True,repeated value in upper 1% tail
2004,4333.0,5,4.5309965473806306e-05,4000.0,False,True,repeated value in upper 1% tail
2004,4350.0,6,5.437195856856757e-05,4000.0,False,True,repeated value in upper 1% tail
2004,4375.0,5,4.5309965473806306e-05,4000.0,False,True,repeated value in upper 1% tail
2004,4400.0,13,0.00011780591023189641,4000.0,False,True,repeated value in upper 1% tail
2004,4425.0,2,1.8123986189522524e-05,4000.0,False,True,repeated value in upper 1% tail
2004,4430.0,2,1.8123986189522524e-05,4000.0,False,True,repeated value in upper 1% tail
2004,4450.0,3,2.7185979284283786e-05,4000.0,False,True,repeated value in upper 1% tail
2004,4500.0,49,0.0004440376616433018,4000.0,False,True,repeated value in upper 1% tail
2004,4540.0,2,1.8123986189522524e-05,4000.0,False,True,repeated value in upper 1% tail
2004,4550.0,5,4.5309965473806306e-05,4000.0,False,True,repeated value in upper 1% tail
2004,4575.0,3,2.7185979284283786e-05,4000.0,False,True,repeated value in upper 1% tail
2004,4600.0,11,9.968192404237388e-05,4000.0,False,True,repeated value in upper 1% tail
2004,4625.0,3,2.7185979284283786e-05,4000.0,False,True,repeated value in upper 1% tail
2004,4650.0,4,3.624797237904505e-05,4000.0,False,True,repeated value in upper 1% tail
2004,4666.0,8,7.24959447580901e-05,4000.0,False,True,repeated value in upper 1% tail
2004,4700.0,7,6.343395166332883e-05,4000.0,False,True,repeated value in upper 1% tail
2004,4705.0,2,1.8123986189522524e-05,4000.0,False,True,repeated value in upper 1% tail
2004,4730.0,2,1.8123986189522524e-05,4000.0,False,True,repeated value in upper 1% tail
2004,4750.0,8,7.24959447580901e-05,4000.0,False,True,repeated value in upper 1% tail
2004,4760.0,2,1.8123986189522524e-05,4000.0,False,True,repeated value in upper 1% tail
2004,4800.0,10,9.061993094761261e-05,4000.0,False,True,repeated value in upper 1% tail
2004,4825.0,2,1.8123986189522524e-05,4000.0,False,True,repeated value in upper 1% tail
2004,4850.0,3,2.7185979284283786e-05,4000.0,False,True,repeated value in upper 1% tail
2004,4900.0,5,4.5309965473806306e-05,4000.0,False,True,repeated value in upper 1% tail
2004,4925.0,2,1.8123986189522524e-05,4000.0,False,True,repeated value in upper 1% tail
2004,4933.0,3,2.7185979284283786e-05,4000.0,False,True,repeated value in upper 1% tail
2004,4950.0,3,2.7185979284283786e-05,4000.0,False,True,repeated value in upper 1% tail
2004,5000.0,83,0.0007521454268651848,4000.0,False,True,repeated value in upper 1% tail
2004,5050.0,2,1.8123986189522524e-05,4000.0,False,True,repeated value in upper 1% tail
2004,5100.0,5,4.5309965473806306e-05,4000.0,False,True,repeated value in upper 1% tail
2004,5125.0,3,2.7185979284283786e-05,4000.0,False,True,repeated value in upper 1% tail
2004,5150.0,3,2.7185979284283786e-05,4000.0,False,True,repeated value in upper 1% tail
2004,5175.0,3,2.7185979284283786e-05,4000.0,False,True,repeated value in upper 1% tail
2004,5200.0,6,5.437195856856757e-05,4000.0,False,True,repeated value in upper 1% tail
2004,5232.0,2,1.8123986189522524e-05,4000.0,False,True,repeated value in upper 1% tail
2004,5250.0,11,9.968192404237388e-05,4000.0,False,True,repeated value in upper 1% tail
2004,5260.0,3,2.7185979284283786e-05,4000.0,False,True,repeated value in upper 1% tail
2004,5300.0,3,2.7185979284283786e-05,4000.0,False,True,repeated value in upper 1% tail
2004,5333.0,7,6.343395166332883e-05,4000.0,False,True,repeated value in upper 1% tail
2004,5350.0,3,2.7185979284283786e-05,4000.0,False,True,repeated value in upper 1% tail
2004,5375.0,3,2.7185979284283786e-05,4000.0,False,True,repeated value in upper 1% tail
2004,5400.0,7,6.343395166332883e-05,4000.0,False,True,repeated value in upper 1% tail
2004,5450.0,2,1.8123986189522524e-05,4000.0,False,True,repeated value in upper 1% tail
2004,5500.0,22,0.00019936384808474776,4000.0,False,True,repeated value in upper 1% tail
2004,5600.0,3,2.7185979284283786e-05,4000.0,False,True,repeated value in upper 1% tail
2004,5640.0,2,1.8123986189522524e-05,4000.0,False,True,repeated value in upper 1% tail
2004,5650.0,3,2.7185979284283786e-05,4000.0,False,True,repeated value in upper 1% tail
2004,5666.0,4,3.624797237904505e-05,4000.0,False,True,repeated value in upper 1% tail
2004,5675.0,2,1.8123986189522524e-05,4000.0,False,True,repeated value in upper 1% tail
2004,5700.0,3,2.7185979284283786e-05,4000.0,False,True,repeated value in upper 1% tail
2004,5750.0,5,4.5309965473806306e-05,4000.0,False,True,repeated value in upper 1% tail
2004,5800.0,3,2.7185979284283786e-05,4000.0,False,True,repeated value in upper 1% tail
2004,5900.0,2,1.8123986189522524e-05,4000.0,False,True,repeated value in upper 1% tail
2004,5950.0,3,2.7185979284283786e-05,4000.0,False,True,repeated value in upper 1% tail
2004,6000.0,48,0.00043497566854854057,4000.0,False,True,repeated value in upper 1% tail
2004,6085.0,2,1.8123986189522524e-05,4000.0,False,True,repeated value in upper 1% tail
2004,6100.0,3,2.7185979284283786e-05,4000.0,False,True,repeated value in upper 1% tail
2004,6133.0,2,1.8123986189522524e-05,4000.0,False,True,repeated value in upper 1% tail
2004,6150.0,2,1.8123986189522524e-05,4000.0,False,True,repeated value in upper 1% tail
2004,6200.0,9,8.155793785285136e-05,4000.0,False,True,repeated value in upper 1% tail
2004,6250.0,4,3.624797237904505e-05,4000.0,False,True,repeated value in upper 1% tail
2004,6300.0,3,2.7185979284283786e-05,4000.0,False,True,repeated value in upper 1% tail
2004,6350.0,3,2.7185979284283786e-05,4000.0,False,True,repeated value in upper 1% tail
2004,6500.0,17,0.00015405388261094144,4000.0,False,True,repeated value in upper 1% tail
2004,6600.0,2,1.8123986189522524e-05,4000.0,False,True,repeated value in upper 1% tail
2004,6665.0,2,1.8123986189522524e-05,4000.0,False,True,repeated value in upper 1% tail
2004,6666.0,3,2.7185979284283786e-05,4000.0,False,True,repeated value in upper 1% tail
2004,6700.0,2,1.8123986189522524e-05,4000.0,False,True,repeated value in upper 1% tail
2004,6800.0,2,1.8123986189522524e-05,4000.0,False,True,repeated value in upper 1% tail
2004,7000.0,29,0.00026279779974807657,4000.0,False,True,repeated value in upper 1% tail
2004,7050.0,2,1.8123986189522524e-05,4000.0,False,True,repeated value in upper 1% tail
2004,7100.0,2,1.8123986189522524e-05,4000.0,False,True,repeated value in upper 1% tail
2004,7200.0,3,2.7185979284283786e-05,4000.0,False,True,repeated value in upper 1% tail
2004,7250.0,3,2.7185979284283786e-05,4000.0,False,True,repeated value in upper 1% tail
2004,7500.0,13,0.00011780591023189641,4000.0,False,True,repeated value in upper 1% tail
2004,7600.0,5,4.5309965473806306e-05,4000.0,False,True,repeated value in upper 1% tail
2004,7750.0,4,3.624797237904505e-05,4000.0,False,True,repeated value in upper 1% tail
2004,8000.0,19,0.00017217786880046397,4000.0,False,True,repeated value in upper 1% tail
2004,8200.0,2,1.8123986189522524e-05,4000.0,False,True,repeated value in upper 1% tail
2004,8300.0,3,2.7185979284283786e-05,4000.0,False,True,repeated value in upper 1% tail
2004,8333.0,2,1.8123986189522524e-05,4000.0,False,True,repeated value in upper 1% tail
2004,8400.0,2,1.8123986189522524e-05,4000.0,False,True,repeated value in upper 1% tail
2004,8500.0,10,9.061993094761261e-05,4000.0,False,True,repeated value in upper 1% tail
2004,9000.0,12,0.00010874391713713514,4000.0,False,True,repeated value in upper 1% tail
2004,9100.0,3,2.7185979284283786e-05,4000.0,False,True,repeated value in upper 1% tail
2004,9200.0,3,2.7185979284283786e-05,4000.0,False,True,repeated value in upper 1% tail
2004,9300.0,2,1.8123986189522524e-05,4000.0,False,True,repeated value in upper 1% tail
2004,9500.0,2,1.8123986189522524e-05,4000.0,False,True,repeated value in upper 1% tail
2004,9750.0,2,1.8123986189522524e-05,4000.0,False,True,repeated value in upper 1% tail
2004,10000.0,23,0.00020842584117950903,4000.0,False,True,repeated value in upper 1% tail
2004,10300.0,2,1.8123986189522524e-05,4000.0,False,True,repeated value in upper 1% tail
2004,10350.0,2,1.8123986189522524e-05,4000.0,False,True,repeated value in upper 1% tail
2004,10400.0,3,2.7185979284283786e-05,4000.0,False,True,repeated value in upper 1% tail
2004,10500.0,2,1.8123986189522524e-05,4000.0,False,True,repeated value in upper 1% tail
2004,11500.0,3,2.7185979284283786e-05,4000.0,False,True,repeated value in upper 1% tail
2004,11800.0,2,1.8123986189522524e-05,4000.0,False,True,repeated value in upper 1% tail
2004,12000.0,6,5.437195856856757e-05,4000.0,False,True,repeated value in upper 1% tail
2004,12200.0,2,1.8123986189522524e-05,4000.0,False,True,repeated value in upper 1% tail
2004,12500.0,4,3.624797237904505e-05,4000.0,False,True,repeated value in upper 1% tail
2004,13000.0,2,1.8123986189522524e-05,4000.0,False,True,repeated value in upper 1% tail
2004,13100.0,2,1.8123986189522524e-05,4000.0,False,True,repeated value in upper 1% tail
2004,13500.0,2,1.8123986189522524e-05,4000.0,False,True,repeated value in upper 1% tail
2004,15000.0,4,3.624797237904505e-05,4000.0,False,True,repeated value in upper 1% tail
2004,16000.0,2,1.8123986189522524e-05,4000.0,False,True,repeated value in upper 1% tail
2004,18000.0,2,1.8123986189522524e-05,4000.0,False,True,repeated value in upper 1% tail
2004,20000.0,3,2.7185979284283786e-05,4000.0,False,True,repeated value in upper 1% tail
2004,24000.0,2,1.8123986189522524e-05,4000.0,False,True,repeated value in upper 1% tail
2005,4333.0,10,8.72783130847647e-05,4302.75,False,True,repeated value in upper 1% tail
2005,4350.0,5,4.363915654238235e-05,4302.75,False,True,repeated value in upper 1% tail
2005,4400.0,14,0.00012218963831867058,4302.75,False,True,repeated value in upper 1% tail
2005,4500.0,55,0.00048003072196620584,4302.75,False,True,repeated value in upper 1% tail
2005,4525.0,2,1.745566261695294e-05,4302.75,False,True,repeated value in upper 1% tail
2005,4550.0,7,6.109481915933529e-05,4302.75,False,True,repeated value in upper 1% tail
2005,4575.0,2,1.745566261695294e-05,4302.75,False,True,repeated value in upper 1% tail
2005,4600.0,13,0.00011346180701019411,4302.75,False,True,repeated value in upper 1% tail
2005,4617.0,2,1.745566261695294e-05,4302.75,False,True,repeated value in upper 1% tail
2005,4633.0,4,3.491132523390588e-05,4302.75,False,True,repeated value in upper 1% tail
2005,4645.0,2,1.745566261695294e-05,4302.75,False,True,repeated value in upper 1% tail
2005,4650.0,4,3.491132523390588e-05,4302.75,False,True,repeated value in upper 1% tail
2005,4666.0,4,3.491132523390588e-05,4302.75,False,True,repeated value in upper 1% tail
2005,4700.0,8,6.982265046781176e-05,4302.75,False,True,repeated value in upper 1% tail
2005,4725.0,2,1.745566261695294e-05,4302.75,False,True,repeated value in upper 1% tail
2005,4750.0,10,8.72783130847647e-05,4302.75,False,True,repeated value in upper 1% tail
2005,4800.0,14,0.00012218963831867058,4302.75,False,True,repeated value in upper 1% tail
2005,4850.0,3,2.618349392542941e-05,4302.75,False,True,repeated value in upper 1% tail
2005,4900.0,11,9.600614439324117e-05,4302.75,False,True,repeated value in upper 1% tail
2005,4915.0,2,1.745566261695294e-05,4302.75,False,True,repeated value in upper 1% tail
2005,4933.0,2,1.745566261695294e-05,4302.75,False,True,repeated value in upper 1% tail
2005,4950.0,3,2.618349392542941e-05,4302.75,False,True,repeated value in upper 1% tail
2005,4980.0,2,1.745566261695294e-05,4302.75,False,True,repeated value in upper 1% tail
2005,5000.0,96,0.0008378718056137411,4302.75,False,True,repeated value in upper 1% tail
2005,5033.0,2,1.745566261695294e-05,4302.75,False,True,repeated value in upper 1% tail
2005,5080.0,3,2.618349392542941e-05,4302.75,False,True,repeated value in upper 1% tail
2005,5100.0,5,4.363915654238235e-05,4302.75,False,True,repeated value in upper 1% tail
2005,5133.0,2,1.745566261695294e-05,4302.75,False,True,repeated value in upper 1% tail
2005,5150.0,7,6.109481915933529e-05,4302.75,False,True,repeated value in upper 1% tail
2005,5175.0,3,2.618349392542941e-05,4302.75,False,True,repeated value in upper 1% tail
2005,5180.0,2,1.745566261695294e-05,4302.75,False,True,repeated value in upper 1% tail
2005,5200.0,12,0.00010473397570171764,4302.75,False,True,repeated value in upper 1% tail
2005,5216.0,2,1.745566261695294e-05,4302.75,False,True,repeated value in upper 1% tail
2005,5250.0,12,0.00010473397570171764,4302.75,False,True,repeated value in upper 1% tail
2005,5300.0,12,0.00010473397570171764,4302.75,False,True,repeated value in upper 1% tail
2005,5333.0,4,3.491132523390588e-05,4302.75,False,True,repeated value in upper 1% tail
2005,5350.0,8,6.982265046781176e-05,4302.75,False,True,repeated value in upper 1% tail
2005,5400.0,5,4.363915654238235e-05,4302.75,False,True,repeated value in upper 1% tail
2005,5450.0,3,2.618349392542941e-05,4302.75,False,True,repeated value in upper 1% tail
2005,5500.0,24,0.00020946795140343527,4302.75,False,True,repeated value in upper 1% tail
2005,5526.0,2,1.745566261695294e-05,4302.75,False,True,repeated value in upper 1% tail
2005,5550.0,2,1.745566261695294e-05,4302.75,False,True,repeated value in upper 1% tail
2005,5600.0,10,8.72783130847647e-05,4302.75,False,True,repeated value in upper 1% tail
2005,5625.0,2,1.745566261695294e-05,4302.75,False,True,repeated value in upper 1% tail
2005,5650.0,5,4.363915654238235e-05,4302.75,False,True,repeated value in upper 1% tail
2005,5666.0,3,2.618349392542941e-05,4302.75,False,True,repeated value in upper 1% tail
2005,5700.0,10,8.72783130847647e-05,4302.75,False,True,repeated value in upper 1% tail
2005,5725.0,2,1.745566261695294e-05,4302.75,False,True,repeated value in upper 1% tail
2005,5750.0,11,9.600614439324117e-05,4302.75,False,True,repeated value in upper 1% tail
2005,5800.0,6,5.236698785085882e-05,4302.75,False,True,repeated value in upper 1% tail
2005,5833.0,4,3.491132523390588e-05,4302.75,False,True,repeated value in upper 1% tail
2005,5850.0,2,1.745566261695294e-05,4302.75,False,True,repeated value in upper 1% tail
2005,5900.0,8,6.982265046781176e-05,4302.75,False,True,repeated value in upper 1% tail
2005,5950.0,2,1.745566261695294e-05,4302.75,False,True,repeated value in upper 1% tail
2005,6000.0,57,0.0004974863845831588,4302.75,False,True,repeated value in upper 1% tail
2005,6100.0,3,2.618349392542941e-05,4302.75,False,True,repeated value in upper 1% tail
2005,6200.0,4,3.491132523390588e-05,4302.75,False,True,repeated value in upper 1% tail
2005,6233.0,3,2.618349392542941e-05,4302.75,False,True,repeated value in upper 1% tail
2005,6250.0,6,5.236698785085882e-05,4302.75,False,True,repeated value in upper 1% tail
2005,6300.0,4,3.491132523390588e-05,4302.75,False,True,repeated value in upper 1% tail
2005,6333.0,3,2.618349392542941e-05,4302.75,False,True,repeated value in upper 1% tail
2005,6400.0,9,7.855048177628823e-05,4302.75,False,True,repeated value in upper 1% tail
2005,6433.0,2,1.745566261695294e-05,4302.75,False,True,repeated value in upper 1% tail
2005,6500.0,30,0.0002618349392542941,4302.75,False,True,repeated value in upper 1% tail
2005,6600.0,2,1.745566261695294e-05,4302.75,False,True,repeated value in upper 1% tail
2005,6625.0,3,2.618349392542941e-05,4302.75,False,True,repeated value in upper 1% tail
2005,6630.0,2,1.745566261695294e-05,4302.75,False,True,repeated value in upper 1% tail
2005,6650.0,2,1.745566261695294e-05,4302.75,False,True,repeated value in upper 1% tail
2005,6666.0,8,6.982265046781176e-05,4302.75,False,True,repeated value in upper 1% tail
2005,6700.0,4,3.491132523390588e-05,4302.75,False,True,repeated value in upper 1% tail
2005,6750.0,6,5.236698785085882e-05,4302.75,False,True,repeated value in upper 1% tail
2005,6800.0,3,2.618349392542941e-05,4302.75,False,True,repeated value in upper 1% tail
2005,6900.0,5,4.363915654238235e-05,4302.75,False,True,repeated value in upper 1% tail
2005,6933.0,3,2.618349392542941e-05,4302.75,False,True,repeated value in upper 1% tail
2005,7000.0,18,0.00015710096355257646,4302.75,False,True,repeated value in upper 1% tail
2005,7200.0,4,3.491132523390588e-05,4302.75,False,True,repeated value in upper 1% tail
2005,7250.0,2,1.745566261695294e-05,4302.75,False,True,repeated value in upper 1% tail
2005,7266.0,2,1.745566261695294e-05,4302.75,False,True,repeated value in upper 1% tail
2005,7300.0,3,2.618349392542941e-05,4302.75,False,True,repeated value in upper 1% tail
2005,7333.0,3,2.618349392542941e-05,4302.75,False,True,repeated value in upper 1% tail
2005,7400.0,2,1.745566261695294e-05,4302.75,False,True,repeated value in upper 1% tail
2005,7500.0,12,0.00010473397570171764,4302.75,False,True,repeated value in upper 1% tail
2005,7600.0,2,1.745566261695294e-05,4302.75,False,True,repeated value in upper 1% tail
2005,7666.0,2,1.745566261695294e-05,4302.75,False,True,repeated value in upper 1% tail
2005,7700.0,2,1.745566261695294e-05,4302.75,False,True,repeated value in upper 1% tail
2005,7750.0,2,1.745566261695294e-05,4302.75,False,True,repeated value in upper 1% tail
2005,7766.0,2,1.745566261695294e-05,4302.75,False,True,repeated value in upper 1% tail
2005,7800.0,5,4.363915654238235e-05,4302.75,False,True,repeated value in upper 1% tail
2005,7900.0,3,2.618349392542941e-05,4302.75,False,True,repeated value in upper 1% tail
2005,8000.0,23,0.0002007401200949588,4302.75,False,True,repeated value in upper 1% tail
2005,8200.0,4,3.491132523390588e-05,4302.75,False,True,repeated value in upper 1% tail
2005,8250.0,3,2.618349392542941e-05,4302.75,False,True,repeated value in upper 1% tail
2005,8300.0,2,1.745566261695294e-05,4302.75,False,True,repeated value in upper 1% tail
2005,8333.0,3,2.618349392542941e-05,4302.75,False,True,repeated value in upper 1% tail
2005,8350.0,2,1.745566261695294e-05,4302.75,False,True,repeated value in upper 1% tail
2005,8400.0,3,2.618349392542941e-05,4302.75,False,True,repeated value in upper 1% tail
2005,8500.0,10,8.72783130847647e-05,4302.75,False,True,repeated value in upper 1% tail
2005,8550.0,2,1.745566261695294e-05,4302.75,False,True,repeated value in upper 1% tail
2005,8600.0,4,3.491132523390588e-05,4302.75,False,True,repeated value in upper 1% tail
2005,8733.0,2,1.745566261695294e-05,4302.75,False,True,repeated value in upper 1% tail
2005,8800.0,2,1.745566261695294e-05,4302.75,False,True,repeated value in upper 1% tail
2005,8900.0,2,1.745566261695294e-05,4302.75,False,True,repeated value in upper 1% tail
2005,9000.0,8,6.982265046781176e-05,4302.75,False,True,repeated value in upper 1% tail
2005,9100.0,3,2.618349392542941e-05,4302.75,False,True,repeated value in upper 1% tail
2005,9200.0,2,1.745566261695294e-05,4302.75,False,True,repeated value in upper 1% tail
2005,9300.0,2,1.745566261695294e-05,4302.75,False,True,repeated value in upper 1% tail
2005,9400.0,2,1.745566261695294e-05,4302.75,False,True,repeated value in upper 1% tail
2005,9500.0,3,2.618349392542941e-05,4302.75,False,True,repeated value in upper 1% tail
2005,9650.0,2,1.745566261695294e-05,4302.75,False,True,repeated value in upper 1% tail
2005,9800.0,2,1.745566261695294e-05,4302.75,False,True,repeated value in upper 1% tail
2005,10000.0,41,0.00035784108364753526,4302.75,False,True,repeated value in upper 1% tail
2005,10250.0,3,2.618349392542941e-05,4302.75,False,True,repeated value in upper 1% tail
2005,10300.0,2,1.745566261695294e-05,4302.75,False,True,repeated value in upper 1% tail
2005,10400.0,2,1.745566261695294e-05,4302.75,False,True,repeated value in upper 1% tail
2005,10500.0,4,3.491132523390588e-05,4302.75,False,True,repeated value in upper 1% tail
2005,10600.0,3,2.618349392542941e-05,4302.75,False,True,repeated value in upper 1% tail
2005,11000.0,5,4.363915654238235e-05,4302.75,False,True,repeated value in upper 1% tail
2005,11050.0,2,1.745566261695294e-05,4302.75,False,True,repeated value in upper 1% tail
2005,11300.0,2,1.745566261695294e-05,4302.75,False,True,repeated value in upper 1% tail
2005,12000.0,9,7.855048177628823e-05,4302.75,False,True,repeated value in upper 1% tail
2005,12500.0,3,2.618349392542941e-05,4302.75,False,True,repeated value in upper 1% tail
2005,13000.0,3,2.618349392542941e-05,4302.75,False,True,repeated value in upper 1% tail
2005,13333.0,2,1.745566261695294e-05,4302.75,False,True,repeated value in upper 1% tail
2005,13500.0,2,1.745566261695294e-05,4302.75,False,True,repeated value in upper 1% tail
2005,14300.0,2,1.745566261695294e-05,4302.75,False,True,repeated value in upper 1% tail
2005,15000.0,5,4.363915654238235e-05,4302.75,False,True,repeated value in upper 1% tail
2005,15650.0,2,1.745566261695294e-05,4302.75,False,True,repeated value in upper 1% tail
2005,16000.0,2,1.745566261695294e-05,4302.75,False,True,repeated value in upper 1% tail
2005,18000.0,3,2.618349392542941e-05,4302.75,False,True,repeated value in upper 1% tail
2005,18333.0,2,1.745566261695294e-05,4302.75,False,True,repeated value in upper 1% tail
2005,18500.0,2,1.745566261695294e-05,4302.75,False,True,repeated value in upper 1% tail
2005,20000.0,2,1.745566261695294e-05,4302.75,False,True,repeated value in upper 1% tail
2005,25000.0,3,2.618349392542941e-05,4302.75,False,True,repeated value in upper 1% tail
2006,4850.0,7,6.0171574947994566e-05,4850.0,False,True,repeated value in upper 1% tail
2006,4900.0,8,6.87675142262795e-05,4850.0,False,True,repeated value in upper 1% tail
2006,4925.0,3,2.5787817834854816e-05,4850.0,False,True,repeated value in upper 1% tail
2006,4933.0,3,2.5787817834854816e-05,4850.0,False,True,repeated value in upper 1% tail
2006,4950.0,3,2.5787817834854816e-05,4850.0,False,True,repeated value in upper 1% tail
2006,5000.0,130,0.001117472106177042,4850.0,False,True,repeated value in upper 1% tail
2006,5010.0,2,1.7191878556569876e-05,4850.0,False,True,repeated value in upper 1% tail
2006,5025.0,3,2.5787817834854816e-05,4850.0,False,True,repeated value in upper 1% tail
2006,5050.0,3,2.5787817834854816e-05,4850.0,False,True,repeated value in upper 1% tail
2006,5100.0,5,4.297969639142469e-05,4850.0,False,True,repeated value in upper 1% tail
2006,5125.0,2,1.7191878556569876e-05,4850.0,False,True,repeated value in upper 1% tail
2006,5133.0,2,1.7191878556569876e-05,4850.0,False,True,repeated value in upper 1% tail
2006,5150.0,5,4.297969639142469e-05,4850.0,False,True,repeated value in upper 1% tail
2006,5175.0,4,3.438375711313975e-05,4850.0,False,True,repeated value in upper 1% tail
2006,5200.0,13,0.0001117472106177042,4850.0,False,True,repeated value in upper 1% tail
2006,5210.0,2,1.7191878556569876e-05,4850.0,False,True,repeated value in upper 1% tail
2006,5250.0,20,0.00017191878556569877,4850.0,False,True,repeated value in upper 1% tail
2006,5300.0,6,5.157563566970963e-05,4850.0,False,True,repeated value in upper 1% tail
2006,5333.0,10,8.595939278284939e-05,4850.0,False,True,repeated value in upper 1% tail
2006,5350.0,5,4.297969639142469e-05,4850.0,False,True,repeated value in upper 1% tail
2006,5400.0,9,7.736345350456444e-05,4850.0,False,True,repeated value in upper 1% tail
2006,5450.0,5,4.297969639142469e-05,4850.0,False,True,repeated value in upper 1% tail
2006,5462.0,2,1.7191878556569876e-05,4850.0,False,True,repeated value in upper 1% tail
2006,5500.0,41,0.0003524335104096825,4850.0,False,True,repeated value in upper 1% tail
2006,5550.0,3,2.5787817834854816e-05,4850.0,False,True,repeated value in upper 1% tail
2006,5566.0,2,1.7191878556569876e-05,4850.0,False,True,repeated value in upper 1% tail
2006,5600.0,4,3.438375711313975e-05,4850.0,False,True,repeated value in upper 1% tail
2006,5625.0,2,1.7191878556569876e-05,4850.0,False,True,repeated value in upper 1% tail
2006,5650.0,2,1.7191878556569876e-05,4850.0,False,True,repeated value in upper 1% tail
2006,5666.0,9,7.736345350456444e-05,4850.0,False,True,repeated value in upper 1% tail
2006,5680.0,2,1.7191878556569876e-05,4850.0,False,True,repeated value in upper 1% tail
2006,5700.0,4,3.438375711313975e-05,4850.0,False,True,repeated value in upper 1% tail
2006,5750.0,8,6.87675142262795e-05,4850.0,False,True,repeated value in upper 1% tail
2006,5800.0,11,9.455533206113432e-05,4850.0,False,True,repeated value in upper 1% tail
2006,5825.0,3,2.5787817834854816e-05,4850.0,False,True,repeated value in upper 1% tail
2006,5850.0,3,2.5787817834854816e-05,4850.0,False,True,repeated value in upper 1% tail
2006,5875.0,2,1.7191878556569876e-05,4850.0,False,True,repeated value in upper 1% tail
2006,5900.0,6,5.157563566970963e-05,4850.0,False,True,repeated value in upper 1% tail
2006,5950.0,4,3.438375711313975e-05,4850.0,False,True,repeated value in upper 1% tail
2006,5960.0,2,1.7191878556569876e-05,4850.0,False,True,repeated value in upper 1% tail
2006,6000.0,59,0.0005071604174188113,4850.0,False,True,repeated value in upper 1% tail
2006,6100.0,9,7.736345350456444e-05,4850.0,False,True,repeated value in upper 1% tail
2006,6150.0,4,3.438375711313975e-05,4850.0,False,True,repeated value in upper 1% tail
2006,6166.0,2,1.7191878556569876e-05,4850.0,False,True,repeated value in upper 1% tail
2006,6200.0,8,6.87675142262795e-05,4850.0,False,True,repeated value in upper 1% tail
2006,6250.0,12,0.00010315127133941927,4850.0,False,True,repeated value in upper 1% tail
2006,6300.0,9,7.736345350456444e-05,4850.0,False,True,repeated value in upper 1% tail
2006,6333.0,2,1.7191878556569876e-05,4850.0,False,True,repeated value in upper 1% tail
2006,6350.0,2,1.7191878556569876e-05,4850.0,False,True,repeated value in upper 1% tail
2006,6383.0,2,1.7191878556569876e-05,4850.0,False,True,repeated value in upper 1% tail
2006,6400.0,5,4.297969639142469e-05,4850.0,False,True,repeated value in upper 1% tail
2006,6500.0,29,0.0002492822390702632,4850.0,False,True,repeated value in upper 1% tail
2006,6533.0,2,1.7191878556569876e-05,4850.0,False,True,repeated value in upper 1% tail
2006,6600.0,4,3.438375711313975e-05,4850.0,False,True,repeated value in upper 1% tail
2006,6666.0,5,4.297969639142469e-05,4850.0,False,True,repeated value in upper 1% tail
2006,6675.0,2,1.7191878556569876e-05,4850.0,False,True,repeated value in upper 1% tail
2006,6700.0,3,2.5787817834854816e-05,4850.0,False,True,repeated value in upper 1% tail
2006,6750.0,5,4.297969639142469e-05,4850.0,False,True,repeated value in upper 1% tail
2006,6775.0,2,1.7191878556569876e-05,4850.0,False,True,repeated value in upper 1% tail
2006,6800.0,5,4.297969639142469e-05,4850.0,False,True,repeated value in upper 1% tail
2006,6833.0,2,1.7191878556569876e-05,4850.0,False,True,repeated value in upper 1% tail
2006,6850.0,2,1.7191878556569876e-05,4850.0,False,True,repeated value in upper 1% tail
2006,6900.0,4,3.438375711313975e-05,4850.0,False,True,repeated value in upper 1% tail
2006,6966.0,2,1.7191878556569876e-05,4850.0,False,True,repeated value in upper 1% tail
2006,7000.0,55,0.0004727766603056716,4850.0,False,True,repeated value in upper 1% tail
2006,7100.0,6,5.157563566970963e-05,4850.0,False,True,repeated value in upper 1% tail
2006,7200.0,10,8.595939278284939e-05,4850.0,False,True,repeated value in upper 1% tail
2006,7250.0,6,5.157563566970963e-05,4850.0,False,True,repeated value in upper 1% tail
2006,7300.0,4,3.438375711313975e-05,4850.0,False,True,repeated value in upper 1% tail
2006,7400.0,6,5.157563566970963e-05,4850.0,False,True,repeated value in upper 1% tail
2006,7450.0,2,1.7191878556569876e-05,4850.0,False,True,repeated value in upper 1% tail
2006,7500.0,19,0.00016332284628741382,4850.0,False,True,repeated value in upper 1% tail
2006,7666.0,2,1.7191878556569876e-05,4850.0,False,True,repeated value in upper 1% tail
2006,7700.0,7,6.0171574947994566e-05,4850.0,False,True,repeated value in upper 1% tail
2006,7800.0,4,3.438375711313975e-05,4850.0,False,True,repeated value in upper 1% tail
2006,8000.0,38,0.00032664569257482765,4850.0,False,True,repeated value in upper 1% tail
2006,8100.0,2,1.7191878556569876e-05,4850.0,False,True,repeated value in upper 1% tail
2006,8250.0,3,2.5787817834854816e-05,4850.0,False,True,repeated value in upper 1% tail
2006,8300.0,5,4.297969639142469e-05,4850.0,False,True,repeated value in upper 1% tail
2006,8333.0,4,3.438375711313975e-05,4850.0,False,True,repeated value in upper 1% tail
2006,8400.0,4,3.438375711313975e-05,4850.0,False,True,repeated value in upper 1% tail
2006,8500.0,11,9.455533206113432e-05,4850.0,False,True,repeated value in upper 1% tail
2006,8600.0,3,2.5787817834854816e-05,4850.0,False,True,repeated value in upper 1% tail
2006,8700.0,2,1.7191878556569876e-05,4850.0,False,True,repeated value in upper 1% tail
2006,8750.0,3,2.5787817834854816e-05,4850.0,False,True,repeated value in upper 1% tail
2006,8800.0,5,4.297969639142469e-05,4850.0,False,True,repeated value in upper 1% tail
2006,8900.0,3,2.5787817834854816e-05,4850.0,False,True,repeated value in upper 1% tail
2006,8950.0,2,1.7191878556569876e-05,4850.0,False,True,repeated value in upper 1% tail
2006,9000.0,19,0.00016332284628741382,4850.0,False,True,repeated value in upper 1% tail
2006,9100.0,2,1.7191878556569876e-05,4850.0,False,True,repeated value in upper 1% tail
2006,9200.0,3,2.5787817834854816e-05,4850.0,False,True,repeated value in upper 1% tail
2006,9300.0,4,3.438375711313975e-05,4850.0,False,True,repeated value in upper 1% tail
2006,9350.0,2,1.7191878556569876e-05,4850.0,False,True,repeated value in upper 1% tail
2006,9500.0,7,6.0171574947994566e-05,4850.0,False,True,repeated value in upper 1% tail
2006,9666.0,2,1.7191878556569876e-05,4850.0,False,True,repeated value in upper 1% tail
2006,10000.0,32,0.000275070056905118,4850.0,False,True,repeated value in upper 1% tail
2006,10300.0,2,1.7191878556569876e-05,4850.0,False,True,repeated value in upper 1% tail
2006,10500.0,3,2.5787817834854816e-05,4850.0,False,True,repeated value in upper 1% tail
2006,10700.0,2,1.7191878556569876e-05,4850.0,False,True,repeated value in upper 1% tail
2006,10750.0,2,1.7191878556569876e-05,4850.0,False,True,repeated value in upper 1% tail
2006,10900.0,2,1.7191878556569876e-05,4850.0,False,True,repeated value in upper 1% tail
2006,11000.0,8,6.87675142262795e-05,4850.0,False,True,repeated value in upper 1% tail
2006,11500.0,2,1.7191878556569876e-05,4850.0,False,True,repeated value in upper 1% tail
2006,11666.0,2,1.7191878556569876e-05,4850.0,False,True,repeated value in upper 1% tail
2006,12000.0,10,8.595939278284939e-05,4850.0,False,True,repeated value in upper 1% tail
2006,12200.0,3,2.5787817834854816e-05,4850.0,False,True,repeated value in upper 1% tail
2006,12250.0,2,1.7191878556569876e-05,4850.0,False,True,repeated value in upper 1% tail
2006,12300.0,3,2.5787817834854816e-05,4850.0,False,True,repeated value in upper 1% tail
2006,12500.0,4,3.438375711313975e-05,4850.0,False,True,repeated value in upper 1% tail
2006,13000.0,5,4.297969639142469e-05,4850.0,False,True,repeated value in upper 1% tail
2006,13300.0,2,1.7191878556569876e-05,4850.0,False,True,repeated value in upper 1% tail
2006,14000.0,3,2.5787817834854816e-05,4850.0,False,True,repeated value in upper 1% tail
2006,15000.0,12,0.00010315127133941927,4850.0,False,True,repeated value in upper 1% tail
2006,16000.0,2,1.7191878556569876e-05,4850.0,False,True,repeated value in upper 1% tail
2006,17000.0,2,1.7191878556569876e-05,4850.0,False,True,repeated value in upper 1% tail
2006,19000.0,2,1.7191878556569876e-05,4850.0,False,True,repeated value in upper 1% tail
2006,25000.0,2,1.7191878556569876e-05,4850.0,False,True,repeated value in upper 1% tail
2007,5000.0,161,0.0013986378483563833,5000.0,False,True,repeated value in upper 1% tail
2007,5050.0,5,4.343595802349017e-05,5000.0,False,True,repeated value in upper 1% tail
2007,5060.0,2,1.7374383209396066e-05,5000.0,False,True,repeated value in upper 1% tail
2007,5075.0,2,1.7374383209396066e-05,5000.0,False,True,repeated value in upper 1% tail
2007,5100.0,9,7.81847244422823e-05,5000.0,False,True,repeated value in upper 1% tail
2007,5125.0,2,1.7374383209396066e-05,5000.0,False,True,repeated value in upper 1% tail
2007,5126.0,2,1.7374383209396066e-05,5000.0,False,True,repeated value in upper 1% tail
2007,5150.0,5,4.343595802349017e-05,5000.0,False,True,repeated value in upper 1% tail
2007,5166.0,4,3.474876641879213e-05,5000.0,False,True,repeated value in upper 1% tail
2007,5190.0,4,3.474876641879213e-05,5000.0,False,True,repeated value in upper 1% tail
2007,5200.0,14,0.00012162068246577247,5000.0,False,True,repeated value in upper 1% tail
2007,5233.0,4,3.474876641879213e-05,5000.0,False,True,repeated value in upper 1% tail
2007,5250.0,17,0.00014768225727986657,5000.0,False,True,repeated value in upper 1% tail
2007,5266.0,2,1.7374383209396066e-05,5000.0,False,True,repeated value in upper 1% tail
2007,5300.0,5,4.343595802349017e-05,5000.0,False,True,repeated value in upper 1% tail
2007,5333.0,8,6.949753283758427e-05,5000.0,False,True,repeated value in upper 1% tail
2007,5350.0,5,4.343595802349017e-05,5000.0,False,True,repeated value in upper 1% tail
2007,5375.0,3,2.60615748140941e-05,5000.0,False,True,repeated value in upper 1% tail
2007,5380.0,4,3.474876641879213e-05,5000.0,False,True,repeated value in upper 1% tail
2007,5400.0,8,6.949753283758427e-05,5000.0,False,True,repeated value in upper 1% tail
2007,5433.0,2,1.7374383209396066e-05,5000.0,False,True,repeated value in upper 1% tail
2007,5450.0,2,1.7374383209396066e-05,5000.0,False,True,repeated value in upper 1% tail
2007,5500.0,44,0.00038223643060671347,5000.0,False,True,repeated value in upper 1% tail
2007,5533.0,4,3.474876641879213e-05,5000.0,False,True,repeated value in upper 1% tail
2007,5550.0,2,1.7374383209396066e-05,5000.0,False,True,repeated value in upper 1% tail
2007,5600.0,9,7.81847244422823e-05,5000.0,False,True,repeated value in upper 1% tail
2007,5650.0,3,2.60615748140941e-05,5000.0,False,True,repeated value in upper 1% tail
2007,5666.0,3,2.60615748140941e-05,5000.0,False,True,repeated value in upper 1% tail
2007,5700.0,11,9.555910765167837e-05,5000.0,False,True,repeated value in upper 1% tail
2007,5750.0,10,8.687191604698034e-05,5000.0,False,True,repeated value in upper 1% tail
2007,5753.0,2,1.7374383209396066e-05,5000.0,False,True,repeated value in upper 1% tail
2007,5766.0,5,4.343595802349017e-05,5000.0,False,True,repeated value in upper 1% tail
2007,5800.0,10,8.687191604698034e-05,5000.0,False,True,repeated value in upper 1% tail
2007,5825.0,2,1.7374383209396066e-05,5000.0,False,True,repeated value in upper 1% tail
2007,5850.0,4,3.474876641879213e-05,5000.0,False,True,repeated value in upper 1% tail
2007,5866.0,2,1.7374383209396066e-05,5000.0,False,True,repeated value in upper 1% tail
2007,5875.0,2,1.7374383209396066e-05,5000.0,False,True,repeated value in upper 1% tail
2007,5900.0,7,6.0810341232886235e-05,5000.0,False,True,repeated value in upper 1% tail
2007,5950.0,3,2.60615748140941e-05,5000.0,False,True,repeated value in upper 1% tail
2007,6000.0,79,0.0006862881367711446,5000.0,False,True,repeated value in upper 1% tail
2007,6020.0,2,1.7374383209396066e-05,5000.0,False,True,repeated value in upper 1% tail
2007,6050.0,2,1.7374383209396066e-05,5000.0,False,True,repeated value in upper 1% tail
2007,6075.0,2,1.7374383209396066e-05,5000.0,False,True,repeated value in upper 1% tail
2007,6166.0,3,2.60615748140941e-05,5000.0,False,True,repeated value in upper 1% tail
2007,6200.0,5,4.343595802349017e-05,5000.0,False,True,repeated value in upper 1% tail
2007,6250.0,9,7.81847244422823e-05,5000.0,False,True,repeated value in upper 1% tail
2007,6300.0,7,6.0810341232886235e-05,5000.0,False,True,repeated value in upper 1% tail
2007,6333.0,4,3.474876641879213e-05,5000.0,False,True,repeated value in upper 1% tail
2007,6350.0,5,4.343595802349017e-05,5000.0,False,True,repeated value in upper 1% tail
2007,6380.0,3,2.60615748140941e-05,5000.0,False,True,repeated value in upper 1% tail
2007,6400.0,5,4.343595802349017e-05,5000.0,False,True,repeated value in upper 1% tail
2007,6450.0,2,1.7374383209396066e-05,5000.0,False,True,repeated value in upper 1% tail
2007,6475.0,2,1.7374383209396066e-05,5000.0,False,True,repeated value in upper 1% tail
2007,6500.0,32,0.00027799013135033706,5000.0,False,True,repeated value in upper 1% tail
2007,6600.0,6,5.21231496281882e-05,5000.0,False,True,repeated value in upper 1% tail
2007,6666.0,9,7.81847244422823e-05,5000.0,False,True,repeated value in upper 1% tail
2007,6700.0,4,3.474876641879213e-05,5000.0,False,True,repeated value in upper 1% tail
2007,6750.0,7,6.0810341232886235e-05,5000.0,False,True,repeated value in upper 1% tail
2007,6800.0,4,3.474876641879213e-05,5000.0,False,True,repeated value in upper 1% tail
2007,6850.0,4,3.474876641879213e-05,5000.0,False,True,repeated value in upper 1% tail
2007,6900.0,2,1.7374383209396066e-05,5000.0,False,True,repeated value in upper 1% tail
2007,6950.0,4,3.474876641879213e-05,5000.0,False,True,repeated value in upper 1% tail
2007,7000.0,44,0.00038223643060671347,5000.0,False,True,repeated value in upper 1% tail
2007,7100.0,3,2.60615748140941e-05,5000.0,False,True,repeated value in upper 1% tail
2007,7200.0,6,5.21231496281882e-05,5000.0,False,True,repeated value in upper 1% tail
2007,7250.0,5,4.343595802349017e-05,5000.0,False,True,repeated value in upper 1% tail
2007,7300.0,3,2.60615748140941e-05,5000.0,False,True,repeated value in upper 1% tail
2007,7333.0,6,5.21231496281882e-05,5000.0,False,True,repeated value in upper 1% tail
2007,7400.0,7,6.0810341232886235e-05,5000.0,False,True,repeated value in upper 1% tail
2007,7500.0,25,0.00021717979011745084,5000.0,False,True,repeated value in upper 1% tail
2007,7550.0,3,2.60615748140941e-05,5000.0,False,True,repeated value in upper 1% tail
2007,7600.0,9,7.81847244422823e-05,5000.0,False,True,repeated value in upper 1% tail
2007,7650.0,2,1.7374383209396066e-05,5000.0,False,True,repeated value in upper 1% tail
2007,7666.0,3,2.60615748140941e-05,5000.0,False,True,repeated value in upper 1% tail
2007,7690.0,2,1.7374383209396066e-05,5000.0,False,True,repeated value in upper 1% tail
2007,7750.0,3,2.60615748140941e-05,5000.0,False,True,repeated value in upper 1% tail
2007,7800.0,2,1.7374383209396066e-05,5000.0,False,True,repeated value in upper 1% tail
2007,7850.0,2,1.7374383209396066e-05,5000.0,False,True,repeated value in upper 1% tail
2007,7866.0,2,1.7374383209396066e-05,5000.0,False,True,repeated value in upper 1% tail
2007,7900.0,2,1.7374383209396066e-05,5000.0,False,True,repeated value in upper 1% tail
2007,8000.0,28,0.00024324136493154494,5000.0,False,True,repeated value in upper 1% tail
2007,8200.0,3,2.60615748140941e-05,5000.0,False,True,repeated value in upper 1% tail
2007,8250.0,3,2.60615748140941e-05,5000.0,False,True,repeated value in upper 1% tail
2007,8300.0,4,3.474876641879213e-05,5000.0,False,True,repeated value in upper 1% tail
2007,8400.0,2,1.7374383209396066e-05,5000.0,False,True,repeated value in upper 1% tail
2007,8500.0,6,5.21231496281882e-05,5000.0,False,True,repeated value in upper 1% tail
2007,8600.0,4,3.474876641879213e-05,5000.0,False,True,repeated value in upper 1% tail
2007,8700.0,2,1.7374383209396066e-05,5000.0,False,True,repeated value in upper 1% tail
2007,8750.0,10,8.687191604698034e-05,5000.0,False,True,repeated value in upper 1% tail
2007,8850.0,2,1.7374383209396066e-05,5000.0,False,True,repeated value in upper 1% tail
2007,9000.0,23,0.00019980540690805475,5000.0,False,True,repeated value in upper 1% tail
2007,9150.0,2,1.7374383209396066e-05,5000.0,False,True,repeated value in upper 1% tail
2007,9200.0,2,1.7374383209396066e-05,5000.0,False,True,repeated value in upper 1% tail
2007,9250.0,3,2.60615748140941e-05,5000.0,False,True,repeated value in upper 1% tail
2007,9350.0,2,1.7374383209396066e-05,5000.0,False,True,repeated value in upper 1% tail
2007,9500.0,12,0.0001042462992563764,5000.0,False,True,repeated value in upper 1% tail
2007,9666.0,2,1.7374383209396066e-05,5000.0,False,True,repeated value in upper 1% tail
2007,9800.0,4,3.474876641879213e-05,5000.0,False,True,repeated value in upper 1% tail
2007,10000.0,40,0.00034748766418792135,5000.0,False,True,repeated value in upper 1% tail
2007,10100.0,2,1.7374383209396066e-05,5000.0,False,True,repeated value in upper 1% tail
2007,10150.0,2,1.7374383209396066e-05,5000.0,False,True,repeated value in upper 1% tail
2007,10250.0,2,1.7374383209396066e-05,5000.0,False,True,repeated value in upper 1% tail
2007,10400.0,3,2.60615748140941e-05,5000.0,False,True,repeated value in upper 1% tail
2007,10500.0,11,9.555910765167837e-05,5000.0,False,True,repeated value in upper 1% tail
2007,10750.0,4,3.474876641879213e-05,5000.0,False,True,repeated value in upper 1% tail
2007,10900.0,3,2.60615748140941e-05,5000.0,False,True,repeated value in upper 1% tail
2007,11000.0,11,9.555910765167837e-05,5000.0,False,True,repeated value in upper 1% tail
2007,11250.0,2,1.7374383209396066e-05,5000.0,False,True,repeated value in upper 1% tail
2007,11500.0,2,1.7374383209396066e-05,5000.0,False,True,repeated value in upper 1% tail
2007,11600.0,2,1.7374383209396066e-05,5000.0,False,True,repeated value in upper 1% tail
2007,11900.0,2,1.7374383209396066e-05,5000.0,False,True,repeated value in upper 1% tail
2007,12000.0,9,7.81847244422823e-05,5000.0,False,True,repeated value in upper 1% tail
2007,12800.0,2,1.7374383209396066e-05,5000.0,False,True,repeated value in upper 1% tail
2007,13000.0,2,1.7374383209396066e-05,5000.0,False,True,repeated value in upper 1% tail
2007,13125.0,2,1.7374383209396066e-05,5000.0,False,True,repeated value in upper 1% tail
2007,13200.0,2,1.7374383209396066e-05,5000.0,False,True,repeated value in upper 1% tail
2007,13500.0,3,2.60615748140941e-05,5000.0,False,True,repeated value in upper 1% tail
2007,14000.0,8,6.949753283758427e-05,5000.0,False,True,repeated value in upper 1% tail
2007,14400.0,2,1.7374383209396066e-05,5000.0,False,True,repeated value in upper 1% tail
2007,15000.0,13,0.00011293349086107443,5000.0,False,True,repeated value in upper 1% tail
2007,15750.0,2,1.7374383209396066e-05,5000.0,False,True,repeated value in upper 1% tail
2007,20000.0,7,6.0810341232886235e-05,5000.0,False,True,repeated value in upper 1% tail
2007,25000.0,3,2.60615748140941e-05,5000.0,False,True,repeated value in upper 1% tail
2007,50000.0,2,1.7374383209396066e-05,5000.0,False,True,repeated value in upper 1% tail
2008,5550.0,3,2.612739718869206e-05,5538.739999999962,False,True,repeated value in upper 1% tail
2008,5566.0,3,2.612739718869206e-05,5538.739999999962,False,True,repeated value in upper 1% tail
2008,5600.0,8,6.96730591698455e-05,5538.739999999962,False,True,repeated value in upper 1% tail
2008,5650.0,8,6.96730591698455e-05,5538.739999999962,False,True,repeated value in upper 1% tail
2008,5666.0,14,0.00012192785354722963,5538.739999999962,False,True,repeated value in upper 1% tail
2008,5700.0,5,4.354566198115344e-05,5538.739999999962,False,True,repeated value in upper 1% tail
2008,5725.0,3,2.612739718869206e-05,5538.739999999962,False,True,repeated value in upper 1% tail
2008,5733.0,3,2.612739718869206e-05,5538.739999999962,False,True,repeated value in upper 1% tail
2008,5750.0,14,0.00012192785354722963,5538.739999999962,False,True,repeated value in upper 1% tail
2008,5766.0,2,1.7418264792461376e-05,5538.739999999962,False,True,repeated value in upper 1% tail
2008,5775.0,2,1.7418264792461376e-05,5538.739999999962,False,True,repeated value in upper 1% tail
2008,5800.0,10,8.709132396230687e-05,5538.739999999962,False,True,repeated value in upper 1% tail
2008,5833.0,4,3.483652958492275e-05,5538.739999999962,False,True,repeated value in upper 1% tail
2008,5850.0,8,6.96730591698455e-05,5538.739999999962,False,True,repeated value in upper 1% tail
2008,5900.0,6,5.225479437738412e-05,5538.739999999962,False,True,repeated value in upper 1% tail
2008,5950.0,2,1.7418264792461376e-05,5538.739999999962,False,True,repeated value in upper 1% tail
2008,6000.0,96,0.000836076710038146,5538.739999999962,False,True,repeated value in upper 1% tail
2008,6020.0,3,2.612739718869206e-05,5538.739999999962,False,True,repeated value in upper 1% tail
2008,6050.0,3,2.612739718869206e-05,5538.739999999962,False,True,repeated value in upper 1% tail
2008,6100.0,10,8.709132396230687e-05,5538.739999999962,False,True,repeated value in upper 1% tail
2008,6125.0,2,1.7418264792461376e-05,5538.739999999962,False,True,repeated value in upper 1% tail
2008,6130.0,3,2.612739718869206e-05,5538.739999999962,False,True,repeated value in upper 1% tail
2008,6133.0,2,1.7418264792461376e-05,5538.739999999962,False,True,repeated value in upper 1% tail
2008,6150.0,3,2.612739718869206e-05,5538.739999999962,False,True,repeated value in upper 1% tail
2008,6166.0,2,1.7418264792461376e-05,5538.739999999962,False,True,repeated value in upper 1% tail
2008,6200.0,6,5.225479437738412e-05,5538.739999999962,False,True,repeated value in upper 1% tail
2008,6250.0,8,6.96730591698455e-05,5538.739999999962,False,True,repeated value in upper 1% tail
2008,6300.0,6,5.225479437738412e-05,5538.739999999962,False,True,repeated value in upper 1% tail
2008,6333.0,7,6.0963926773614813e-05,5538.739999999962,False,True,repeated value in upper 1% tail
2008,6350.0,4,3.483652958492275e-05,5538.739999999962,False,True,repeated value in upper 1% tail
2008,6400.0,9,7.838219156607619e-05,5538.739999999962,False,True,repeated value in upper 1% tail
2008,6433.0,2,1.7418264792461376e-05,5538.739999999962,False,True,repeated value in upper 1% tail
2008,6450.0,3,2.612739718869206e-05,5538.739999999962,False,True,repeated value in upper 1% tail
2008,6500.0,31,0.0002699831042831513,5538.739999999962,False,True,repeated value in upper 1% tail
2008,6600.0,7,6.0963926773614813e-05,5538.739999999962,False,True,repeated value in upper 1% tail
2008,6625.0,2,1.7418264792461376e-05,5538.739999999962,False,True,repeated value in upper 1% tail
2008,6633.0,2,1.7418264792461376e-05,5538.739999999962,False,True,repeated value in upper 1% tail
2008,6650.0,3,2.612739718869206e-05,5538.739999999962,False,True,repeated value in upper 1% tail
2008,6666.0,9,7.838219156607619e-05,5538.739999999962,False,True,repeated value in upper 1% tail
2008,6700.0,5,4.354566198115344e-05,5538.739999999962,False,True,repeated value in upper 1% tail
2008,6750.0,9,7.838219156607619e-05,5538.739999999962,False,True,repeated value in upper 1% tail
2008,6800.0,4,3.483652958492275e-05,5538.739999999962,False,True,repeated value in upper 1% tail
2008,6833.0,2,1.7418264792461376e-05,5538.739999999962,False,True,repeated value in upper 1% tail
2008,6850.0,4,3.483652958492275e-05,5538.739999999962,False,True,repeated value in upper 1% tail
2008,6900.0,6,5.225479437738412e-05,5538.739999999962,False,True,repeated value in upper 1% tail
2008,6950.0,2,1.7418264792461376e-05,5538.739999999962,False,True,repeated value in upper 1% tail
2008,7000.0,53,0.00046158401700022644,5538.739999999962,False,True,repeated value in upper 1% tail
2008,7100.0,4,3.483652958492275e-05,5538.739999999962,False,True,repeated value in upper 1% tail
2008,7150.0,4,3.483652958492275e-05,5538.739999999962,False,True,repeated value in upper 1% tail
2008,7166.0,2,1.7418264792461376e-05,5538.739999999962,False,True,repeated value in upper 1% tail
2008,7200.0,5,4.354566198115344e-05,5538.739999999962,False,True,repeated value in upper 1% tail
2008,7250.0,2,1.7418264792461376e-05,5538.739999999962,False,True,repeated value in upper 1% tail
2008,7300.0,5,4.354566198115344e-05,5538.739999999962,False,True,repeated value in upper 1% tail
2008,7333.0,5,4.354566198115344e-05,5538.739999999962,False,True,repeated value in upper 1% tail
2008,7400.0,6,5.225479437738412e-05,5538.739999999962,False,True,repeated value in upper 1% tail
2008,7466.0,2,1.7418264792461376e-05,5538.739999999962,False,True,repeated value in upper 1% tail
2008,7500.0,36,0.00031352876626430476,5538.739999999962,False,True,repeated value in upper 1% tail
2008,7550.0,2,1.7418264792461376e-05,5538.739999999962,False,True,repeated value in upper 1% tail
2008,7600.0,2,1.7418264792461376e-05,5538.739999999962,False,True,repeated value in upper 1% tail
2008,7666.0,5,4.354566198115344e-05,5538.739999999962,False,True,repeated value in upper 1% tail
2008,7750.0,6,5.225479437738412e-05,5538.739999999962,False,True,repeated value in upper 1% tail
2008,7790.0,2,1.7418264792461376e-05,5538.739999999962,False,True,repeated value in upper 1% tail
2008,7800.0,4,3.483652958492275e-05,5538.739999999962,False,True,repeated value in upper 1% tail
2008,7950.0,2,1.7418264792461376e-05,5538.739999999962,False,True,repeated value in upper 1% tail
2008,8000.0,35,0.0003048196338680741,5538.739999999962,False,True,repeated value in upper 1% tail
2008,8100.0,2,1.7418264792461376e-05,5538.739999999962,False,True,repeated value in upper 1% tail
2008,8200.0,4,3.483652958492275e-05,5538.739999999962,False,True,repeated value in upper 1% tail
2008,8250.0,3,2.612739718869206e-05,5538.739999999962,False,True,repeated value in upper 1% tail
2008,8300.0,2,1.7418264792461376e-05,5538.739999999962,False,True,repeated value in upper 1% tail
2008,8333.0,2,1.7418264792461376e-05,5538.739999999962,False,True,repeated value in upper 1% tail
2008,8400.0,3,2.612739718869206e-05,5538.739999999962,False,True,repeated value in upper 1% tail
2008,8415.0,2,1.7418264792461376e-05,5538.739999999962,False,True,repeated value in upper 1% tail
2008,8450.0,2,1.7418264792461376e-05,5538.739999999962,False,True,repeated value in upper 1% tail
2008,8500.0,18,0.00015676438313215238,5538.739999999962,False,True,repeated value in upper 1% tail
2008,8530.0,2,1.7418264792461376e-05,5538.739999999962,False,True,repeated value in upper 1% tail
2008,8600.0,3,2.612739718869206e-05,5538.739999999962,False,True,repeated value in upper 1% tail
2008,8700.0,2,1.7418264792461376e-05,5538.739999999962,False,True,repeated value in upper 1% tail
2008,8750.0,4,3.483652958492275e-05,5538.739999999962,False,True,repeated value in upper 1% tail
2008,9000.0,33,0.0002874013690756127,5538.739999999962,False,True,repeated value in upper 1% tail
2008,9033.0,2,1.7418264792461376e-05,5538.739999999962,False,True,repeated value in upper 1% tail
2008,9138.0,2,1.7418264792461376e-05,5538.739999999962,False,True,repeated value in upper 1% tail
2008,9200.0,2,1.7418264792461376e-05,5538.739999999962,False,True,repeated value in upper 1% tail
2008,9333.0,2,1.7418264792461376e-05,5538.739999999962,False,True,repeated value in upper 1% tail
2008,9500.0,7,6.0963926773614813e-05,5538.739999999962,False,True,repeated value in upper 1% tail
2008,9600.0,5,4.354566198115344e-05,5538.739999999962,False,True,repeated value in upper 1% tail
2008,9750.0,2,1.7418264792461376e-05,5538.739999999962,False,True,repeated value in upper 1% tail
2008,9800.0,3,2.612739718869206e-05,5538.739999999962,False,True,repeated value in upper 1% tail
2008,9866.0,2,1.7418264792461376e-05,5538.739999999962,False,True,repeated value in upper 1% tail
2008,10000.0,52,0.00045287488460399577,5538.739999999962,False,True,repeated value in upper 1% tail
2008,10200.0,4,3.483652958492275e-05,5538.739999999962,False,True,repeated value in upper 1% tail
2008,10500.0,12,0.00010450958875476824,5538.739999999962,False,True,repeated value in upper 1% tail
2008,11000.0,12,0.00010450958875476824,5538.739999999962,False,True,repeated value in upper 1% tail
2008,11250.0,2,1.7418264792461376e-05,5538.739999999962,False,True,repeated value in upper 1% tail
2008,11500.0,5,4.354566198115344e-05,5538.739999999962,False,True,repeated value in upper 1% tail
2008,11625.0,2,1.7418264792461376e-05,5538.739999999962,False,True,repeated value in upper 1% tail
2008,11707.0,2,1.7418264792461376e-05,5538.739999999962,False,True,repeated value in upper 1% tail
2008,12000.0,17,0.00014805525073592168,5538.739999999962,False,True,repeated value in upper 1% tail
2008,12500.0,4,3.483652958492275e-05,5538.739999999962,False,True,repeated value in upper 1% tail
2008,13000.0,7,6.0963926773614813e-05,5538.739999999962,False,True,repeated value in upper 1% tail
2008,13500.0,3,2.612739718869206e-05,5538.739999999962,False,True,repeated value in upper 1% tail
2008,13800.0,2,1.7418264792461376e-05,5538.739999999962,False,True,repeated value in upper 1% tail
2008,14000.0,8,6.96730591698455e-05,5538.739999999962,False,True,repeated value in upper 1% tail
2008,14500.0,2,1.7418264792461376e-05,5538.739999999962,False,True,repeated value in upper 1% tail
2008,14600.0,2,1.7418264792461376e-05,5538.739999999962,False,True,repeated value in upper 1% tail
2008,15000.0,10,8.709132396230687e-05,5538.739999999962,False,True,repeated value in upper 1% tail
2008,15500.0,2,1.7418264792461376e-05,5538.739999999962,False,True,repeated value in upper 1% tail
2008,16000.0,10,8.709132396230687e-05,5538.739999999962,False,True,repeated value in upper 1% tail
2008,16200.0,2,1.7418264792461376e-05,5538.739999999962,False,True,repeated value in upper 1% tail
2008,16600.0,2,1.7418264792461376e-05,5538.739999999962,False,True,repeated value in upper 1% tail
2008,17000.0,5,4.354566198115344e-05,5538.739999999962,False,True,repeated value in upper 1% tail
2008,17500.0,3,2.612739718869206e-05,5538.739999999962,False,True,repeated value in upper 1% tail
2008,18000.0,5,4.354566198115344e-05,5538.739999999962,False,True,repeated value in upper 1% tail
2008,20000.0,8,6.96730591698455e-05,5538.739999999962,False,True,repeated value in upper 1% tail
2008,22000.0,2,1.7418264792461376e-05,5538.739999999962,False,True,repeated value in upper 1% tail
2008,22500.0,2,1.7418264792461376e-05,5538.739999999962,False,True,repeated value in upper 1% tail
2008,22700.0,2,1.7418264792461376e-05,5538.739999999962,False,True,repeated value in upper 1% tail
2008,25000.0,3,2.612739718869206e-05,5538.739999999962,False,True,repeated value in upper 1% tail
2008,30000.0,3,2.612739718869206e-05,5538.739999999962,False,True,repeated value in upper 1% tail
2009,6000.0,112,0.0009505461396793604,6000.0,False,True,repeated value in upper 1% tail
2009,6050.0,2,1.6974038208560008e-05,6000.0,False,True,repeated value in upper 1% tail
2009,6100.0,9,7.638317193852004e-05,6000.0,False,True,repeated value in upper 1% tail
2009,6140.0,2,1.6974038208560008e-05,6000.0,False,True,repeated value in upper 1% tail
2009,6150.0,5,4.243509552140002e-05,6000.0,False,True,repeated value in upper 1% tail
2009,6166.0,5,4.243509552140002e-05,6000.0,False,True,repeated value in upper 1% tail
2009,6200.0,10,8.487019104280003e-05,6000.0,False,True,repeated value in upper 1% tail
2009,6250.0,11,9.335721014708004e-05,6000.0,False,True,repeated value in upper 1% tail
2009,6266.0,2,1.6974038208560008e-05,6000.0,False,True,repeated value in upper 1% tail
2009,6300.0,7,5.940913372996003e-05,6000.0,False,True,repeated value in upper 1% tail
2009,6325.0,2,1.6974038208560008e-05,6000.0,False,True,repeated value in upper 1% tail
2009,6333.0,8,6.789615283424003e-05,6000.0,False,True,repeated value in upper 1% tail
2009,6350.0,3,2.546105731284001e-05,6000.0,False,True,repeated value in upper 1% tail
2009,6375.0,3,2.546105731284001e-05,6000.0,False,True,repeated value in upper 1% tail
2009,6400.0,8,6.789615283424003e-05,6000.0,False,True,repeated value in upper 1% tail
2009,6450.0,4,3.3948076417120015e-05,6000.0,False,True,repeated value in upper 1% tail
2009,6500.0,39,0.00033099374506692013,6000.0,False,True,repeated value in upper 1% tail
2009,6510.0,2,1.6974038208560008e-05,6000.0,False,True,repeated value in upper 1% tail
2009,6550.0,2,1.6974038208560008e-05,6000.0,False,True,repeated value in upper 1% tail
2009,6600.0,2,1.6974038208560008e-05,6000.0,False,True,repeated value in upper 1% tail
2009,6666.0,12,0.00010184422925136004,6000.0,False,True,repeated value in upper 1% tail
2009,6700.0,13,0.00011033124835564005,6000.0,False,True,repeated value in upper 1% tail
2009,6750.0,9,7.638317193852004e-05,6000.0,False,True,repeated value in upper 1% tail
2009,6800.0,10,8.487019104280003e-05,6000.0,False,True,repeated value in upper 1% tail
2009,6833.0,3,2.546105731284001e-05,6000.0,False,True,repeated value in upper 1% tail
2009,6900.0,11,9.335721014708004e-05,6000.0,False,True,repeated value in upper 1% tail
2009,6933.0,2,1.6974038208560008e-05,6000.0,False,True,repeated value in upper 1% tail
2009,6950.0,2,1.6974038208560008e-05,6000.0,False,True,repeated value in upper 1% tail
2009,7000.0,55,0.0004667860507354002,6000.0,False,True,repeated value in upper 1% tail
2009,7025.0,3,2.546105731284001e-05,6000.0,False,True,repeated value in upper 1% tail
2009,7100.0,7,5.940913372996003e-05,6000.0,False,True,repeated value in upper 1% tail
2009,7166.0,3,2.546105731284001e-05,6000.0,False,True,repeated value in upper 1% tail
2009,7200.0,2,1.6974038208560008e-05,6000.0,False,True,repeated value in upper 1% tail
2009,7250.0,4,3.3948076417120015e-05,6000.0,False,True,repeated value in upper 1% tail
2009,7266.0,2,1.6974038208560008e-05,6000.0,False,True,repeated value in upper 1% tail
2009,7300.0,4,3.3948076417120015e-05,6000.0,False,True,repeated value in upper 1% tail
2009,7325.0,2,1.6974038208560008e-05,6000.0,False,True,repeated value in upper 1% tail
2009,7333.0,4,3.3948076417120015e-05,6000.0,False,True,repeated value in upper 1% tail
2009,7350.0,3,2.546105731284001e-05,6000.0,False,True,repeated value in upper 1% tail
2009,7450.0,3,2.546105731284001e-05,6000.0,False,True,repeated value in upper 1% tail
2009,7500.0,29,0.0002461235540241201,6000.0,False,True,repeated value in upper 1% tail
2009,7575.0,2,1.6974038208560008e-05,6000.0,False,True,repeated value in upper 1% tail
2009,7600.0,6,5.092211462568002e-05,6000.0,False,True,repeated value in upper 1% tail
2009,7650.0,2,1.6974038208560008e-05,6000.0,False,True,repeated value in upper 1% tail
2009,7666.0,4,3.3948076417120015e-05,6000.0,False,True,repeated value in upper 1% tail
2009,7700.0,4,3.3948076417120015e-05,6000.0,False,True,repeated value in upper 1% tail
2009,7750.0,6,5.092211462568002e-05,6000.0,False,True,repeated value in upper 1% tail
2009,7800.0,3,2.546105731284001e-05,6000.0,False,True,repeated value in upper 1% tail
2009,7900.0,4,3.3948076417120015e-05,6000.0,False,True,repeated value in upper 1% tail
2009,8000.0,69,0.0005856043181953202,6000.0,False,True,repeated value in upper 1% tail
2009,8100.0,4,3.3948076417120015e-05,6000.0,False,True,repeated value in upper 1% tail
2009,8120.0,2,1.6974038208560008e-05,6000.0,False,True,repeated value in upper 1% tail
2009,8150.0,3,2.546105731284001e-05,6000.0,False,True,repeated value in upper 1% tail
2009,8250.0,8,6.789615283424003e-05,6000.0,False,True,repeated value in upper 1% tail
2009,8300.0,2,1.6974038208560008e-05,6000.0,False,True,repeated value in upper 1% tail
2009,8333.0,9,7.638317193852004e-05,6000.0,False,True,repeated value in upper 1% tail
2009,8400.0,3,2.546105731284001e-05,6000.0,False,True,repeated value in upper 1% tail
2009,8500.0,17,0.00014427932477276007,6000.0,False,True,repeated value in upper 1% tail
2009,8600.0,5,4.243509552140002e-05,6000.0,False,True,repeated value in upper 1% tail
2009,8650.0,2,1.6974038208560008e-05,6000.0,False,True,repeated value in upper 1% tail
2009,8666.0,5,4.243509552140002e-05,6000.0,False,True,repeated value in upper 1% tail
2009,8700.0,3,2.546105731284001e-05,6000.0,False,True,repeated value in upper 1% tail
2009,8750.0,4,3.3948076417120015e-05,6000.0,False,True,repeated value in upper 1% tail
2009,8766.0,2,1.6974038208560008e-05,6000.0,False,True,repeated value in upper 1% tail
2009,8833.0,2,1.6974038208560008e-05,6000.0,False,True,repeated value in upper 1% tail
2009,8900.0,2,1.6974038208560008e-05,6000.0,False,True,repeated value in upper 1% tail
2009,9000.0,35,0.00029704566864980015,6000.0,False,True,repeated value in upper 1% tail
2009,9033.0,2,1.6974038208560008e-05,6000.0,False,True,repeated value in upper 1% tail
2009,9100.0,2,1.6974038208560008e-05,6000.0,False,True,repeated value in upper 1% tail
2009,9200.0,2,1.6974038208560008e-05,6000.0,False,True,repeated value in upper 1% tail
2009,9250.0,2,1.6974038208560008e-05,6000.0,False,True,repeated value in upper 1% tail
2009,9300.0,4,3.3948076417120015e-05,6000.0,False,True,repeated value in upper 1% tail
2009,9450.0,3,2.546105731284001e-05,6000.0,False,True,repeated value in upper 1% tail
2009,9500.0,11,9.335721014708004e-05,6000.0,False,True,repeated value in upper 1% tail
2009,9600.0,5,4.243509552140002e-05,6000.0,False,True,repeated value in upper 1% tail
2009,9666.0,2,1.6974038208560008e-05,6000.0,False,True,repeated value in upper 1% tail
2009,9700.0,4,3.3948076417120015e-05,6000.0,False,True,repeated value in upper 1% tail
2009,9750.0,2,1.6974038208560008e-05,6000.0,False,True,repeated value in upper 1% tail
2009,9800.0,4,3.3948076417120015e-05,6000.0,False,True,repeated value in upper 1% tail
2009,9900.0,4,3.3948076417120015e-05,6000.0,False,True,repeated value in upper 1% tail
2009,10000.0,36,0.00030553268775408016,6000.0,False,True,repeated value in upper 1% tail
2009,10100.0,4,3.3948076417120015e-05,6000.0,False,True,repeated value in upper 1% tail
2009,10200.0,3,2.546105731284001e-05,6000.0,False,True,repeated value in upper 1% tail
2009,10250.0,3,2.546105731284001e-05,6000.0,False,True,repeated value in upper 1% tail
2009,10300.0,3,2.546105731284001e-05,6000.0,False,True,repeated value in upper 1% tail
2009,10400.0,3,2.546105731284001e-05,6000.0,False,True,repeated value in upper 1% tail
2009,10500.0,6,5.092211462568002e-05,6000.0,False,True,repeated value in upper 1% tail
2009,10600.0,4,3.3948076417120015e-05,6000.0,False,True,repeated value in upper 1% tail
2009,10666.0,2,1.6974038208560008e-05,6000.0,False,True,repeated value in upper 1% tail
2009,10700.0,3,2.546105731284001e-05,6000.0,False,True,repeated value in upper 1% tail
2009,10800.0,3,2.546105731284001e-05,6000.0,False,True,repeated value in upper 1% tail
2009,10850.0,2,1.6974038208560008e-05,6000.0,False,True,repeated value in upper 1% tail
2009,10900.0,5,4.243509552140002e-05,6000.0,False,True,repeated value in upper 1% tail
2009,11000.0,12,0.00010184422925136004,6000.0,False,True,repeated value in upper 1% tail
2009,11133.0,2,1.6974038208560008e-05,6000.0,False,True,repeated value in upper 1% tail
2009,11300.0,2,1.6974038208560008e-05,6000.0,False,True,repeated value in upper 1% tail
2009,11500.0,6,5.092211462568002e-05,6000.0,False,True,repeated value in upper 1% tail
2009,11666.0,2,1.6974038208560008e-05,6000.0,False,True,repeated value in upper 1% tail
2009,11700.0,2,1.6974038208560008e-05,6000.0,False,True,repeated value in upper 1% tail
2009,11750.0,2,1.6974038208560008e-05,6000.0,False,True,repeated value in upper 1% tail
2009,12000.0,23,0.0001952014393984401,6000.0,False,True,repeated value in upper 1% tail
2009,12130.0,2,1.6974038208560008e-05,6000.0,False,True,repeated value in upper 1% tail
2009,12500.0,7,5.940913372996003e-05,6000.0,False,True,repeated value in upper 1% tail
2009,12600.0,2,1.6974038208560008e-05,6000.0,False,True,repeated value in upper 1% tail
2009,13000.0,7,5.940913372996003e-05,6000.0,False,True,repeated value in upper 1% tail
2009,13200.0,2,1.6974038208560008e-05,6000.0,False,True,repeated value in upper 1% tail
2009,13500.0,4,3.3948076417120015e-05,6000.0,False,True,repeated value in upper 1% tail
2009,13750.0,2,1.6974038208560008e-05,6000.0,False,True,repeated value in upper 1% tail
2009,14000.0,7,5.940913372996003e-05,6000.0,False,True,repeated value in upper 1% tail
2009,14600.0,3,2.546105731284001e-05,6000.0,False,True,repeated value in upper 1% tail
2009,14900.0,2,1.6974038208560008e-05,6000.0,False,True,repeated value in upper 1% tail
2009,15000.0,11,9.335721014708004e-05,6000.0,False,True,repeated value in upper 1% tail
2009,16000.0,4,3.3948076417120015e-05,6000.0,False,True,repeated value in upper 1% tail
2009,16250.0,3,2.546105731284001e-05,6000.0,False,True,repeated value in upper 1% tail
2009,16300.0,4,3.3948076417120015e-05,6000.0,False,True,repeated value in upper 1% tail
2009,16500.0,2,1.6974038208560008e-05,6000.0,False,True,repeated value in upper 1% tail
2009,17000.0,3,2.546105731284001e-05,6000.0,False,True,repeated value in upper 1% tail
2009,17500.0,4,3.3948076417120015e-05,6000.0,False,True,repeated value in upper 1% tail
2009,18000.0,4,3.3948076417120015e-05,6000.0,False,True,repeated value in upper 1% tail
2009,20000.0,4,3.3948076417120015e-05,6000.0,False,True,repeated value in upper 1% tail
2009,21000.0,2,1.6974038208560008e-05,6000.0,False,True,repeated value in upper 1% tail
2009,21800.0,2,1.6974038208560008e-05,6000.0,False,True,repeated value in upper 1% tail
2009,22000.0,8,6.789615283424003e-05,6000.0,False,True,repeated value in upper 1% tail
2009,22600.0,2,1.6974038208560008e-05,6000.0,False,True,repeated value in upper 1% tail
2009,25000.0,3,2.546105731284001e-05,6000.0,False,True,repeated value in upper 1% tail
2011,7000.0,83,0.0007797161081832615,7000.0,False,True,repeated value in upper 1% tail
2011,7020.0,2,1.878833995622317e-05,7000.0,False,True,repeated value in upper 1% tail
2011,7050.0,2,1.878833995622317e-05,7000.0,False,True,repeated value in upper 1% tail
2011,7060.0,2,1.878833995622317e-05,7000.0,False,True,repeated value in upper 1% tail
2011,7066.0,2,1.878833995622317e-05,7000.0,False,True,repeated value in upper 1% tail
2011,7100.0,5,4.697084989055792e-05,7000.0,False,True,repeated value in upper 1% tail
2011,7125.0,2,1.878833995622317e-05,7000.0,False,True,repeated value in upper 1% tail
2011,7150.0,2,1.878833995622317e-05,7000.0,False,True,repeated value in upper 1% tail
2011,7175.0,2,1.878833995622317e-05,7000.0,False,True,repeated value in upper 1% tail
2011,7200.0,14,0.00013151837969356216,7000.0,False,True,repeated value in upper 1% tail
2011,7250.0,8,7.515335982489268e-05,7000.0,False,True,repeated value in upper 1% tail
2011,7272.0,2,1.878833995622317e-05,7000.0,False,True,repeated value in upper 1% tail
2011,7275.0,2,1.878833995622317e-05,7000.0,False,True,repeated value in upper 1% tail
2011,7300.0,3,2.818250993433475e-05,7000.0,False,True,repeated value in upper 1% tail
2011,7333.0,10,9.394169978111584e-05,7000.0,False,True,repeated value in upper 1% tail
2011,7350.0,2,1.878833995622317e-05,7000.0,False,True,repeated value in upper 1% tail
2011,7400.0,4,3.757667991244634e-05,7000.0,False,True,repeated value in upper 1% tail
2011,7500.0,47,0.00044152598897124443,7000.0,False,True,repeated value in upper 1% tail
2011,7600.0,3,2.818250993433475e-05,7000.0,False,True,repeated value in upper 1% tail
2011,7666.0,8,7.515335982489268e-05,7000.0,False,True,repeated value in upper 1% tail
2011,7700.0,4,3.757667991244634e-05,7000.0,False,True,repeated value in upper 1% tail
2011,7750.0,8,7.515335982489268e-05,7000.0,False,True,repeated value in upper 1% tail
2011,7800.0,7,6.575918984678108e-05,7000.0,False,True,repeated value in upper 1% tail
2011,7875.0,6,5.63650198686695e-05,7000.0,False,True,repeated value in upper 1% tail
2011,7900.0,2,1.878833995622317e-05,7000.0,False,True,repeated value in upper 1% tail
2011,7966.0,4,3.757667991244634e-05,7000.0,False,True,repeated value in upper 1% tail
2011,8000.0,78,0.0007327452582927036,7000.0,False,True,repeated value in upper 1% tail
2011,8050.0,3,2.818250993433475e-05,7000.0,False,True,repeated value in upper 1% tail
2011,8125.0,2,1.878833995622317e-05,7000.0,False,True,repeated value in upper 1% tail
2011,8150.0,2,1.878833995622317e-05,7000.0,False,True,repeated value in upper 1% tail
2011,8250.0,7,6.575918984678108e-05,7000.0,False,True,repeated value in upper 1% tail
2011,8272.0,2,1.878833995622317e-05,7000.0,False,True,repeated value in upper 1% tail
2011,8300.0,3,2.818250993433475e-05,7000.0,False,True,repeated value in upper 1% tail
2011,8333.0,2,1.878833995622317e-05,7000.0,False,True,repeated value in upper 1% tail
2011,8400.0,3,2.818250993433475e-05,7000.0,False,True,repeated value in upper 1% tail
2011,8500.0,20,0.00018788339956223168,7000.0,False,True,repeated value in upper 1% tail
2011,8600.0,7,6.575918984678108e-05,7000.0,False,True,repeated value in upper 1% tail
2011,8650.0,2,1.878833995622317e-05,7000.0,False,True,repeated value in upper 1% tail
2011,8666.0,4,3.757667991244634e-05,7000.0,False,True,repeated value in upper 1% tail
2011,8700.0,4,3.757667991244634e-05,7000.0,False,True,repeated value in upper 1% tail
2011,8750.0,3,2.818250993433475e-05,7000.0,False,True,repeated value in upper 1% tail
2011,8800.0,7,6.575918984678108e-05,7000.0,False,True,repeated value in upper 1% tail
2011,8900.0,3,2.818250993433475e-05,7000.0,False,True,repeated value in upper 1% tail
2011,8950.0,2,1.878833995622317e-05,7000.0,False,True,repeated value in upper 1% tail
2011,9000.0,55,0.0005166793487961371,7000.0,False,True,repeated value in upper 1% tail
2011,9045.0,2,1.878833995622317e-05,7000.0,False,True,repeated value in upper 1% tail
2011,9100.0,2,1.878833995622317e-05,7000.0,False,True,repeated value in upper 1% tail
2011,9150.0,3,2.818250993433475e-05,7000.0,False,True,repeated value in upper 1% tail
2011,9200.0,5,4.697084989055792e-05,7000.0,False,True,repeated value in upper 1% tail
2011,9250.0,6,5.63650198686695e-05,7000.0,False,True,repeated value in upper 1% tail
2011,9300.0,2,1.878833995622317e-05,7000.0,False,True,repeated value in upper 1% tail
2011,9333.0,4,3.757667991244634e-05,7000.0,False,True,repeated value in upper 1% tail
2011,9350.0,2,1.878833995622317e-05,7000.0,False,True,repeated value in upper 1% tail
2011,9500.0,12,0.000112730039737339,7000.0,False,True,repeated value in upper 1% tail
2011,9600.0,8,7.515335982489268e-05,7000.0,False,True,repeated value in upper 1% tail
2011,9666.0,2,1.878833995622317e-05,7000.0,False,True,repeated value in upper 1% tail
2011,9750.0,3,2.818250993433475e-05,7000.0,False,True,repeated value in upper 1% tail
2011,9833.0,3,2.818250993433475e-05,7000.0,False,True,repeated value in upper 1% tail
2011,9900.0,2,1.878833995622317e-05,7000.0,False,True,repeated value in upper 1% tail
2011,10000.0,67,0.0006294093885334762,7000.0,False,True,repeated value in upper 1% tail
2011,10066.0,2,1.878833995622317e-05,7000.0,False,True,repeated value in upper 1% tail
2011,10100.0,2,1.878833995622317e-05,7000.0,False,True,repeated value in upper 1% tail
2011,10200.0,4,3.757667991244634e-05,7000.0,False,True,repeated value in upper 1% tail
2011,10250.0,5,4.697084989055792e-05,7000.0,False,True,repeated value in upper 1% tail
2011,10300.0,3,2.818250993433475e-05,7000.0,False,True,repeated value in upper 1% tail
2011,10425.0,2,1.878833995622317e-05,7000.0,False,True,repeated value in upper 1% tail
2011,10500.0,13,0.00012212420971545058,7000.0,False,True,repeated value in upper 1% tail
2011,10545.0,2,1.878833995622317e-05,7000.0,False,True,repeated value in upper 1% tail
2011,10600.0,3,2.818250993433475e-05,7000.0,False,True,repeated value in upper 1% tail
2011,10750.0,3,2.818250993433475e-05,7000.0,False,True,repeated value in upper 1% tail
2011,10800.0,2,1.878833995622317e-05,7000.0,False,True,repeated value in upper 1% tail
2011,11000.0,24,0.000225460079474678,7000.0,False,True,repeated value in upper 1% tail
2011,11125.0,2,1.878833995622317e-05,7000.0,False,True,repeated value in upper 1% tail
2011,11200.0,4,3.757667991244634e-05,7000.0,False,True,repeated value in upper 1% tail
2011,11400.0,3,2.818250993433475e-05,7000.0,False,True,repeated value in upper 1% tail
2011,11500.0,7,6.575918984678108e-05,7000.0,False,True,repeated value in upper 1% tail
2011,11666.0,4,3.757667991244634e-05,7000.0,False,True,repeated value in upper 1% tail
2011,11800.0,2,1.878833995622317e-05,7000.0,False,True,repeated value in upper 1% tail
2011,12000.0,29,0.0002724309293652359,7000.0,False,True,repeated value in upper 1% tail
2011,12250.0,5,4.697084989055792e-05,7000.0,False,True,repeated value in upper 1% tail
2011,12500.0,12,0.000112730039737339,7000.0,False,True,repeated value in upper 1% tail
2011,12600.0,2,1.878833995622317e-05,7000.0,False,True,repeated value in upper 1% tail
2011,13000.0,16,0.00015030671964978535,7000.0,False,True,repeated value in upper 1% tail
2011,13045.0,2,1.878833995622317e-05,7000.0,False,True,repeated value in upper 1% tail
2011,13200.0,2,1.878833995622317e-05,7000.0,False,True,repeated value in upper 1% tail
2011,13250.0,2,1.878833995622317e-05,7000.0,False,True,repeated value in upper 1% tail
2011,13333.0,6,5.63650198686695e-05,7000.0,False,True,repeated value in upper 1% tail
2011,13350.0,2,1.878833995622317e-05,7000.0,False,True,repeated value in upper 1% tail
2011,13500.0,2,1.878833995622317e-05,7000.0,False,True,repeated value in upper 1% tail
2011,14000.0,13,0.00012212420971545058,7000.0,False,True,repeated value in upper 1% tail
2011,14400.0,2,1.878833995622317e-05,7000.0,False,True,repeated value in upper 1% tail
2011,14500.0,5,4.697084989055792e-05,7000.0,False,True,repeated value in upper 1% tail
2011,15000.0,33,0.0003100076092776823,7000.0,False,True,repeated value in upper 1% tail
2011,16000.0,13,0.00012212420971545058,7000.0,False,True,repeated value in upper 1% tail
2011,16500.0,3,2.818250993433475e-05,7000.0,False,True,repeated value in upper 1% tail
2011,17000.0,2,1.878833995622317e-05,7000.0,False,True,repeated value in upper 1% tail
2011,18000.0,5,4.697084989055792e-05,7000.0,False,True,repeated value in upper 1% tail
2011,18500.0,2,1.878833995622317e-05,7000.0,False,True,repeated value in upper 1% tail
2011,19000.0,2,1.878833995622317e-05,7000.0,False,True,repeated value in upper 1% tail
2011,20000.0,22,0.00020667173951845484,7000.0,False,True,repeated value in upper 1% tail
2011,21000.0,3,2.818250993433475e-05,7000.0,False,True,repeated value in upper 1% tail
2011,22000.0,3,2.818250993433475e-05,7000.0,False,True,repeated value in upper 1% tail
2011,24000.0,2,1.878833995622317e-05,7000.0,False,True,repeated value in upper 1% tail
2011,25000.0,3,2.818250993433475e-05,7000.0,False,True,repeated value in upper 1% tail
2011,30000.0,3,2.818250993433475e-05,7000.0,False,True,repeated value in upper 1% tail
2012,7500.0,65,0.0005881873874526057,7500.0,False,True,repeated value in upper 1% tail
2012,7533.0,2,1.8098073460080174e-05,7500.0,False,True,repeated value in upper 1% tail
2012,7600.0,7,6.334325711028061e-05,7500.0,False,True,repeated value in upper 1% tail
2012,7625.0,2,1.8098073460080174e-05,7500.0,False,True,repeated value in upper 1% tail
2012,7650.0,2,1.8098073460080174e-05,7500.0,False,True,repeated value in upper 1% tail
2012,7666.0,5,4.524518365020044e-05,7500.0,False,True,repeated value in upper 1% tail
2012,7700.0,3,2.7147110190120262e-05,7500.0,False,True,repeated value in upper 1% tail
2012,7750.0,16,0.0001447845876806414,7500.0,False,True,repeated value in upper 1% tail
2012,7800.0,6,5.4294220380240524e-05,7500.0,False,True,repeated value in upper 1% tail
2012,7866.0,2,1.8098073460080174e-05,7500.0,False,True,repeated value in upper 1% tail
2012,7900.0,5,4.524518365020044e-05,7500.0,False,True,repeated value in upper 1% tail
2012,7990.0,2,1.8098073460080174e-05,7500.0,False,True,repeated value in upper 1% tail
2012,8000.0,77,0.0006967758282130867,7500.0,False,True,repeated value in upper 1% tail
2012,8066.0,3,2.7147110190120262e-05,7500.0,False,True,repeated value in upper 1% tail
2012,8100.0,3,2.7147110190120262e-05,7500.0,False,True,repeated value in upper 1% tail
2012,8150.0,2,1.8098073460080174e-05,7500.0,False,True,repeated value in upper 1% tail
2012,8166.0,5,4.524518365020044e-05,7500.0,False,True,repeated value in upper 1% tail
2012,8200.0,3,2.7147110190120262e-05,7500.0,False,True,repeated value in upper 1% tail
2012,8250.0,8,7.23922938403207e-05,7500.0,False,True,repeated value in upper 1% tail
2012,8300.0,2,1.8098073460080174e-05,7500.0,False,True,repeated value in upper 1% tail
2012,8333.0,5,4.524518365020044e-05,7500.0,False,True,repeated value in upper 1% tail
2012,8350.0,5,4.524518365020044e-05,7500.0,False,True,repeated value in upper 1% tail
2012,8400.0,3,2.7147110190120262e-05,7500.0,False,True,repeated value in upper 1% tail
2012,8500.0,31,0.0002805201386312427,7500.0,False,True,repeated value in upper 1% tail
2012,8540.0,3,2.7147110190120262e-05,7500.0,False,True,repeated value in upper 1% tail
2012,8600.0,6,5.4294220380240524e-05,7500.0,False,True,repeated value in upper 1% tail
2012,8650.0,2,1.8098073460080174e-05,7500.0,False,True,repeated value in upper 1% tail
2012,8666.0,4,3.619614692016035e-05,7500.0,False,True,repeated value in upper 1% tail
2012,8700.0,2,1.8098073460080174e-05,7500.0,False,True,repeated value in upper 1% tail
2012,8750.0,10,9.049036730040088e-05,7500.0,False,True,repeated value in upper 1% tail
2012,8800.0,3,2.7147110190120262e-05,7500.0,False,True,repeated value in upper 1% tail
2012,9000.0,50,0.00045245183650200436,7500.0,False,True,repeated value in upper 1% tail
2012,9050.0,2,1.8098073460080174e-05,7500.0,False,True,repeated value in upper 1% tail
2012,9100.0,2,1.8098073460080174e-05,7500.0,False,True,repeated value in upper 1% tail
2012,9166.0,3,2.7147110190120262e-05,7500.0,False,True,repeated value in upper 1% tail
2012,9200.0,2,1.8098073460080174e-05,7500.0,False,True,repeated value in upper 1% tail
2012,9250.0,7,6.334325711028061e-05,7500.0,False,True,repeated value in upper 1% tail
2012,9333.0,2,1.8098073460080174e-05,7500.0,False,True,repeated value in upper 1% tail
2012,9350.0,2,1.8098073460080174e-05,7500.0,False,True,repeated value in upper 1% tail
2012,9500.0,18,0.00016288266114072156,7500.0,False,True,repeated value in upper 1% tail
2012,9600.0,3,2.7147110190120262e-05,7500.0,False,True,repeated value in upper 1% tail
2012,9650.0,4,3.619614692016035e-05,7500.0,False,True,repeated value in upper 1% tail
2012,9666.0,2,1.8098073460080174e-05,7500.0,False,True,repeated value in upper 1% tail
2012,9750.0,7,6.334325711028061e-05,7500.0,False,True,repeated value in upper 1% tail
2012,9800.0,3,2.7147110190120262e-05,7500.0,False,True,repeated value in upper 1% tail
2012,9850.0,2,1.8098073460080174e-05,7500.0,False,True,repeated value in upper 1% tail
2012,9900.0,4,3.619614692016035e-05,7500.0,False,True,repeated value in upper 1% tail
2012,10000.0,105,0.0009501488566542092,7500.0,False,True,repeated value in upper 1% tail
2012,10100.0,3,2.7147110190120262e-05,7500.0,False,True,repeated value in upper 1% tail
2012,10250.0,6,5.4294220380240524e-05,7500.0,False,True,repeated value in upper 1% tail
2012,10333.0,2,1.8098073460080174e-05,7500.0,False,True,repeated value in upper 1% tail
2012,10400.0,2,1.8098073460080174e-05,7500.0,False,True,repeated value in upper 1% tail
2012,10500.0,15,0.0001357355509506013,7500.0,False,True,repeated value in upper 1% tail
2012,10622.0,2,1.8098073460080174e-05,7500.0,False,True,repeated value in upper 1% tail
2012,10625.0,2,1.8098073460080174e-05,7500.0,False,True,repeated value in upper 1% tail
2012,10650.0,2,1.8098073460080174e-05,7500.0,False,True,repeated value in upper 1% tail
2012,10666.0,3,2.7147110190120262e-05,7500.0,False,True,repeated value in upper 1% tail
2012,10700.0,3,2.7147110190120262e-05,7500.0,False,True,repeated value in upper 1% tail
2012,10800.0,5,4.524518365020044e-05,7500.0,False,True,repeated value in upper 1% tail
2012,11000.0,21,0.00019002977133084184,7500.0,False,True,repeated value in upper 1% tail
2012,11250.0,4,3.619614692016035e-05,7500.0,False,True,repeated value in upper 1% tail
2012,11400.0,3,2.7147110190120262e-05,7500.0,False,True,repeated value in upper 1% tail
2012,11500.0,14,0.00012668651422056122,7500.0,False,True,repeated value in upper 1% tail
2012,11666.0,5,4.524518365020044e-05,7500.0,False,True,repeated value in upper 1% tail
2012,12000.0,30,0.0002714711019012026,7500.0,False,True,repeated value in upper 1% tail
2012,12200.0,3,2.7147110190120262e-05,7500.0,False,True,repeated value in upper 1% tail
2012,12250.0,2,1.8098073460080174e-05,7500.0,False,True,repeated value in upper 1% tail
2012,12400.0,2,1.8098073460080174e-05,7500.0,False,True,repeated value in upper 1% tail
2012,12450.0,2,1.8098073460080174e-05,7500.0,False,True,repeated value in upper 1% tail
2012,12500.0,11,9.953940403044096e-05,7500.0,False,True,repeated value in upper 1% tail
2012,12700.0,3,2.7147110190120262e-05,7500.0,False,True,repeated value in upper 1% tail
2012,13000.0,24,0.0002171768815209621,7500.0,False,True,repeated value in upper 1% tail
2012,13250.0,2,1.8098073460080174e-05,7500.0,False,True,repeated value in upper 1% tail
2012,13333.0,3,2.7147110190120262e-05,7500.0,False,True,repeated value in upper 1% tail
2012,13450.0,2,1.8098073460080174e-05,7500.0,False,True,repeated value in upper 1% tail
2012,13500.0,5,4.524518365020044e-05,7500.0,False,True,repeated value in upper 1% tail
2012,13600.0,2,1.8098073460080174e-05,7500.0,False,True,repeated value in upper 1% tail
2012,13750.0,4,3.619614692016035e-05,7500.0,False,True,repeated value in upper 1% tail
2012,13895.0,2,1.8098073460080174e-05,7500.0,False,True,repeated value in upper 1% tail
2012,14000.0,15,0.0001357355509506013,7500.0,False,True,repeated value in upper 1% tail
2012,14100.0,2,1.8098073460080174e-05,7500.0,False,True,repeated value in upper 1% tail
2012,14250.0,2,1.8098073460080174e-05,7500.0,False,True,repeated value in upper 1% tail
2012,14500.0,9,8.144133057036078e-05,7500.0,False,True,repeated value in upper 1% tail
2012,14900.0,4,3.619614692016035e-05,7500.0,False,True,repeated value in upper 1% tail
2012,15000.0,28,0.00025337302844112244,7500.0,False,True,repeated value in upper 1% tail
2012,15250.0,2,1.8098073460080174e-05,7500.0,False,True,repeated value in upper 1% tail
2012,15500.0,3,2.7147110190120262e-05,7500.0,False,True,repeated value in upper 1% tail
2012,15750.0,2,1.8098073460080174e-05,7500.0,False,True,repeated value in upper 1% tail
2012,16000.0,8,7.23922938403207e-05,7500.0,False,True,repeated value in upper 1% tail
2012,16500.0,2,1.8098073460080174e-05,7500.0,False,True,repeated value in upper 1% tail
2012,16600.0,2,1.8098073460080174e-05,7500.0,False,True,repeated value in upper 1% tail
2012,17000.0,3,2.7147110190120262e-05,7500.0,False,True,repeated value in upper 1% tail
2012,17200.0,2,1.8098073460080174e-05,7500.0,False,True,repeated value in upper 1% tail
2012,17500.0,3,2.7147110190120262e-05,7500.0,False,True,repeated value in upper 1% tail
2012,17666.0,2,1.8098073460080174e-05,7500.0,False,True,repeated value in upper 1% tail
2012,18000.0,16,0.0001447845876806414,7500.0,False,True,repeated value in upper 1% tail
2012,19000.0,4,3.619614692016035e-05,7500.0,False,True,repeated value in upper 1% tail
2012,20000.0,19,0.00017193169787076164,7500.0,False,True,repeated value in upper 1% tail
2012,20500.0,3,2.7147110190120262e-05,7500.0,False,True,repeated value in upper 1% tail
2012,21000.0,2,1.8098073460080174e-05,7500.0,False,True,repeated value in upper 1% tail
2012,22000.0,2,1.8098073460080174e-05,7500.0,False,True,repeated value in upper 1% tail
2012,22500.0,2,1.8098073460080174e-05,7500.0,False,True,repeated value in upper 1% tail
2012,23000.0,3,2.7147110190120262e-05,7500.0,False,True,repeated value in upper 1% tail
2012,24000.0,3,2.7147110190120262e-05,7500.0,False,True,repeated value in upper 1% tail
2012,25000.0,6,5.4294220380240524e-05,7500.0,False,True,repeated value in upper 1% tail
2012,30000.0,5,4.524518365020044e-05,7500.0,False,True,repeated value in upper 1% tail
2012,30600.0,2,1.8098073460080174e-05,7500.0,False,True,repeated value in upper 1% tail
2012,32000.0,2,1.8098073460080174e-05,7500.0,False,True,repeated value in upper 1% tail
2013,8333.0,19,0.0001711264624557548,8333.0,False,True,repeated value in upper 1% tail
2013,8350.0,2,1.8013311837447874e-05,8333.0,False,True,repeated value in upper 1% tail
2013,8400.0,4,3.602662367489575e-05,8333.0,False,True,repeated value in upper 1% tail
2013,8433.0,2,1.8013311837447874e-05,8333.0,False,True,repeated value in upper 1% tail
2013,8450.0,4,3.602662367489575e-05,8333.0,False,True,repeated value in upper 1% tail
2013,8500.0,41,0.00036927289266768144,8333.0,False,True,repeated value in upper 1% tail
2013,8550.0,2,1.8013311837447874e-05,8333.0,False,True,repeated value in upper 1% tail
2013,8600.0,2,1.8013311837447874e-05,8333.0,False,True,repeated value in upper 1% tail
2013,8650.0,2,1.8013311837447874e-05,8333.0,False,True,repeated value in upper 1% tail
2013,8666.0,4,3.602662367489575e-05,8333.0,False,True,repeated value in upper 1% tail
2013,8700.0,3,2.701996775617181e-05,8333.0,False,True,repeated value in upper 1% tail
2013,8750.0,15,0.00013509983878085905,8333.0,False,True,repeated value in upper 1% tail
2013,8800.0,6,5.403993551234362e-05,8333.0,False,True,repeated value in upper 1% tail
2013,8850.0,2,1.8013311837447874e-05,8333.0,False,True,repeated value in upper 1% tail
2013,8875.0,2,1.8013311837447874e-05,8333.0,False,True,repeated value in upper 1% tail
2013,8900.0,4,3.602662367489575e-05,8333.0,False,True,repeated value in upper 1% tail
2013,8950.0,2,1.8013311837447874e-05,8333.0,False,True,repeated value in upper 1% tail
2013,9000.0,65,0.0005854326347170559,8333.0,False,True,repeated value in upper 1% tail
2013,9050.0,2,1.8013311837447874e-05,8333.0,False,True,repeated value in upper 1% tail
2013,9200.0,7,6.304659143106756e-05,8333.0,False,True,repeated value in upper 1% tail
2013,9225.0,2,1.8013311837447874e-05,8333.0,False,True,repeated value in upper 1% tail
2013,9250.0,8,7.20532473497915e-05,8333.0,False,True,repeated value in upper 1% tail
2013,9300.0,4,3.602662367489575e-05,8333.0,False,True,repeated value in upper 1% tail
2013,9333.0,9,8.105990326851543e-05,8333.0,False,True,repeated value in upper 1% tail
2013,9400.0,4,3.602662367489575e-05,8333.0,False,True,repeated value in upper 1% tail
2013,9500.0,24,0.00021615974204937448,8333.0,False,True,repeated value in upper 1% tail
2013,9650.0,2,1.8013311837447874e-05,8333.0,False,True,repeated value in upper 1% tail
2013,9654.0,2,1.8013311837447874e-05,8333.0,False,True,repeated value in upper 1% tail
2013,9666.0,2,1.8013311837447874e-05,8333.0,False,True,repeated value in upper 1% tail
2013,9700.0,3,2.701996775617181e-05,8333.0,False,True,repeated value in upper 1% tail
2013,9800.0,4,3.602662367489575e-05,8333.0,False,True,repeated value in upper 1% tail
2013,9850.0,4,3.602662367489575e-05,8333.0,False,True,repeated value in upper 1% tail
2013,9900.0,4,3.602662367489575e-05,8333.0,False,True,repeated value in upper 1% tail
2013,10000.0,139,0.0012519251727026272,8333.0,False,True,repeated value in upper 1% tail
2013,10050.0,2,1.8013311837447874e-05,8333.0,False,True,repeated value in upper 1% tail
2013,10100.0,4,3.602662367489575e-05,8333.0,False,True,repeated value in upper 1% tail
2013,10150.0,2,1.8013311837447874e-05,8333.0,False,True,repeated value in upper 1% tail
2013,10200.0,2,1.8013311837447874e-05,8333.0,False,True,repeated value in upper 1% tail
2013,10250.0,6,5.403993551234362e-05,8333.0,False,True,repeated value in upper 1% tail
2013,10333.0,4,3.602662367489575e-05,8333.0,False,True,repeated value in upper 1% tail
2013,10400.0,3,2.701996775617181e-05,8333.0,False,True,repeated value in upper 1% tail
2013,10500.0,34,0.0003062263012366139,8333.0,False,True,repeated value in upper 1% tail
2013,10666.0,3,2.701996775617181e-05,8333.0,False,True,repeated value in upper 1% tail
2013,10700.0,2,1.8013311837447874e-05,8333.0,False,True,repeated value in upper 1% tail
2013,10750.0,4,3.602662367489575e-05,8333.0,False,True,repeated value in upper 1% tail
2013,10800.0,3,2.701996775617181e-05,8333.0,False,True,repeated value in upper 1% tail
2013,10833.0,3,2.701996775617181e-05,8333.0,False,True,repeated value in upper 1% tail
2013,10900.0,4,3.602662367489575e-05,8333.0,False,True,repeated value in upper 1% tail
2013,11000.0,29,0.00026119302164299415,8333.0,False,True,repeated value in upper 1% tail
2013,11050.0,2,1.8013311837447874e-05,8333.0,False,True,repeated value in upper 1% tail
2013,11200.0,4,3.602662367489575e-05,8333.0,False,True,repeated value in upper 1% tail
2013,11250.0,5,4.503327959361969e-05,8333.0,False,True,repeated value in upper 1% tail
2013,11300.0,2,1.8013311837447874e-05,8333.0,False,True,repeated value in upper 1% tail
2013,11333.0,4,3.602662367489575e-05,8333.0,False,True,repeated value in upper 1% tail
2013,11350.0,3,2.701996775617181e-05,8333.0,False,True,repeated value in upper 1% tail
2013,11400.0,3,2.701996775617181e-05,8333.0,False,True,repeated value in upper 1% tail
2013,11500.0,15,0.00013509983878085905,8333.0,False,True,repeated value in upper 1% tail
2013,11600.0,2,1.8013311837447874e-05,8333.0,False,True,repeated value in upper 1% tail
2013,11666.0,3,2.701996775617181e-05,8333.0,False,True,repeated value in upper 1% tail
2013,11700.0,2,1.8013311837447874e-05,8333.0,False,True,repeated value in upper 1% tail
2013,11750.0,3,2.701996775617181e-05,8333.0,False,True,repeated value in upper 1% tail
2013,11900.0,2,1.8013311837447874e-05,8333.0,False,True,repeated value in upper 1% tail
2013,12000.0,44,0.0003962928604238532,8333.0,False,True,repeated value in upper 1% tail
2013,12066.0,3,2.701996775617181e-05,8333.0,False,True,repeated value in upper 1% tail
2013,12200.0,2,1.8013311837447874e-05,8333.0,False,True,repeated value in upper 1% tail
2013,12250.0,2,1.8013311837447874e-05,8333.0,False,True,repeated value in upper 1% tail
2013,12300.0,2,1.8013311837447874e-05,8333.0,False,True,repeated value in upper 1% tail
2013,12333.0,2,1.8013311837447874e-05,8333.0,False,True,repeated value in upper 1% tail
2013,12400.0,5,4.503327959361969e-05,8333.0,False,True,repeated value in upper 1% tail
2013,12500.0,16,0.000144106494699583,8333.0,False,True,repeated value in upper 1% tail
2013,12600.0,2,1.8013311837447874e-05,8333.0,False,True,repeated value in upper 1% tail
2013,12650.0,2,1.8013311837447874e-05,8333.0,False,True,repeated value in upper 1% tail
2013,12666.0,3,2.701996775617181e-05,8333.0,False,True,repeated value in upper 1% tail
2013,12700.0,2,1.8013311837447874e-05,8333.0,False,True,repeated value in upper 1% tail
2013,12750.0,3,2.701996775617181e-05,8333.0,False,True,repeated value in upper 1% tail
2013,12780.0,2,1.8013311837447874e-05,8333.0,False,True,repeated value in upper 1% tail
2013,12800.0,3,2.701996775617181e-05,8333.0,False,True,repeated value in upper 1% tail
2013,12850.0,2,1.8013311837447874e-05,8333.0,False,True,repeated value in upper 1% tail
2013,13000.0,20,0.00018013311837447875,8333.0,False,True,repeated value in upper 1% tail
2013,13200.0,3,2.701996775617181e-05,8333.0,False,True,repeated value in upper 1% tail
2013,13250.0,3,2.701996775617181e-05,8333.0,False,True,repeated value in upper 1% tail
2013,13333.0,2,1.8013311837447874e-05,8333.0,False,True,repeated value in upper 1% tail
2013,13350.0,2,1.8013311837447874e-05,8333.0,False,True,repeated value in upper 1% tail
2013,13500.0,14,0.00012609318286213513,8333.0,False,True,repeated value in upper 1% tail
2013,13666.0,2,1.8013311837447874e-05,8333.0,False,True,repeated value in upper 1% tail
2013,13700.0,2,1.8013311837447874e-05,8333.0,False,True,repeated value in upper 1% tail
2013,14000.0,23,0.00020715308613065056,8333.0,False,True,repeated value in upper 1% tail
2013,14500.0,5,4.503327959361969e-05,8333.0,False,True,repeated value in upper 1% tail
2013,15000.0,39,0.00035125958083023355,8333.0,False,True,repeated value in upper 1% tail
2013,15150.0,2,1.8013311837447874e-05,8333.0,False,True,repeated value in upper 1% tail
2013,15200.0,2,1.8013311837447874e-05,8333.0,False,True,repeated value in upper 1% tail
2013,15500.0,2,1.8013311837447874e-05,8333.0,False,True,repeated value in upper 1% tail
2013,15750.0,2,1.8013311837447874e-05,8333.0,False,True,repeated value in upper 1% tail
2013,15900.0,2,1.8013311837447874e-05,8333.0,False,True,repeated value in upper 1% tail
2013,16000.0,15,0.00013509983878085905,8333.0,False,True,repeated value in upper 1% tail
2013,16500.0,8,7.20532473497915e-05,8333.0,False,True,repeated value in upper 1% tail
2013,17000.0,7,6.304659143106756e-05,8333.0,False,True,repeated value in upper 1% tail
2013,17200.0,2,1.8013311837447874e-05,8333.0,False,True,repeated value in upper 1% tail
2013,17500.0,6,5.403993551234362e-05,8333.0,False,True,repeated value in upper 1% tail
2013,17600.0,2,1.8013311837447874e-05,8333.0,False,True,repeated value in upper 1% tail
2013,17666.0,2,1.8013311837447874e-05,8333.0,False,True,repeated value in upper 1% tail
2013,17750.0,3,2.701996775617181e-05,8333.0,False,True,repeated value in upper 1% tail
2013,18000.0,6,5.403993551234362e-05,8333.0,False,True,repeated value in upper 1% tail
2013,18500.0,2,1.8013311837447874e-05,8333.0,False,True,repeated value in upper 1% tail
2013,19000.0,2,1.8013311837447874e-05,8333.0,False,True,repeated value in upper 1% tail
2013,19500.0,2,1.8013311837447874e-05,8333.0,False,True,repeated value in upper 1% tail
2013,20000.0,21,0.00018913977429320267,8333.0,False,True,repeated value in upper 1% tail
2013,21000.0,5,4.503327959361969e-05,8333.0,False,True,repeated value in upper 1% tail
2013,22000.0,6,5.403993551234362e-05,8333.0,False,True,repeated value in upper 1% tail
2013,22500.0,2,1.8013311837447874e-05,8333.0,False,True,repeated value in upper 1% tail
2013,23000.0,4,3.602662367489575e-05,8333.0,False,True,repeated value in upper 1% tail
2013,25000.0,6,5.403993551234362e-05,8333.0,False,True,repeated value in upper 1% tail
2013,27000.0,4,3.602662367489575e-05,8333.0,False,True,repeated value in upper 1% tail
2013,28000.0,2,1.8013311837447874e-05,8333.0,False,True,repeated value in upper 1% tail
2013,29500.0,2,1.8013311837447874e-05,8333.0,False,True,repeated value in upper 1% tail
2013,30000.0,2,1.8013311837447874e-05,8333.0,False,True,repeated value in upper 1% tail
2013,40000.0,2,1.8013311837447874e-05,8333.0,False,True,repeated value in upper 1% tail
2013,50000.0,2,1.8013311837447874e-05,8333.0,False,True,repeated value in upper 1% tail
2014,9000.0,86,0.0007476895523426157,9000.0,False,True,repeated value in upper 1% tail
2014,9100.0,4,3.477625824849375e-05,9000.0,False,True,repeated value in upper 1% tail
2014,9166.0,3,2.6082193686370316e-05,9000.0,False,True,repeated value in upper 1% tail
2014,9200.0,2,1.7388129124246875e-05,9000.0,False,True,repeated value in upper 1% tail
2014,9250.0,11,9.563471018335783e-05,9000.0,False,True,repeated value in upper 1% tail
2014,9300.0,5,4.3470322810617195e-05,9000.0,False,True,repeated value in upper 1% tail
2014,9333.0,5,4.3470322810617195e-05,9000.0,False,True,repeated value in upper 1% tail
2014,9375.0,2,1.7388129124246875e-05,9000.0,False,True,repeated value in upper 1% tail
2014,9400.0,6,5.216438737274063e-05,9000.0,False,True,repeated value in upper 1% tail
2014,9448.0,3,2.6082193686370316e-05,9000.0,False,True,repeated value in upper 1% tail
2014,9500.0,33,0.00028690413055007345,9000.0,False,True,repeated value in upper 1% tail
2014,9600.0,4,3.477625824849375e-05,9000.0,False,True,repeated value in upper 1% tail
2014,9625.0,2,1.7388129124246875e-05,9000.0,False,True,repeated value in upper 1% tail
2014,9666.0,2,1.7388129124246875e-05,9000.0,False,True,repeated value in upper 1% tail
2014,9700.0,3,2.6082193686370316e-05,9000.0,False,True,repeated value in upper 1% tail
2014,9750.0,7,6.085845193486407e-05,9000.0,False,True,repeated value in upper 1% tail
2014,9800.0,5,4.3470322810617195e-05,9000.0,False,True,repeated value in upper 1% tail
2014,9900.0,3,2.6082193686370316e-05,9000.0,False,True,repeated value in upper 1% tail
2014,9933.0,2,1.7388129124246875e-05,9000.0,False,True,repeated value in upper 1% tail
2014,10000.0,161,0.0013997443945018735,9000.0,False,True,repeated value in upper 1% tail
2014,10050.0,3,2.6082193686370316e-05,9000.0,False,True,repeated value in upper 1% tail
2014,10100.0,3,2.6082193686370316e-05,9000.0,False,True,repeated value in upper 1% tail
2014,10186.0,2,1.7388129124246875e-05,9000.0,False,True,repeated value in upper 1% tail
2014,10200.0,2,1.7388129124246875e-05,9000.0,False,True,repeated value in upper 1% tail
2014,10250.0,2,1.7388129124246875e-05,9000.0,False,True,repeated value in upper 1% tail
2014,10300.0,2,1.7388129124246875e-05,9000.0,False,True,repeated value in upper 1% tail
2014,10333.0,2,1.7388129124246875e-05,9000.0,False,True,repeated value in upper 1% tail
2014,10362.0,2,1.7388129124246875e-05,9000.0,False,True,repeated value in upper 1% tail
2014,10400.0,2,1.7388129124246875e-05,9000.0,False,True,repeated value in upper 1% tail
2014,10466.0,3,2.6082193686370316e-05,9000.0,False,True,repeated value in upper 1% tail
2014,10500.0,30,0.00026082193686370315,9000.0,False,True,repeated value in upper 1% tail
2014,10600.0,2,1.7388129124246875e-05,9000.0,False,True,repeated value in upper 1% tail
2014,10724.0,3,2.6082193686370316e-05,9000.0,False,True,repeated value in upper 1% tail
2014,10750.0,7,6.085845193486407e-05,9000.0,False,True,repeated value in upper 1% tail
2014,10800.0,3,2.6082193686370316e-05,9000.0,False,True,repeated value in upper 1% tail
2014,10900.0,2,1.7388129124246875e-05,9000.0,False,True,repeated value in upper 1% tail
2014,11000.0,47,0.0004086210344198016,9000.0,False,True,repeated value in upper 1% tail
2014,11200.0,2,1.7388129124246875e-05,9000.0,False,True,repeated value in upper 1% tail
2014,11250.0,5,4.3470322810617195e-05,9000.0,False,True,repeated value in upper 1% tail
2014,11300.0,2,1.7388129124246875e-05,9000.0,False,True,repeated value in upper 1% tail
2014,11333.0,2,1.7388129124246875e-05,9000.0,False,True,repeated value in upper 1% tail
2014,11400.0,4,3.477625824849375e-05,9000.0,False,True,repeated value in upper 1% tail
2014,11500.0,16,0.000139105032993975,9000.0,False,True,repeated value in upper 1% tail
2014,11550.0,2,1.7388129124246875e-05,9000.0,False,True,repeated value in upper 1% tail
2014,11575.0,2,1.7388129124246875e-05,9000.0,False,True,repeated value in upper 1% tail
2014,11600.0,2,1.7388129124246875e-05,9000.0,False,True,repeated value in upper 1% tail
2014,11650.0,2,1.7388129124246875e-05,9000.0,False,True,repeated value in upper 1% tail
2014,11666.0,10,8.694064562123439e-05,9000.0,False,True,repeated value in upper 1% tail
2014,11750.0,2,1.7388129124246875e-05,9000.0,False,True,repeated value in upper 1% tail
2014,11900.0,3,2.6082193686370316e-05,9000.0,False,True,repeated value in upper 1% tail
2014,12000.0,46,0.00039992696985767816,9000.0,False,True,repeated value in upper 1% tail
2014,12166.0,2,1.7388129124246875e-05,9000.0,False,True,repeated value in upper 1% tail
2014,12200.0,2,1.7388129124246875e-05,9000.0,False,True,repeated value in upper 1% tail
2014,12250.0,2,1.7388129124246875e-05,9000.0,False,True,repeated value in upper 1% tail
2014,12350.0,2,1.7388129124246875e-05,9000.0,False,True,repeated value in upper 1% tail
2014,12400.0,2,1.7388129124246875e-05,9000.0,False,True,repeated value in upper 1% tail
2014,12500.0,25,0.00021735161405308595,9000.0,False,True,repeated value in upper 1% tail
2014,12600.0,3,2.6082193686370316e-05,9000.0,False,True,repeated value in upper 1% tail
2014,12700.0,4,3.477625824849375e-05,9000.0,False,True,repeated value in upper 1% tail
2014,12724.0,4,3.477625824849375e-05,9000.0,False,True,repeated value in upper 1% tail
2014,12725.0,2,1.7388129124246875e-05,9000.0,False,True,repeated value in upper 1% tail
2014,12750.0,2,1.7388129124246875e-05,9000.0,False,True,repeated value in upper 1% tail
2014,12900.0,2,1.7388129124246875e-05,9000.0,False,True,repeated value in upper 1% tail
2014,13000.0,35,0.00030429225967432036,9000.0,False,True,repeated value in upper 1% tail
2014,13200.0,4,3.477625824849375e-05,9000.0,False,True,repeated value in upper 1% tail
2014,13250.0,3,2.6082193686370316e-05,9000.0,False,True,repeated value in upper 1% tail
2014,13333.0,7,6.085845193486407e-05,9000.0,False,True,repeated value in upper 1% tail
2014,13500.0,8,6.95525164969875e-05,9000.0,False,True,repeated value in upper 1% tail
2014,13600.0,2,1.7388129124246875e-05,9000.0,False,True,repeated value in upper 1% tail
2014,13750.0,4,3.477625824849375e-05,9000.0,False,True,repeated value in upper 1% tail
2014,13800.0,2,1.7388129124246875e-05,9000.0,False,True,repeated value in upper 1% tail
2014,14000.0,24,0.00020865754949096253,9000.0,False,True,repeated value in upper 1% tail
2014,14025.0,2,1.7388129124246875e-05,9000.0,False,True,repeated value in upper 1% tail
2014,14250.0,3,2.6082193686370316e-05,9000.0,False,True,repeated value in upper 1% tail
2014,14500.0,11,9.563471018335783e-05,9000.0,False,True,repeated value in upper 1% tail
2014,14900.0,2,1.7388129124246875e-05,9000.0,False,True,repeated value in upper 1% tail
2014,15000.0,54,0.00046947948635466566,9000.0,False,True,repeated value in upper 1% tail
2014,15250.0,3,2.6082193686370316e-05,9000.0,False,True,repeated value in upper 1% tail
2014,15300.0,2,1.7388129124246875e-05,9000.0,False,True,repeated value in upper 1% tail
2014,15333.0,2,1.7388129124246875e-05,9000.0,False,True,repeated value in upper 1% tail
2014,15500.0,7,6.085845193486407e-05,9000.0,False,True,repeated value in upper 1% tail
2014,15700.0,3,2.6082193686370316e-05,9000.0,False,True,repeated value in upper 1% tail
2014,15750.0,2,1.7388129124246875e-05,9000.0,False,True,repeated value in upper 1% tail
2014,16000.0,20,0.00017388129124246878,9000.0,False,True,repeated value in upper 1% tail
2014,16150.0,2,1.7388129124246875e-05,9000.0,False,True,repeated value in upper 1% tail
2014,16200.0,2,1.7388129124246875e-05,9000.0,False,True,repeated value in upper 1% tail
2014,16500.0,2,1.7388129124246875e-05,9000.0,False,True,repeated value in upper 1% tail
2014,16750.0,2,1.7388129124246875e-05,9000.0,False,True,repeated value in upper 1% tail
2014,16800.0,2,1.7388129124246875e-05,9000.0,False,True,repeated value in upper 1% tail
2014,17000.0,15,0.00013041096843185158,9000.0,False,True,repeated value in upper 1% tail
2014,17200.0,2,1.7388129124246875e-05,9000.0,False,True,repeated value in upper 1% tail
2014,17250.0,2,1.7388129124246875e-05,9000.0,False,True,repeated value in upper 1% tail
2014,17500.0,7,6.085845193486407e-05,9000.0,False,True,repeated value in upper 1% tail
2014,18000.0,13,0.0001130228393076047,9000.0,False,True,repeated value in upper 1% tail
2014,18050.0,3,2.6082193686370316e-05,9000.0,False,True,repeated value in upper 1% tail
2014,18500.0,3,2.6082193686370316e-05,9000.0,False,True,repeated value in upper 1% tail
2014,19000.0,10,8.694064562123439e-05,9000.0,False,True,repeated value in upper 1% tail
2014,19350.0,2,1.7388129124246875e-05,9000.0,False,True,repeated value in upper 1% tail
2014,19500.0,2,1.7388129124246875e-05,9000.0,False,True,repeated value in upper 1% tail
2014,20000.0,33,0.00028690413055007345,9000.0,False,True,repeated value in upper 1% tail
2014,20100.0,2,1.7388129124246875e-05,9000.0,False,True,repeated value in upper 1% tail
2014,20500.0,3,2.6082193686370316e-05,9000.0,False,True,repeated value in upper 1% tail
2014,22000.0,7,6.085845193486407e-05,9000.0,False,True,repeated value in upper 1% tail
2014,22200.0,2,1.7388129124246875e-05,9000.0,False,True,repeated value in upper 1% tail
2014,22500.0,4,3.477625824849375e-05,9000.0,False,True,repeated value in upper 1% tail
2014,23000.0,5,4.3470322810617195e-05,9000.0,False,True,repeated value in upper 1% tail
2014,23500.0,3,2.6082193686370316e-05,9000.0,False,True,repeated value in upper 1% tail
2014,24000.0,3,2.6082193686370316e-05,9000.0,False,True,repeated value in upper 1% tail
2014,25000.0,12,0.00010432877474548126,9000.0,False,True,repeated value in upper 1% tail
2014,25500.0,2,1.7388129124246875e-05,9000.0,False,True,repeated value in upper 1% tail
2014,26000.0,6,5.216438737274063e-05,9000.0,False,True,repeated value in upper 1% tail
2014,27500.0,2,1.7388129124246875e-05,9000.0,False,True,repeated value in upper 1% tail
2014,29000.0,2,1.7388129124246875e-05,9000.0,False,True,repeated value in upper 1% tail
2014,30000.0,4,3.477625824849375e-05,9000.0,False,True,repeated value in upper 1% tail
2014,32500.0,2,1.7388129124246875e-05,9000.0,False,True,repeated value in upper 1% tail
2014,35000.0,3,2.6082193686370316e-05,9000.0,False,True,repeated value in upper 1% tail
2014,37000.0,2,1.7388129124246875e-05,9000.0,False,True,repeated value in upper 1% tail
2014,45000.0,3,2.6082193686370316e-05,9000.0,False,True,repeated value in upper 1% tail
2015,9250.0,11,9.513431235189317e-05,9250.0,False,True,repeated value in upper 1% tail
2015,9333.0,10,8.648573850172106e-05,9250.0,False,True,repeated value in upper 1% tail
2015,9350.0,2,1.7297147700344214e-05,9250.0,False,True,repeated value in upper 1% tail
2015,9500.0,27,0.00023351149395464687,9250.0,False,True,repeated value in upper 1% tail
2015,9550.0,2,1.7297147700344214e-05,9250.0,False,True,repeated value in upper 1% tail
2015,9600.0,6,5.189144310103264e-05,9250.0,False,True,repeated value in upper 1% tail
2015,9625.0,2,1.7297147700344214e-05,9250.0,False,True,repeated value in upper 1% tail
2015,9666.0,7,6.054001695120475e-05,9250.0,False,True,repeated value in upper 1% tail
2015,9700.0,3,2.594572155051632e-05,9250.0,False,True,repeated value in upper 1% tail
2015,9750.0,7,6.054001695120475e-05,9250.0,False,True,repeated value in upper 1% tail
2015,9800.0,7,6.054001695120475e-05,9250.0,False,True,repeated value in upper 1% tail
2015,9900.0,4,3.459429540068843e-05,9250.0,False,True,repeated value in upper 1% tail
2015,9933.0,2,1.7297147700344214e-05,9250.0,False,True,repeated value in upper 1% tail
2015,9950.0,3,2.594572155051632e-05,9250.0,False,True,repeated value in upper 1% tail
2015,10000.0,164,0.0014183661114282255,9250.0,False,True,repeated value in upper 1% tail
2015,10100.0,4,3.459429540068843e-05,9250.0,False,True,repeated value in upper 1% tail
2015,10150.0,3,2.594572155051632e-05,9250.0,False,True,repeated value in upper 1% tail
2015,10166.0,2,1.7297147700344214e-05,9250.0,False,True,repeated value in upper 1% tail
2015,10200.0,9,7.783716465154895e-05,9250.0,False,True,repeated value in upper 1% tail
2015,10250.0,5,4.324286925086053e-05,9250.0,False,True,repeated value in upper 1% tail
2015,10275.0,2,1.7297147700344214e-05,9250.0,False,True,repeated value in upper 1% tail
2015,10300.0,2,1.7297147700344214e-05,9250.0,False,True,repeated value in upper 1% tail
2015,10333.0,8,6.918859080137686e-05,9250.0,False,True,repeated value in upper 1% tail
2015,10400.0,2,1.7297147700344214e-05,9250.0,False,True,repeated value in upper 1% tail
2015,10450.0,2,1.7297147700344214e-05,9250.0,False,True,repeated value in upper 1% tail
2015,10500.0,28,0.000242160067804819,9250.0,False,True,repeated value in upper 1% tail
2015,10550.0,2,1.7297147700344214e-05,9250.0,False,True,repeated value in upper 1% tail
2015,10600.0,2,1.7297147700344214e-05,9250.0,False,True,repeated value in upper 1% tail
2015,10650.0,2,1.7297147700344214e-05,9250.0,False,True,repeated value in upper 1% tail
2015,10666.0,7,6.054001695120475e-05,9250.0,False,True,repeated value in upper 1% tail
2015,10750.0,3,2.594572155051632e-05,9250.0,False,True,repeated value in upper 1% tail
2015,10800.0,4,3.459429540068843e-05,9250.0,False,True,repeated value in upper 1% tail
2015,10850.0,4,3.459429540068843e-05,9250.0,False,True,repeated value in upper 1% tail
2015,10900.0,3,2.594572155051632e-05,9250.0,False,True,repeated value in upper 1% tail
2015,11000.0,38,0.00032864580630654006,9250.0,False,True,repeated value in upper 1% tail
2015,11100.0,2,1.7297147700344214e-05,9250.0,False,True,repeated value in upper 1% tail
2015,11150.0,2,1.7297147700344214e-05,9250.0,False,True,repeated value in upper 1% tail
2015,11166.0,2,1.7297147700344214e-05,9250.0,False,True,repeated value in upper 1% tail
2015,11250.0,6,5.189144310103264e-05,9250.0,False,True,repeated value in upper 1% tail
2015,11300.0,3,2.594572155051632e-05,9250.0,False,True,repeated value in upper 1% tail
2015,11333.0,3,2.594572155051632e-05,9250.0,False,True,repeated value in upper 1% tail
2015,11400.0,2,1.7297147700344214e-05,9250.0,False,True,repeated value in upper 1% tail
2015,11500.0,18,0.0001556743293030979,9250.0,False,True,repeated value in upper 1% tail
2015,11550.0,2,1.7297147700344214e-05,9250.0,False,True,repeated value in upper 1% tail
2015,11650.0,2,1.7297147700344214e-05,9250.0,False,True,repeated value in upper 1% tail
2015,11666.0,7,6.054001695120475e-05,9250.0,False,True,repeated value in upper 1% tail
2015,11700.0,4,3.459429540068843e-05,9250.0,False,True,repeated value in upper 1% tail
2015,11750.0,7,6.054001695120475e-05,9250.0,False,True,repeated value in upper 1% tail
2015,12000.0,67,0.0005794544479615311,9250.0,False,True,repeated value in upper 1% tail
2015,12100.0,2,1.7297147700344214e-05,9250.0,False,True,repeated value in upper 1% tail
2015,12150.0,3,2.594572155051632e-05,9250.0,False,True,repeated value in upper 1% tail
2015,12300.0,2,1.7297147700344214e-05,9250.0,False,True,repeated value in upper 1% tail
2015,12400.0,3,2.594572155051632e-05,9250.0,False,True,repeated value in upper 1% tail
2015,12500.0,35,0.00030270008475602374,9250.0,False,True,repeated value in upper 1% tail
2015,12666.0,6,5.189144310103264e-05,9250.0,False,True,repeated value in upper 1% tail
2015,12800.0,3,2.594572155051632e-05,9250.0,False,True,repeated value in upper 1% tail
2015,13000.0,25,0.00021621434625430266,9250.0,False,True,repeated value in upper 1% tail
2015,13100.0,2,1.7297147700344214e-05,9250.0,False,True,repeated value in upper 1% tail
2015,13200.0,3,2.594572155051632e-05,9250.0,False,True,repeated value in upper 1% tail
2015,13333.0,7,6.054001695120475e-05,9250.0,False,True,repeated value in upper 1% tail
2015,13400.0,2,1.7297147700344214e-05,9250.0,False,True,repeated value in upper 1% tail
2015,13500.0,9,7.783716465154895e-05,9250.0,False,True,repeated value in upper 1% tail
2015,13600.0,2,1.7297147700344214e-05,9250.0,False,True,repeated value in upper 1% tail
2015,13666.0,2,1.7297147700344214e-05,9250.0,False,True,repeated value in upper 1% tail
2015,13800.0,3,2.594572155051632e-05,9250.0,False,True,repeated value in upper 1% tail
2015,14000.0,30,0.0002594572155051632,9250.0,False,True,repeated value in upper 1% tail
2015,14200.0,3,2.594572155051632e-05,9250.0,False,True,repeated value in upper 1% tail
2015,14400.0,2,1.7297147700344214e-05,9250.0,False,True,repeated value in upper 1% tail
2015,14500.0,7,6.054001695120475e-05,9250.0,False,True,repeated value in upper 1% tail
2015,14600.0,2,1.7297147700344214e-05,9250.0,False,True,repeated value in upper 1% tail
2015,14800.0,5,4.324286925086053e-05,9250.0,False,True,repeated value in upper 1% tail
2015,15000.0,42,0.0003632401017072285,9250.0,False,True,repeated value in upper 1% tail
2015,15320.0,2,1.7297147700344214e-05,9250.0,False,True,repeated value in upper 1% tail
2015,15333.0,2,1.7297147700344214e-05,9250.0,False,True,repeated value in upper 1% tail
2015,15400.0,2,1.7297147700344214e-05,9250.0,False,True,repeated value in upper 1% tail
2015,15500.0,5,4.324286925086053e-05,9250.0,False,True,repeated value in upper 1% tail
2015,15600.0,3,2.594572155051632e-05,9250.0,False,True,repeated value in upper 1% tail
2015,15800.0,2,1.7297147700344214e-05,9250.0,False,True,repeated value in upper 1% tail
2015,15933.0,2,1.7297147700344214e-05,9250.0,False,True,repeated value in upper 1% tail
2015,16000.0,19,0.00016432290315327003,9250.0,False,True,repeated value in upper 1% tail
2015,16050.0,2,1.7297147700344214e-05,9250.0,False,True,repeated value in upper 1% tail
2015,16100.0,2,1.7297147700344214e-05,9250.0,False,True,repeated value in upper 1% tail
2015,16200.0,2,1.7297147700344214e-05,9250.0,False,True,repeated value in upper 1% tail
2015,16500.0,5,4.324286925086053e-05,9250.0,False,True,repeated value in upper 1% tail
2015,16666.0,5,4.324286925086053e-05,9250.0,False,True,repeated value in upper 1% tail
2015,16750.0,2,1.7297147700344214e-05,9250.0,False,True,repeated value in upper 1% tail
2015,17000.0,13,0.00011243146005223739,9250.0,False,True,repeated value in upper 1% tail
2015,17500.0,11,9.513431235189317e-05,9250.0,False,True,repeated value in upper 1% tail
2015,18000.0,15,0.0001297286077525816,9250.0,False,True,repeated value in upper 1% tail
2015,18750.0,2,1.7297147700344214e-05,9250.0,False,True,repeated value in upper 1% tail
2015,19000.0,5,4.324286925086053e-05,9250.0,False,True,repeated value in upper 1% tail
2015,20000.0,37,0.00031999723245636794,9250.0,False,True,repeated value in upper 1% tail
2015,20500.0,3,2.594572155051632e-05,9250.0,False,True,repeated value in upper 1% tail
2015,20700.0,2,1.7297147700344214e-05,9250.0,False,True,repeated value in upper 1% tail
2015,21000.0,8,6.918859080137686e-05,9250.0,False,True,repeated value in upper 1% tail
2015,22000.0,6,5.189144310103264e-05,9250.0,False,True,repeated value in upper 1% tail
2015,22200.0,2,1.7297147700344214e-05,9250.0,False,True,repeated value in upper 1% tail
2015,22500.0,6,5.189144310103264e-05,9250.0,False,True,repeated value in upper 1% tail
2015,23000.0,10,8.648573850172106e-05,9250.0,False,True,repeated value in upper 1% tail
2015,23500.0,6,5.189144310103264e-05,9250.0,False,True,repeated value in upper 1% tail
2015,24000.0,3,2.594572155051632e-05,9250.0,False,True,repeated value in upper 1% tail
2015,25000.0,12,0.00010378288620206528,9250.0,False,True,repeated value in upper 1% tail
2015,26000.0,4,3.459429540068843e-05,9250.0,False,True,repeated value in upper 1% tail
2015,27000.0,5,4.324286925086053e-05,9250.0,False,True,repeated value in upper 1% tail
2015,28000.0,2,1.7297147700344214e-05,9250.0,False,True,repeated value in upper 1% tail
2015,30000.0,7,6.054001695120475e-05,9250.0,False,True,repeated value in upper 1% tail
2015,31500.0,2,1.7297147700344214e-05,9250.0,False,True,repeated value in upper 1% tail
2015,32000.0,3,2.594572155051632e-05,9250.0,False,True,repeated value in upper 1% tail
2015,34000.0,2,1.7297147700344214e-05,9250.0,False,True,repeated value in upper 1% tail
2015,35000.0,5,4.324286925086053e-05,9250.0,False,True,repeated value in upper 1% tail
2015,40000.0,3,2.594572155051632e-05,9250.0,False,True,repeated value in upper 1% tail
2015,45000.0,2,1.7297147700344214e-05,9250.0,False,True,repeated value in upper 1% tail
2016,12000.0,404,0.001757369861106882,12000.0,False,True,repeated value in upper 1% tail
2016,12300.0,4,1.7399701595117642e-05,12000.0,False,True,repeated value in upper 1% tail
2016,12400.0,2,8.699850797558821e-06,12000.0,False,True,repeated value in upper 1% tail
2016,12500.0,22,9.569835877314705e-05,12000.0,False,True,repeated value in upper 1% tail
2016,12600.0,3,1.3049776196338233e-05,12000.0,False,True,repeated value in upper 1% tail
2016,12800.0,4,1.7399701595117642e-05,12000.0,False,True,repeated value in upper 1% tail
2016,13000.0,118,0.0005132911970559705,12000.0,False,True,repeated value in upper 1% tail
2016,13200.0,4,1.7399701595117642e-05,12000.0,False,True,repeated value in upper 1% tail
2016,13500.0,17,7.394873177924998e-05,12000.0,False,True,repeated value in upper 1% tail
2016,13700.0,2,8.699850797558821e-06,12000.0,False,True,repeated value in upper 1% tail
2016,13800.0,3,1.3049776196338233e-05,12000.0,False,True,repeated value in upper 1% tail
2016,14000.0,110,0.0004784917938657352,12000.0,False,True,repeated value in upper 1% tail
2016,14200.0,2,8.699850797558821e-06,12000.0,False,True,repeated value in upper 1% tail
2016,14500.0,13,5.6549030184132344e-05,12000.0,False,True,repeated value in upper 1% tail
2016,14800.0,2,8.699850797558821e-06,12000.0,False,True,repeated value in upper 1% tail
2016,15000.0,509,0.0022141120279787203,12000.0,False,True,repeated value in upper 1% tail
2016,15500.0,6,2.6099552392676467e-05,12000.0,False,True,repeated value in upper 1% tail
2016,15600.0,2,8.699850797558821e-06,12000.0,False,True,repeated value in upper 1% tail
2016,15800.0,2,8.699850797558821e-06,12000.0,False,True,repeated value in upper 1% tail
2016,16000.0,99,0.0004306426144791617,12000.0,False,True,repeated value in upper 1% tail
2016,16200.0,2,8.699850797558821e-06,12000.0,False,True,repeated value in upper 1% tail
2016,16500.0,4,1.7399701595117642e-05,12000.0,False,True,repeated value in upper 1% tail
2016,16800.0,2,8.699850797558821e-06,12000.0,False,True,repeated value in upper 1% tail
2016,17000.0,54,0.0002348959715340882,12000.0,False,True,repeated value in upper 1% tail
2016,17500.0,8,3.4799403190235285e-05,12000.0,False,True,repeated value in upper 1% tail
2016,17600.0,3,1.3049776196338233e-05,12000.0,False,True,repeated value in upper 1% tail
2016,18000.0,120,0.0005219910478535293,12000.0,False,True,repeated value in upper 1% tail
2016,18500.0,4,1.7399701595117642e-05,12000.0,False,True,repeated value in upper 1% tail
2016,18800.0,2,8.699850797558821e-06,12000.0,False,True,repeated value in upper 1% tail
2016,19000.0,50,0.00021749626993897056,12000.0,False,True,repeated value in upper 1% tail
2016,19500.0,2,8.699850797558821e-06,12000.0,False,True,repeated value in upper 1% tail
2016,19800.0,2,8.699850797558821e-06,12000.0,False,True,repeated value in upper 1% tail
2016,20000.0,314,0.001365876575216735,12000.0,False,True,repeated value in upper 1% tail
2016,21000.0,35,0.00015224738895727938,12000.0,False,True,repeated value in upper 1% tail
2016,21500.0,3,1.3049776196338233e-05,12000.0,False,True,repeated value in upper 1% tail
2016,22000.0,36,0.00015659731435605878,12000.0,False,True,repeated value in upper 1% tail
2016,22500.0,3,1.3049776196338233e-05,12000.0,False,True,repeated value in upper 1% tail
2016,23000.0,29,0.00012614783656460292,12000.0,False,True,repeated value in upper 1% tail
2016,23500.0,2,8.699850797558821e-06,12000.0,False,True,repeated value in upper 1% tail
2016,24000.0,16,6.959880638047057e-05,12000.0,False,True,repeated value in upper 1% tail
2016,25000.0,111,0.0004828417192645146,12000.0,False,True,repeated value in upper 1% tail
2016,26000.0,16,6.959880638047057e-05,12000.0,False,True,repeated value in upper 1% tail
2016,27000.0,15,6.524888098169116e-05,12000.0,False,True,repeated value in upper 1% tail
2016,28000.0,15,6.524888098169116e-05,12000.0,False,True,repeated value in upper 1% tail
2016,29000.0,9,3.9149328589014695e-05,12000.0,False,True,repeated value in upper 1% tail
2016,30000.0,108,0.0004697919430681764,12000.0,False,True,repeated value in upper 1% tail
2016,31000.0,2,8.699850797558821e-06,12000.0,False,True,repeated value in upper 1% tail
2016,32000.0,5,2.1749626993897056e-05,12000.0,False,True,repeated value in upper 1% tail
2016,33000.0,3,1.3049776196338233e-05,12000.0,False,True,repeated value in upper 1% tail
2016,34000.0,5,2.1749626993897056e-05,12000.0,False,True,repeated value in upper 1% tail
2016,35000.0,23,0.00010004828417192646,12000.0,False,True,repeated value in upper 1% tail
2016,36000.0,2,8.699850797558821e-06,12000.0,False,True,repeated value in upper 1% tail
2016,38000.0,2,8.699850797558821e-06,12000.0,False,True,repeated value in upper 1% tail
2016,39000.0,2,8.699850797558821e-06,12000.0,False,True,repeated value in upper 1% tail
2016,40000.0,22,9.569835877314705e-05,12000.0,False,True,repeated value in upper 1% tail
2016,42000.0,3,1.3049776196338233e-05,12000.0,False,True,repeated value in upper 1% tail
2016,43000.0,2,8.699850797558821e-06,12000.0,False,True,repeated value in upper 1% tail
2016,45000.0,6,2.6099552392676467e-05,12000.0,False,True,repeated value in upper 1% tail
2016,50000.0,13,5.6549030184132344e-05,12000.0,False,True,repeated value in upper 1% tail
2016,57116.0,2,8.699850797558821e-06,12000.0,False,True,repeated value in upper 1% tail
2016,59000.0,2,8.699850797558821e-06,12000.0,False,True,repeated value in upper 1% tail
2016,70000.0,3,1.3049776196338233e-05,12000.0,False,True,repeated value in upper 1% tail
2016,100000.0,4,1.7399701595117642e-05,12000.0,False,True,repeated value in upper 1% tail
2016,110000.0,2,8.699850797558821e-06,12000.0,False,True,repeated value in upper 1% tail
2017,13000.0,155,0.000678141105851264,13000.0,False,True,repeated value in upper 1% tail
2017,13300.0,4,1.7500415634871327e-05,13000.0,False,True,repeated value in upper 1% tail
2017,13400.0,3,1.3125311726153497e-05,13000.0,False,True,repeated value in upper 1% tail
2017,13500.0,12,5.250124690461399e-05,13000.0,False,True,repeated value in upper 1% tail
2017,13600.0,2,8.750207817435663e-06,13000.0,False,True,repeated value in upper 1% tail
2017,13700.0,2,8.750207817435663e-06,13000.0,False,True,repeated value in upper 1% tail
2017,13900.0,2,8.750207817435663e-06,13000.0,False,True,repeated value in upper 1% tail
2017,14000.0,127,0.0005556381964071646,13000.0,False,True,repeated value in upper 1% tail
2017,14055.0,2,8.750207817435663e-06,13000.0,False,True,repeated value in upper 1% tail
2017,14200.0,3,1.3125311726153497e-05,13000.0,False,True,repeated value in upper 1% tail
2017,14300.0,2,8.750207817435663e-06,13000.0,False,True,repeated value in upper 1% tail
2017,14500.0,8,3.500083126974265e-05,13000.0,False,True,repeated value in upper 1% tail
2017,14700.0,3,1.3125311726153497e-05,13000.0,False,True,repeated value in upper 1% tail
2017,14750.0,2,8.750207817435663e-06,13000.0,False,True,repeated value in upper 1% tail
2017,15000.0,573,0.0025069345396953177,13000.0,False,True,repeated value in upper 1% tail
2017,15500.0,7,3.062572736102482e-05,13000.0,False,True,repeated value in upper 1% tail
2017,15600.0,4,1.7500415634871327e-05,13000.0,False,True,repeated value in upper 1% tail
2017,15700.0,5,2.187551954358916e-05,13000.0,False,True,repeated value in upper 1% tail
2017,15800.0,3,1.3125311726153497e-05,13000.0,False,True,repeated value in upper 1% tail
2017,15900.0,3,1.3125311726153497e-05,13000.0,False,True,repeated value in upper 1% tail
2017,16000.0,97,0.0004243850791456297,13000.0,False,True,repeated value in upper 1% tail
2017,16300.0,2,8.750207817435663e-06,13000.0,False,True,repeated value in upper 1% tail
2017,16500.0,9,3.937593517846049e-05,13000.0,False,True,repeated value in upper 1% tail
2017,16700.0,2,8.750207817435663e-06,13000.0,False,True,repeated value in upper 1% tail
2017,16800.0,4,1.7500415634871327e-05,13000.0,False,True,repeated value in upper 1% tail
2017,17000.0,69,0.0003018821697015304,13000.0,False,True,repeated value in upper 1% tail
2017,17200.0,2,8.750207817435663e-06,13000.0,False,True,repeated value in upper 1% tail
2017,17500.0,8,3.500083126974265e-05,13000.0,False,True,repeated value in upper 1% tail
2017,17800.0,3,1.3125311726153497e-05,13000.0,False,True,repeated value in upper 1% tail
2017,18000.0,116,0.0005075120534112685,13000.0,False,True,repeated value in upper 1% tail
2017,18500.0,6,2.6250623452306993e-05,13000.0,False,True,repeated value in upper 1% tail
2017,19000.0,47,0.0002056298837097381,13000.0,False,True,repeated value in upper 1% tail
2017,19500.0,5,2.187551954358916e-05,13000.0,False,True,repeated value in upper 1% tail
2017,19600.0,2,8.750207817435663e-06,13000.0,False,True,repeated value in upper 1% tail
2017,19700.0,2,8.750207817435663e-06,13000.0,False,True,repeated value in upper 1% tail
2017,19800.0,2,8.750207817435663e-06,13000.0,False,True,repeated value in upper 1% tail
2017,19900.0,2,8.750207817435663e-06,13000.0,False,True,repeated value in upper 1% tail
2017,20000.0,350,0.0015312863680512412,13000.0,False,True,repeated value in upper 1% tail
2017,20300.0,2,8.750207817435663e-06,13000.0,False,True,repeated value in upper 1% tail
2017,20500.0,7,3.062572736102482e-05,13000.0,False,True,repeated value in upper 1% tail
2017,21000.0,23,0.00010062738990051014,13000.0,False,True,repeated value in upper 1% tail
2017,21500.0,3,1.3125311726153497e-05,13000.0,False,True,repeated value in upper 1% tail
2017,22000.0,43,0.00018812946807486678,13000.0,False,True,repeated value in upper 1% tail
2017,22500.0,2,8.750207817435663e-06,13000.0,False,True,repeated value in upper 1% tail
2017,23000.0,25,0.0001093775977179458,13000.0,False,True,repeated value in upper 1% tail
2017,23500.0,3,1.3125311726153497e-05,13000.0,False,True,repeated value in upper 1% tail
2017,24000.0,23,0.00010062738990051014,13000.0,False,True,repeated value in upper 1% tail
2017,24500.0,2,8.750207817435663e-06,13000.0,False,True,repeated value in upper 1% tail
2017,25000.0,116,0.0005075120534112685,13000.0,False,True,repeated value in upper 1% tail
2017,26000.0,20,8.750207817435664e-05,13000.0,False,True,repeated value in upper 1% tail
2017,27000.0,17,7.437676644820314e-05,13000.0,False,True,repeated value in upper 1% tail
2017,27500.0,2,8.750207817435663e-06,13000.0,False,True,repeated value in upper 1% tail
2017,28000.0,14,6.125145472204965e-05,13000.0,False,True,repeated value in upper 1% tail
2017,29000.0,2,8.750207817435663e-06,13000.0,False,True,repeated value in upper 1% tail
2017,30000.0,131,0.000573138612042036,13000.0,False,True,repeated value in upper 1% tail
2017,31000.0,2,8.750207817435663e-06,13000.0,False,True,repeated value in upper 1% tail
2017,32000.0,12,5.250124690461399e-05,13000.0,False,True,repeated value in upper 1% tail
2017,32500.0,2,8.750207817435663e-06,13000.0,False,True,repeated value in upper 1% tail
2017,33000.0,7,3.062572736102482e-05,13000.0,False,True,repeated value in upper 1% tail
2017,34000.0,6,2.6250623452306993e-05,13000.0,False,True,repeated value in upper 1% tail
2017,34500.0,2,8.750207817435663e-06,13000.0,False,True,repeated value in upper 1% tail
2017,35000.0,40,0.00017500415634871328,13000.0,False,True,repeated value in upper 1% tail
2017,36000.0,4,1.7500415634871327e-05,13000.0,False,True,repeated value in upper 1% tail
2017,37000.0,3,1.3125311726153497e-05,13000.0,False,True,repeated value in upper 1% tail
2017,38000.0,3,1.3125311726153497e-05,13000.0,False,True,repeated value in upper 1% tail
2017,39000.0,4,1.7500415634871327e-05,13000.0,False,True,repeated value in upper 1% tail
2017,40000.0,41,0.0001793792602574311,13000.0,False,True,repeated value in upper 1% tail
2017,42000.0,4,1.7500415634871327e-05,13000.0,False,True,repeated value in upper 1% tail
2017,45000.0,7,3.062572736102482e-05,13000.0,False,True,repeated value in upper 1% tail
2017,50000.0,19,8.31269742656388e-05,13000.0,False,True,repeated value in upper 1% tail
2017,52000.0,2,8.750207817435663e-06,13000.0,False,True,repeated value in upper 1% tail
2017,53000.0,3,1.3125311726153497e-05,13000.0,False,True,repeated value in upper 1% tail
2017,54000.0,2,8.750207817435663e-06,13000.0,False,True,repeated value in upper 1% tail
2017,55000.0,5,2.187551954358916e-05,13000.0,False,True,repeated value in upper 1% tail
2017,60000.0,9,3.937593517846049e-05,13000.0,False,True,repeated value in upper 1% tail
2017,65000.0,2,8.750207817435663e-06,13000.0,False,True,repeated value in upper 1% tail
2017,70000.0,3,1.3125311726153497e-05,13000.0,False,True,repeated value in upper 1% tail
2017,75000.0,2,8.750207817435663e-06,13000.0,False,True,repeated value in upper 1% tail
2017,80000.0,7,3.062572736102482e-05,13000.0,False,True,repeated value in upper 1% tail
2017,100000.0,4,1.7500415634871327e-05,13000.0,False,True,repeated value in upper 1% tail
2017,150000.0,2,8.750207817435663e-06,13000.0,False,True,repeated value in upper 1% tail
2017,200000.0,2,8.750207817435663e-06,13000.0,False,True,repeated value in upper 1% tail
2018,15000.0,656,0.0028864981409367917,15000.0,False,True,repeated value in upper 1% tail
2018,15500.0,11,4.84016456559523e-05,15000.0,False,True,repeated value in upper 1% tail
2018,15600.0,2,8.800299210173145e-06,15000.0,False,True,repeated value in upper 1% tail
2018,15800.0,2,8.800299210173145e-06,15000.0,False,True,repeated value in upper 1% tail
2018,16000.0,122,0.0005368182518205619,15000.0,False,True,repeated value in upper 1% tail
2018,16400.0,2,8.800299210173145e-06,15000.0,False,True,repeated value in upper 1% tail
2018,16500.0,5,2.2000748025432864e-05,15000.0,False,True,repeated value in upper 1% tail
2018,17000.0,84,0.00036961256682727214,15000.0,False,True,repeated value in upper 1% tail
2018,17200.0,2,8.800299210173145e-06,15000.0,False,True,repeated value in upper 1% tail
2018,17300.0,5,2.2000748025432864e-05,15000.0,False,True,repeated value in upper 1% tail
2018,17400.0,3,1.320044881525972e-05,15000.0,False,True,repeated value in upper 1% tail
2018,17500.0,9,3.960134644577916e-05,15000.0,False,True,repeated value in upper 1% tail
2018,17700.0,2,8.800299210173145e-06,15000.0,False,True,repeated value in upper 1% tail
2018,17800.0,3,1.320044881525972e-05,15000.0,False,True,repeated value in upper 1% tail
2018,18000.0,123,0.0005412184014256485,15000.0,False,True,repeated value in upper 1% tail
2018,18200.0,2,8.800299210173145e-06,15000.0,False,True,repeated value in upper 1% tail
2018,18500.0,7,3.080104723560601e-05,15000.0,False,True,repeated value in upper 1% tail
2018,19000.0,55,0.0002420082282797615,15000.0,False,True,repeated value in upper 1% tail
2018,19500.0,7,3.080104723560601e-05,15000.0,False,True,repeated value in upper 1% tail
2018,20000.0,387,0.0017028578971685037,15000.0,False,True,repeated value in upper 1% tail
2018,20500.0,3,1.320044881525972e-05,15000.0,False,True,repeated value in upper 1% tail
2018,20800.0,2,8.800299210173145e-06,15000.0,False,True,repeated value in upper 1% tail
2018,21000.0,25,0.00011000374012716432,15000.0,False,True,repeated value in upper 1% tail
2018,21500.0,3,1.320044881525972e-05,15000.0,False,True,repeated value in upper 1% tail
2018,22000.0,41,0.00018040613380854948,15000.0,False,True,repeated value in upper 1% tail
2018,22500.0,11,4.84016456559523e-05,15000.0,False,True,repeated value in upper 1% tail
2018,23000.0,32,0.00014080478736277032,15000.0,False,True,repeated value in upper 1% tail
2018,23500.0,2,8.800299210173145e-06,15000.0,False,True,repeated value in upper 1% tail
2018,24000.0,17,7.480254328647174e-05,15000.0,False,True,repeated value in upper 1% tail
2018,25000.0,165,0.0007260246848392845,15000.0,False,True,repeated value in upper 1% tail
2018,26000.0,13,5.720194486612545e-05,15000.0,False,True,repeated value in upper 1% tail
2018,27000.0,18,7.920269289155832e-05,15000.0,False,True,repeated value in upper 1% tail
2018,27500.0,4,1.760059842034629e-05,15000.0,False,True,repeated value in upper 1% tail
2018,28000.0,33,0.0001452049369678569,15000.0,False,True,repeated value in upper 1% tail
2018,28500.0,3,1.320044881525972e-05,15000.0,False,True,repeated value in upper 1% tail
2018,29000.0,7,3.080104723560601e-05,15000.0,False,True,repeated value in upper 1% tail
2018,29800.0,2,8.800299210173145e-06,15000.0,False,True,repeated value in upper 1% tail
2018,30000.0,182,0.0008008272281257563,15000.0,False,True,repeated value in upper 1% tail
2018,31000.0,6,2.640089763051944e-05,15000.0,False,True,repeated value in upper 1% tail
2018,32000.0,8,3.520119684069258e-05,15000.0,False,True,repeated value in upper 1% tail
2018,32500.0,2,8.800299210173145e-06,15000.0,False,True,repeated value in upper 1% tail
2018,33000.0,9,3.960134644577916e-05,15000.0,False,True,repeated value in upper 1% tail
2018,34000.0,5,2.2000748025432864e-05,15000.0,False,True,repeated value in upper 1% tail
2018,34500.0,2,8.800299210173145e-06,15000.0,False,True,repeated value in upper 1% tail
2018,35000.0,24,0.00010560359052207775,15000.0,False,True,repeated value in upper 1% tail
2018,35500.0,2,8.800299210173145e-06,15000.0,False,True,repeated value in upper 1% tail
2018,36000.0,7,3.080104723560601e-05,15000.0,False,True,repeated value in upper 1% tail
2018,37000.0,3,1.320044881525972e-05,15000.0,False,True,repeated value in upper 1% tail
2018,38000.0,6,2.640089763051944e-05,15000.0,False,True,repeated value in upper 1% tail
2018,38500.0,2,8.800299210173145e-06,15000.0,False,True,repeated value in upper 1% tail
2018,39000.0,3,1.320044881525972e-05,15000.0,False,True,repeated value in upper 1% tail
2018,40000.0,42,0.00018480628341363607,15000.0,False,True,repeated value in upper 1% tail
2018,41000.0,4,1.760059842034629e-05,15000.0,False,True,repeated value in upper 1% tail
2018,42000.0,4,1.760059842034629e-05,15000.0,False,True,repeated value in upper 1% tail
2018,45000.0,11,4.84016456559523e-05,15000.0,False,True,repeated value in upper 1% tail
2018,50000.0,33,0.0001452049369678569,15000.0,False,True,repeated value in upper 1% tail
2018,52000.0,2,8.800299210173145e-06,15000.0,False,True,repeated value in upper 1% tail
2018,54000.0,2,8.800299210173145e-06,15000.0,False,True,repeated value in upper 1% tail
2018,60000.0,6,2.640089763051944e-05,15000.0,False,True,repeated value in upper 1% tail
2018,70000.0,6,2.640089763051944e-05,15000.0,False,True,repeated value in upper 1% tail
2018,80000.0,5,2.2000748025432864e-05,15000.0,False,True,repeated value in upper 1% tail
2018,90000.0,4,1.760059842034629e-05,15000.0,False,True,repeated value in upper 1% tail
2018,100000.0,9,3.960134644577916e-05,15000.0,False,True,repeated value in upper 1% tail
2018,120000.0,3,1.320044881525972e-05,15000.0,False,True,repeated value in upper 1% tail
2019,15000.0,677,0.003005936391366702,15000.0,False,True,repeated value in upper 1% tail
2019,15001.0,2,8.880166591925264e-06,15000.0,False,True,repeated value in upper 1% tail
2019,15500.0,9,3.996074966366369e-05,15000.0,False,True,repeated value in upper 1% tail
2019,15600.0,3,1.3320249887887897e-05,15000.0,False,True,repeated value in upper 1% tail
2019,15800.0,4,1.7760333183850528e-05,15000.0,False,True,repeated value in upper 1% tail
2019,16000.0,116,0.0005150496623316654,15000.0,False,True,repeated value in upper 1% tail
2019,16500.0,22,9.76818325111779e-05,15000.0,False,True,repeated value in upper 1% tail
2019,16700.0,2,8.880166591925264e-06,15000.0,False,True,repeated value in upper 1% tail
2019,17000.0,97,0.00043068807970837535,15000.0,False,True,repeated value in upper 1% tail
2019,17400.0,2,8.880166591925264e-06,15000.0,False,True,repeated value in upper 1% tail
2019,17500.0,9,3.996074966366369e-05,15000.0,False,True,repeated value in upper 1% tail
2019,18000.0,170,0.0007548141603136475,15000.0,False,True,repeated value in upper 1% tail
2019,18500.0,10,4.4400832959626324e-05,15000.0,False,True,repeated value in upper 1% tail
2019,18900.0,2,8.880166591925264e-06,15000.0,False,True,repeated value in upper 1% tail
2019,19000.0,56,0.0002486446645739074,15000.0,False,True,repeated value in upper 1% tail
2019,19500.0,12,5.3280999551551586e-05,15000.0,False,True,repeated value in upper 1% tail
2019,19600.0,2,8.880166591925264e-06,15000.0,False,True,repeated value in upper 1% tail
2019,20000.0,448,0.0019891573165912594,15000.0,False,True,repeated value in upper 1% tail
2019,20200.0,2,8.880166591925264e-06,15000.0,False,True,repeated value in upper 1% tail
2019,21000.0,33,0.00014652274876676686,15000.0,False,True,repeated value in upper 1% tail
2019,21500.0,3,1.3320249887887897e-05,15000.0,False,True,repeated value in upper 1% tail
2019,22000.0,37,0.0001642830819506174,15000.0,False,True,repeated value in upper 1% tail
2019,22500.0,3,1.3320249887887897e-05,15000.0,False,True,repeated value in upper 1% tail
2019,23000.0,37,0.0001642830819506174,15000.0,False,True,repeated value in upper 1% tail
2019,23500.0,8,3.5520666367701055e-05,15000.0,False,True,repeated value in upper 1% tail
2019,24000.0,34,0.0001509628320627295,15000.0,False,True,repeated value in upper 1% tail
2019,24500.0,2,8.880166591925264e-06,15000.0,False,True,repeated value in upper 1% tail
2019,25000.0,182,0.0008080951598651991,15000.0,False,True,repeated value in upper 1% tail
2019,25500.0,2,8.880166591925264e-06,15000.0,False,True,repeated value in upper 1% tail
2019,26000.0,20,8.880166591925265e-05,15000.0,False,True,repeated value in upper 1% tail
2019,26500.0,2,8.880166591925264e-06,15000.0,False,True,repeated value in upper 1% tail
2019,27000.0,23,0.00010212191580714054,15000.0,False,True,repeated value in upper 1% tail
2019,27200.0,2,8.880166591925264e-06,15000.0,False,True,repeated value in upper 1% tail
2019,28000.0,32,0.00014208266547080422,15000.0,False,True,repeated value in upper 1% tail
2019,29000.0,11,4.884091625558895e-05,15000.0,False,True,repeated value in upper 1% tail
2019,30000.0,182,0.0008080951598651991,15000.0,False,True,repeated value in upper 1% tail
2019,30500.0,4,1.7760333183850528e-05,15000.0,False,True,repeated value in upper 1% tail
2019,31000.0,11,4.884091625558895e-05,15000.0,False,True,repeated value in upper 1% tail
2019,31500.0,2,8.880166591925264e-06,15000.0,False,True,repeated value in upper 1% tail
2019,32000.0,13,5.772108284751422e-05,15000.0,False,True,repeated value in upper 1% tail
2019,32500.0,2,8.880166591925264e-06,15000.0,False,True,repeated value in upper 1% tail
2019,33000.0,16,7.104133273540211e-05,15000.0,False,True,repeated value in upper 1% tail
2019,34000.0,6,2.6640499775775793e-05,15000.0,False,True,repeated value in upper 1% tail
2019,35000.0,37,0.0001642830819506174,15000.0,False,True,repeated value in upper 1% tail
2019,36000.0,3,1.3320249887887897e-05,15000.0,False,True,repeated value in upper 1% tail
2019,37000.0,5,2.2200416479813162e-05,15000.0,False,True,repeated value in upper 1% tail
2019,38000.0,5,2.2200416479813162e-05,15000.0,False,True,repeated value in upper 1% tail
2019,39000.0,2,8.880166591925264e-06,15000.0,False,True,repeated value in upper 1% tail
2019,40000.0,49,0.00021756408150216898,15000.0,False,True,repeated value in upper 1% tail
2019,41000.0,2,8.880166591925264e-06,15000.0,False,True,repeated value in upper 1% tail
2019,42500.0,2,8.880166591925264e-06,15000.0,False,True,repeated value in upper 1% tail
2019,45000.0,9,3.996074966366369e-05,15000.0,False,True,repeated value in upper 1% tail
2019,46000.0,2,8.880166591925264e-06,15000.0,False,True,repeated value in upper 1% tail
2019,48000.0,3,1.3320249887887897e-05,15000.0,False,True,repeated value in upper 1% tail
2019,50000.0,24,0.00010656199910310317,15000.0,False,True,repeated value in upper 1% tail
2019,52000.0,2,8.880166591925264e-06,15000.0,False,True,repeated value in upper 1% tail
2019,55000.0,2,8.880166591925264e-06,15000.0,False,True,repeated value in upper 1% tail
2019,58000.0,3,1.3320249887887897e-05,15000.0,False,True,repeated value in upper 1% tail
2019,60000.0,10,4.4400832959626324e-05,15000.0,False,True,repeated value in upper 1% tail
2019,65000.0,4,1.7760333183850528e-05,15000.0,False,True,repeated value in upper 1% tail
2019,70000.0,4,1.7760333183850528e-05,15000.0,False,True,repeated value in upper 1% tail
2019,75000.0,2,8.880166591925264e-06,15000.0,False,True,repeated value in upper 1% tail
2019,80000.0,10,4.4400832959626324e-05,15000.0,False,True,repeated value in upper 1% tail
2019,100000.0,9,3.996074966366369e-05,15000.0,False,True,repeated value in upper 1% tail
2019,150000.0,2,8.880166591925264e-06,15000.0,False,True,repeated value in upper 1% tail
2020,16000.0,100,0.0007520663021651989,16000.0,False,True,repeated value in upper 1% tail
2020,16200.0,2,1.5041326043303977e-05,16000.0,False,True,repeated value in upper 1% tail
2020,16400.0,4,3.0082652086607955e-05,16000.0,False,True,repeated value in upper 1% tail
2020,16500.0,9,6.76859671948679e-05,16000.0,False,True,repeated value in upper 1% tail
2020,17000.0,78,0.0005866117156888551,16000.0,False,True,repeated value in upper 1% tail
2020,17500.0,7,5.264464115156392e-05,16000.0,False,True,repeated value in upper 1% tail
2020,17800.0,3,2.2561989064955967e-05,16000.0,False,True,repeated value in upper 1% tail
2020,18000.0,103,0.0007746282912301549,16000.0,False,True,repeated value in upper 1% tail
2020,18500.0,5,3.7603315108259946e-05,16000.0,False,True,repeated value in upper 1% tail
2020,18900.0,2,1.5041326043303977e-05,16000.0,False,True,repeated value in upper 1% tail
2020,19000.0,40,0.00030082652086607957,16000.0,False,True,repeated value in upper 1% tail
2020,19500.0,2,1.5041326043303977e-05,16000.0,False,True,repeated value in upper 1% tail
2020,19600.0,4,3.0082652086607955e-05,16000.0,False,True,repeated value in upper 1% tail
2020,20000.0,334,0.002511901449231764,16000.0,False,True,repeated value in upper 1% tail
2020,21000.0,23,0.00017297524949799574,16000.0,False,True,repeated value in upper 1% tail
2020,21500.0,2,1.5041326043303977e-05,16000.0,False,True,repeated value in upper 1% tail
2020,22000.0,43,0.0003233885099310355,16000.0,False,True,repeated value in upper 1% tail
2020,22500.0,2,1.5041326043303977e-05,16000.0,False,True,repeated value in upper 1% tail
2020,23000.0,28,0.00021057856460625569,16000.0,False,True,repeated value in upper 1% tail
2020,24000.0,27,0.0002030579015846037,16000.0,False,True,repeated value in upper 1% tail
2020,24500.0,5,3.7603315108259946e-05,16000.0,False,True,repeated value in upper 1% tail
2020,24600.0,2,1.5041326043303977e-05,16000.0,False,True,repeated value in upper 1% tail
2020,25000.0,129,0.0009701655297931066,16000.0,False,True,repeated value in upper 1% tail
2020,26000.0,15,0.00011280994532477984,16000.0,False,True,repeated value in upper 1% tail
2020,26500.0,2,1.5041326043303977e-05,16000.0,False,True,repeated value in upper 1% tail
2020,27000.0,14,0.00010528928230312784,16000.0,False,True,repeated value in upper 1% tail
2020,28000.0,25,0.00018801657554129973,16000.0,False,True,repeated value in upper 1% tail
2020,29000.0,6,4.5123978129911934e-05,16000.0,False,True,repeated value in upper 1% tail
2020,30000.0,142,0.0010679341490745825,16000.0,False,True,repeated value in upper 1% tail
2020,30500.0,2,1.5041326043303977e-05,16000.0,False,True,repeated value in upper 1% tail
2020,31000.0,7,5.264464115156392e-05,16000.0,False,True,repeated value in upper 1% tail
2020,32000.0,7,5.264464115156392e-05,16000.0,False,True,repeated value in upper 1% tail
2020,33000.0,9,6.76859671948679e-05,16000.0,False,True,repeated value in upper 1% tail
2020,34000.0,3,2.2561989064955967e-05,16000.0,False,True,repeated value in upper 1% tail
2020,34500.0,2,1.5041326043303977e-05,16000.0,False,True,repeated value in upper 1% tail
2020,35000.0,30,0.00022561989064955967,16000.0,False,True,repeated value in upper 1% tail
2020,36000.0,6,4.5123978129911934e-05,16000.0,False,True,repeated value in upper 1% tail
2020,37000.0,5,3.7603315108259946e-05,16000.0,False,True,repeated value in upper 1% tail
2020,38000.0,5,3.7603315108259946e-05,16000.0,False,True,repeated value in upper 1% tail
2020,39000.0,3,2.2561989064955967e-05,16000.0,False,True,repeated value in upper 1% tail
2020,40000.0,39,0.00029330585784442754,16000.0,False,True,repeated value in upper 1% tail
2020,41000.0,2,1.5041326043303977e-05,16000.0,False,True,repeated value in upper 1% tail
2020,43000.0,2,1.5041326043303977e-05,16000.0,False,True,repeated value in upper 1% tail
2020,44000.0,2,1.5041326043303977e-05,16000.0,False,True,repeated value in upper 1% tail
2020,45000.0,7,5.264464115156392e-05,16000.0,False,True,repeated value in upper 1% tail
2020,47000.0,2,1.5041326043303977e-05,16000.0,False,True,repeated value in upper 1% tail
2020,50000.0,29,0.00021809922762790768,16000.0,False,True,repeated value in upper 1% tail
2020,55000.0,3,2.2561989064955967e-05,16000.0,False,True,repeated value in upper 1% tail
2020,60000.0,12,9.024795625982387e-05,16000.0,False,True,repeated value in upper 1% tail
2020,65000.0,2,1.5041326043303977e-05,16000.0,False,True,repeated value in upper 1% tail
2020,70000.0,3,2.2561989064955967e-05,16000.0,False,True,repeated value in upper 1% tail
2020,80000.0,5,3.7603315108259946e-05,16000.0,False,True,repeated value in upper 1% tail
2020,85000.0,2,1.5041326043303977e-05,16000.0,False,True,repeated value in upper 1% tail
2020,90000.0,2,1.5041326043303977e-05,16000.0,False,True,repeated value in upper 1% tail
2020,100000.0,3,2.2561989064955967e-05,16000.0,False,True,repeated value in upper 1% tail
2020,150000.0,2,1.5041326043303977e-05,16000.0,False,True,repeated value in upper 1% tail
2021,15000.0,576,0.0033374278628873384,15000.0,False,True,repeated value in upper 1% tail
2021,15200.0,3,1.7382436785871554e-05,15000.0,False,True,repeated value in upper 1% tail
2021,15500.0,14,8.111803833406726e-05,15000.0,False,True,repeated value in upper 1% tail
2021,15600.0,3,1.7382436785871554e-05,15000.0,False,True,repeated value in upper 1% tail
2021,15800.0,4,2.3176582381162073e-05,15000.0,False,True,repeated value in upper 1% tail
2021,16000.0,105,0.0006083852875055045,15000.0,False,True,repeated value in upper 1% tail
2021,16250.0,3,1.7382436785871554e-05,15000.0,False,True,repeated value in upper 1% tail
2021,16400.0,2,1.1588291190581037e-05,15000.0,False,True,repeated value in upper 1% tail
2021,16500.0,16,9.27063295246483e-05,15000.0,False,True,repeated value in upper 1% tail
2021,16800.0,2,1.1588291190581037e-05,15000.0,False,True,repeated value in upper 1% tail
2021,17000.0,74,0.0004287667740514984,15000.0,False,True,repeated value in upper 1% tail
2021,17344.0,2,1.1588291190581037e-05,15000.0,False,True,repeated value in upper 1% tail
2021,17500.0,8,4.635316476232415e-05,15000.0,False,True,repeated value in upper 1% tail
2021,17700.0,2,1.1588291190581037e-05,15000.0,False,True,repeated value in upper 1% tail
2021,18000.0,131,0.000759033072983058,15000.0,False,True,repeated value in upper 1% tail
2021,18500.0,4,2.3176582381162073e-05,15000.0,False,True,repeated value in upper 1% tail
2021,19000.0,44,0.00025494240619278283,15000.0,False,True,repeated value in upper 1% tail
2021,19200.0,2,1.1588291190581037e-05,15000.0,False,True,repeated value in upper 1% tail
2021,19500.0,4,2.3176582381162073e-05,15000.0,False,True,repeated value in upper 1% tail
2021,19968.0,2,1.1588291190581037e-05,15000.0,False,True,repeated value in upper 1% tail
2021,20000.0,409,0.002369805548473822,15000.0,False,True,repeated value in upper 1% tail
2021,20100.0,3,1.7382436785871554e-05,15000.0,False,True,repeated value in upper 1% tail
2021,20200.0,2,1.1588291190581037e-05,15000.0,False,True,repeated value in upper 1% tail
2021,20500.0,2,1.1588291190581037e-05,15000.0,False,True,repeated value in upper 1% tail
2021,20900.0,5,2.8970727976452593e-05,15000.0,False,True,repeated value in upper 1% tail
2021,21000.0,34,0.00019700095023987763,15000.0,False,True,repeated value in upper 1% tail
2021,21300.0,2,1.1588291190581037e-05,15000.0,False,True,repeated value in upper 1% tail
2021,21800.0,2,1.1588291190581037e-05,15000.0,False,True,repeated value in upper 1% tail
2021,22000.0,44,0.00025494240619278283,15000.0,False,True,repeated value in upper 1% tail
2021,22500.0,6,3.476487357174311e-05,15000.0,False,True,repeated value in upper 1% tail
2021,23000.0,27,0.000156441931072844,15000.0,False,True,repeated value in upper 1% tail
2021,23700.0,2,1.1588291190581037e-05,15000.0,False,True,repeated value in upper 1% tail
2021,24000.0,18,0.00010429462071522933,15000.0,False,True,repeated value in upper 1% tail
2021,24500.0,3,1.7382436785871554e-05,15000.0,False,True,repeated value in upper 1% tail
2021,25000.0,138,0.0007995920921500915,15000.0,False,True,repeated value in upper 1% tail
2021,26000.0,17,9.850047511993882e-05,15000.0,False,True,repeated value in upper 1% tail
2021,27000.0,19,0.00011008876631051985,15000.0,False,True,repeated value in upper 1% tail
2021,28000.0,24,0.00013905949428697243,15000.0,False,True,repeated value in upper 1% tail
2021,28200.0,2,1.1588291190581037e-05,15000.0,False,True,repeated value in upper 1% tail
2021,29000.0,8,4.635316476232415e-05,15000.0,False,True,repeated value in upper 1% tail
2021,30000.0,123,0.0007126799082207338,15000.0,False,True,repeated value in upper 1% tail
2021,31000.0,7,4.055901916703363e-05,15000.0,False,True,repeated value in upper 1% tail
2021,31500.0,2,1.1588291190581037e-05,15000.0,False,True,repeated value in upper 1% tail
2021,31600.0,2,1.1588291190581037e-05,15000.0,False,True,repeated value in upper 1% tail
2021,32000.0,13,7.532389273877674e-05,15000.0,False,True,repeated value in upper 1% tail
2021,33000.0,6,3.476487357174311e-05,15000.0,False,True,repeated value in upper 1% tail
2021,33500.0,2,1.1588291190581037e-05,15000.0,False,True,repeated value in upper 1% tail
2021,34000.0,5,2.8970727976452593e-05,15000.0,False,True,repeated value in upper 1% tail
2021,34800.0,2,1.1588291190581037e-05,15000.0,False,True,repeated value in upper 1% tail
2021,35000.0,34,0.00019700095023987763,15000.0,False,True,repeated value in upper 1% tail
2021,35500.0,2,1.1588291190581037e-05,15000.0,False,True,repeated value in upper 1% tail
2021,36000.0,7,4.055901916703363e-05,15000.0,False,True,repeated value in upper 1% tail
2021,36500.0,2,1.1588291190581037e-05,15000.0,False,True,repeated value in upper 1% tail
2021,38000.0,8,4.635316476232415e-05,15000.0,False,True,repeated value in upper 1% tail
2021,40000.0,48,0.00027811898857394487,15000.0,False,True,repeated value in upper 1% tail
2021,42000.0,3,1.7382436785871554e-05,15000.0,False,True,repeated value in upper 1% tail
2021,44000.0,2,1.1588291190581037e-05,15000.0,False,True,repeated value in upper 1% tail
2021,45000.0,6,3.476487357174311e-05,15000.0,False,True,repeated value in upper 1% tail
2021,47000.0,3,1.7382436785871554e-05,15000.0,False,True,repeated value in upper 1% tail
2021,49998.0,2,1.1588291190581037e-05,15000.0,False,True,repeated value in upper 1% tail
2021,50000.0,32,0.0001854126590492966,15000.0,False,True,repeated value in upper 1% tail
2021,54000.0,2,1.1588291190581037e-05,15000.0,False,True,repeated value in upper 1% tail
2021,55000.0,9,5.214731035761466e-05,15000.0,False,True,repeated value in upper 1% tail
2021,60000.0,11,6.373560154819571e-05,15000.0,False,True,repeated value in upper 1% tail
2021,63000.0,3,1.7382436785871554e-05,15000.0,False,True,repeated value in upper 1% tail
2021,70000.0,4,2.3176582381162073e-05,15000.0,False,True,repeated value in upper 1% tail
2021,80000.0,5,2.8970727976452593e-05,15000.0,False,True,repeated value in upper 1% tail
2021,90000.0,2,1.1588291190581037e-05,15000.0,False,True,repeated value in upper 1% tail
2021,100000.0,4,2.3176582381162073e-05,15000.0,False,True,repeated value in upper 1% tail
2021,110000.0,2,1.1588291190581037e-05,15000.0,False,True,repeated value in upper 1% tail
2021,130000.0,4,2.3176582381162073e-05,15000.0,False,True,repeated value in upper 1% tail
2022,18000.0,199,0.0009691196594932332,18000.0,False,True,repeated value in upper 1% tail
2022,18300.0,2,9.739896075308876e-06,18000.0,False,True,repeated value in upper 1% tail
2022,18500.0,9,4.3829532338889946e-05,18000.0,False,True,repeated value in upper 1% tail
2022,19000.0,47,0.0002288875577697586,18000.0,False,True,repeated value in upper 1% tail
2022,19400.0,2,9.739896075308876e-06,18000.0,False,True,repeated value in upper 1% tail
2022,19500.0,6,2.921968822592663e-05,18000.0,False,True,repeated value in upper 1% tail
2022,20000.0,639,0.003111896796061186,18000.0,False,True,repeated value in upper 1% tail
2022,20500.0,4,1.9479792150617753e-05,18000.0,False,True,repeated value in upper 1% tail
2022,21000.0,31,0.00015096838916728758,18000.0,False,True,repeated value in upper 1% tail
2022,21500.0,4,1.9479792150617753e-05,18000.0,False,True,repeated value in upper 1% tail
2022,21900.0,2,9.739896075308876e-06,18000.0,False,True,repeated value in upper 1% tail
2022,22000.0,74,0.00036037615478642845,18000.0,False,True,repeated value in upper 1% tail
2022,22500.0,4,1.9479792150617753e-05,18000.0,False,True,repeated value in upper 1% tail
2022,23000.0,30,0.00014609844112963314,18000.0,False,True,repeated value in upper 1% tail
2022,23500.0,4,1.9479792150617753e-05,18000.0,False,True,repeated value in upper 1% tail
2022,24000.0,39,0.0001899279734685231,18000.0,False,True,repeated value in upper 1% tail
2022,24240.0,2,9.739896075308876e-06,18000.0,False,True,repeated value in upper 1% tail
2022,24600.0,2,9.739896075308876e-06,18000.0,False,True,repeated value in upper 1% tail
2022,25000.0,219,0.001066518620246322,18000.0,False,True,repeated value in upper 1% tail
2022,25500.0,2,9.739896075308876e-06,18000.0,False,True,repeated value in upper 1% tail
2022,26000.0,14,6.817927252716213e-05,18000.0,False,True,repeated value in upper 1% tail
2022,26500.0,2,9.739896075308876e-06,18000.0,False,True,repeated value in upper 1% tail
2022,27000.0,27,0.00013148859701666982,18000.0,False,True,repeated value in upper 1% tail
2022,27500.0,4,1.9479792150617753e-05,18000.0,False,True,repeated value in upper 1% tail
2022,28000.0,25,0.00012174870094136096,18000.0,False,True,repeated value in upper 1% tail
2022,29000.0,10,4.869948037654438e-05,18000.0,False,True,repeated value in upper 1% tail
2022,30000.0,256,0.0012467066976395362,18000.0,False,True,repeated value in upper 1% tail
2022,31000.0,7,3.4089636263581066e-05,18000.0,False,True,repeated value in upper 1% tail
2022,32000.0,17,8.278911664012545e-05,18000.0,False,True,repeated value in upper 1% tail
2022,32500.0,5,2.434974018827219e-05,18000.0,False,True,repeated value in upper 1% tail
2022,33000.0,15,7.304922056481657e-05,18000.0,False,True,repeated value in upper 1% tail
2022,34000.0,10,4.869948037654438e-05,18000.0,False,True,repeated value in upper 1% tail
2022,35000.0,58,0.0002824569861839574,18000.0,False,True,repeated value in upper 1% tail
2022,36000.0,12,5.843937645185326e-05,18000.0,False,True,repeated value in upper 1% tail
2022,36500.0,2,9.739896075308876e-06,18000.0,False,True,repeated value in upper 1% tail
2022,37000.0,4,1.9479792150617753e-05,18000.0,False,True,repeated value in upper 1% tail
2022,38000.0,3,1.4609844112963315e-05,18000.0,False,True,repeated value in upper 1% tail
2022,40000.0,94,0.0004577751155395172,18000.0,False,True,repeated value in upper 1% tail
2022,41000.0,4,1.9479792150617753e-05,18000.0,False,True,repeated value in upper 1% tail
2022,42000.0,6,2.921968822592663e-05,18000.0,False,True,repeated value in upper 1% tail
2022,44000.0,2,9.739896075308876e-06,18000.0,False,True,repeated value in upper 1% tail
2022,45000.0,25,0.00012174870094136096,18000.0,False,True,repeated value in upper 1% tail
2022,46000.0,3,1.4609844112963315e-05,18000.0,False,True,repeated value in upper 1% tail
2022,47000.0,2,9.739896075308876e-06,18000.0,False,True,repeated value in upper 1% tail
2022,48000.0,2,9.739896075308876e-06,18000.0,False,True,repeated value in upper 1% tail
2022,50000.0,66,0.0003214165704851929,18000.0,False,True,repeated value in upper 1% tail
2022,50001.0,2,9.739896075308876e-06,18000.0,False,True,repeated value in upper 1% tail
2022,52000.0,3,1.4609844112963315e-05,18000.0,False,True,repeated value in upper 1% tail
2022,55000.0,11,5.356942841419882e-05,18000.0,False,True,repeated value in upper 1% tail
2022,60000.0,17,8.278911664012545e-05,18000.0,False,True,repeated value in upper 1% tail
2022,65000.0,4,1.9479792150617753e-05,18000.0,False,True,repeated value in upper 1% tail
2022,70000.0,12,5.843937645185326e-05,18000.0,False,True,repeated value in upper 1% tail
2022,75000.0,5,2.434974018827219e-05,18000.0,False,True,repeated value in upper 1% tail
2022,80000.0,10,4.869948037654438e-05,18000.0,False,True,repeated value in upper 1% tail
2022,90000.0,5,2.434974018827219e-05,18000.0,False,True,repeated value in upper 1% tail
2022,100000.0,11,5.356942841419882e-05,18000.0,False,True,repeated value in upper 1% tail
2022,120000.0,2,9.739896075308876e-06,18000.0,False,True,repeated value in upper 1% tail
2022,150000.0,3,1.4609844112963315e-05,18000.0,False,True,repeated value in upper 1% tail
2022,200000.0,4,1.9479792150617753e-05,18000.0,False,True,repeated value in upper 1% tail
2023,20000.0,749,0.0037105291838817386,20000.0,False,True,repeated value in upper 1% tail
2023,21000.0,44,0.00021797501213724498,20000.0,False,True,repeated value in upper 1% tail
2023,21500.0,3,1.4861932645721249e-05,20000.0,False,True,repeated value in upper 1% tail
2023,21600.0,2,9.9079550971475e-06,20000.0,False,True,repeated value in upper 1% tail
2023,22000.0,71,0.0003517324059487362,20000.0,False,True,repeated value in upper 1% tail
2023,22250.0,2,9.9079550971475e-06,20000.0,False,True,repeated value in upper 1% tail
2023,22500.0,3,1.4861932645721249e-05,20000.0,False,True,repeated value in upper 1% tail
2023,23000.0,43,0.00021302103458867123,20000.0,False,True,repeated value in upper 1% tail
2023,23500.0,4,1.9815910194295e-05,20000.0,False,True,repeated value in upper 1% tail
2023,23760.0,2,9.9079550971475e-06,20000.0,False,True,repeated value in upper 1% tail
2023,24000.0,42,0.00020806705704009748,20000.0,False,True,repeated value in upper 1% tail
2023,24500.0,3,1.4861932645721249e-05,20000.0,False,True,repeated value in upper 1% tail
2023,24800.0,2,9.9079550971475e-06,20000.0,False,True,repeated value in upper 1% tail
2023,25000.0,248,0.00122858643204629,20000.0,False,True,repeated value in upper 1% tail
2023,26000.0,28,0.000138711371360065,20000.0,False,True,repeated value in upper 1% tail
2023,26400.0,2,9.9079550971475e-06,20000.0,False,True,repeated value in upper 1% tail
2023,26500.0,4,1.9815910194295e-05,20000.0,False,True,repeated value in upper 1% tail
2023,27000.0,30,0.0001486193264572125,20000.0,False,True,repeated value in upper 1% tail
2023,28000.0,28,0.000138711371360065,20000.0,False,True,repeated value in upper 1% tail
2023,28500.0,2,9.9079550971475e-06,20000.0,False,True,repeated value in upper 1% tail
2023,29000.0,8,3.963182038859e-05,20000.0,False,True,repeated value in upper 1% tail
2023,30000.0,329,0.0016298586134807637,20000.0,False,True,repeated value in upper 1% tail
2023,31000.0,5,2.4769887742868748e-05,20000.0,False,True,repeated value in upper 1% tail
2023,31238.0,2,9.9079550971475e-06,20000.0,False,True,repeated value in upper 1% tail
2023,32000.0,22,0.00010898750606862249,20000.0,False,True,repeated value in upper 1% tail
2023,32500.0,3,1.4861932645721249e-05,20000.0,False,True,repeated value in upper 1% tail
2023,32634.0,2,9.9079550971475e-06,20000.0,False,True,repeated value in upper 1% tail
2023,33000.0,15,7.430966322860625e-05,20000.0,False,True,repeated value in upper 1% tail
2023,34000.0,9,4.4585797937163746e-05,20000.0,False,True,repeated value in upper 1% tail
2023,35000.0,72,0.00035668638349730996,20000.0,False,True,repeated value in upper 1% tail
2023,36000.0,6,2.9723865291442498e-05,20000.0,False,True,repeated value in upper 1% tail
2023,37000.0,12,5.9447730582884996e-05,20000.0,False,True,repeated value in upper 1% tail
2023,37500.0,3,1.4861932645721249e-05,20000.0,False,True,repeated value in upper 1% tail
2023,38000.0,6,2.9723865291442498e-05,20000.0,False,True,repeated value in upper 1% tail
2023,39000.0,8,3.963182038859e-05,20000.0,False,True,repeated value in upper 1% tail
2023,39600.0,2,9.9079550971475e-06,20000.0,False,True,repeated value in upper 1% tail
2023,40000.0,90,0.00044585797937163747,20000.0,False,True,repeated value in upper 1% tail
2023,40500.0,2,9.9079550971475e-06,20000.0,False,True,repeated value in upper 1% tail
2023,41000.0,4,1.9815910194295e-05,20000.0,False,True,repeated value in upper 1% tail
2023,41666.0,2,9.9079550971475e-06,20000.0,False,True,repeated value in upper 1% tail
2023,42000.0,13,6.440170813145875e-05,20000.0,False,True,repeated value in upper 1% tail
2023,43000.0,3,1.4861932645721249e-05,20000.0,False,True,repeated value in upper 1% tail
2023,44000.0,3,1.4861932645721249e-05,20000.0,False,True,repeated value in upper 1% tail
2023,44400.0,2,9.9079550971475e-06,20000.0,False,True,repeated value in upper 1% tail
2023,45000.0,15,7.430966322860625e-05,20000.0,False,True,repeated value in upper 1% tail
2023,46000.0,4,1.9815910194295e-05,20000.0,False,True,repeated value in upper 1% tail
2023,47000.0,3,1.4861932645721249e-05,20000.0,False,True,repeated value in upper 1% tail
2023,50000.0,65,0.00032200854065729377,20000.0,False,True,repeated value in upper 1% tail
2023,50001.0,2,9.9079550971475e-06,20000.0,False,True,repeated value in upper 1% tail
2023,52000.0,3,1.4861932645721249e-05,20000.0,False,True,repeated value in upper 1% tail
2023,54000.0,2,9.9079550971475e-06,20000.0,False,True,repeated value in upper 1% tail
2023,55000.0,9,4.4585797937163746e-05,20000.0,False,True,repeated value in upper 1% tail
2023,58000.0,3,1.4861932645721249e-05,20000.0,False,True,repeated value in upper 1% tail
2023,60000.0,25,0.00012384943871434376,20000.0,False,True,repeated value in upper 1% tail
2023,70000.0,10,4.9539775485737496e-05,20000.0,False,True,repeated value in upper 1% tail
2023,75000.0,4,1.9815910194295e-05,20000.0,False,True,repeated value in upper 1% tail
2023,78000.0,2,9.9079550971475e-06,20000.0,False,True,repeated value in upper 1% tail
2023,80000.0,10,4.9539775485737496e-05,20000.0,False,True,repeated value in upper 1% tail
2023,90000.0,2,9.9079550971475e-06,20000.0,False,True,repeated value in upper 1% tail
2023,100000.0,15,7.430966322860625e-05,20000.0,False,True,repeated value in upper 1% tail
2023,120000.0,3,1.4861932645721249e-05,20000.0,False,True,repeated value in upper 1% tail
2023,130000.0,2,9.9079550971475e-06,20000.0,False,True,repeated value in upper 1% tail
2023,150000.0,6,2.9723865291442498e-05,20000.0,False,True,repeated value in upper 1% tail
2023,200000.0,4,1.9815910194295e-05,20000.0,False,True,repeated value in upper 1% tail
2024,20000.0,866,0.004157405318214332,20000.0,False,True,repeated value in upper 1% tail
2024,20500.0,8,3.840559185417397e-05,20000.0,False,True,repeated value in upper 1% tail
2024,21000.0,46,0.00022083215316150032,20000.0,False,True,repeated value in upper 1% tail
2024,21500.0,9,4.320629083594571e-05,20000.0,False,True,repeated value in upper 1% tail
2024,21600.0,4,1.9202795927086985e-05,20000.0,False,True,repeated value in upper 1% tail
2024,22000.0,77,0.0003696538215964244,20000.0,False,True,repeated value in upper 1% tail
2024,22200.0,2,9.601397963543492e-06,20000.0,False,True,repeated value in upper 1% tail
2024,22500.0,9,4.320629083594571e-05,20000.0,False,True,repeated value in upper 1% tail
2024,23000.0,54,0.00025923774501567426,20000.0,False,True,repeated value in upper 1% tail
2024,23500.0,5,2.400349490885873e-05,20000.0,False,True,repeated value in upper 1% tail
2024,24000.0,50,0.0002400349490885873,20000.0,False,True,repeated value in upper 1% tail
2024,24500.0,3,1.4402096945315239e-05,20000.0,False,True,repeated value in upper 1% tail
2024,25000.0,276,0.001324992918969002,20000.0,False,True,repeated value in upper 1% tail
2024,25500.0,3,1.4402096945315239e-05,20000.0,False,True,repeated value in upper 1% tail
2024,26000.0,34,0.00016322376538023935,20000.0,False,True,repeated value in upper 1% tail
2024,26500.0,2,9.601397963543492e-06,20000.0,False,True,repeated value in upper 1% tail
2024,27000.0,35,0.0001680244643620111,20000.0,False,True,repeated value in upper 1% tail
2024,27500.0,6,2.8804193890630477e-05,20000.0,False,True,repeated value in upper 1% tail
2024,28000.0,45,0.00021603145417972857,20000.0,False,True,repeated value in upper 1% tail
2024,28500.0,3,1.4402096945315239e-05,20000.0,False,True,repeated value in upper 1% tail
2024,29000.0,12,5.7608387781260954e-05,20000.0,False,True,repeated value in upper 1% tail
2024,29200.0,2,9.601397963543492e-06,20000.0,False,True,repeated value in upper 1% tail
2024,29600.0,2,9.601397963543492e-06,20000.0,False,True,repeated value in upper 1% tail
2024,29800.0,3,1.4402096945315239e-05,20000.0,False,True,repeated value in upper 1% tail
2024,30000.0,375,0.0018002621181644046,20000.0,False,True,repeated value in upper 1% tail
2024,30008.0,3,1.4402096945315239e-05,20000.0,False,True,repeated value in upper 1% tail
2024,30500.0,2,9.601397963543492e-06,20000.0,False,True,repeated value in upper 1% tail
2024,31000.0,11,5.2807688799489205e-05,20000.0,False,True,repeated value in upper 1% tail
2024,32000.0,23,0.00011041607658075016,20000.0,False,True,repeated value in upper 1% tail
2024,32500.0,2,9.601397963543492e-06,20000.0,False,True,repeated value in upper 1% tail
2024,33000.0,19,9.121328065366317e-05,20000.0,False,True,repeated value in upper 1% tail
2024,34000.0,13,6.24090867630327e-05,20000.0,False,True,repeated value in upper 1% tail
2024,35000.0,97,0.00046566780123185936,20000.0,False,True,repeated value in upper 1% tail
2024,35500.0,2,9.601397963543492e-06,20000.0,False,True,repeated value in upper 1% tail
2024,36000.0,12,5.7608387781260954e-05,20000.0,False,True,repeated value in upper 1% tail
2024,37000.0,5,2.400349490885873e-05,20000.0,False,True,repeated value in upper 1% tail
2024,37500.0,3,1.4402096945315239e-05,20000.0,False,True,repeated value in upper 1% tail
2024,38000.0,13,6.24090867630327e-05,20000.0,False,True,repeated value in upper 1% tail
2024,38500.0,2,9.601397963543492e-06,20000.0,False,True,repeated value in upper 1% tail
2024,39000.0,2,9.601397963543492e-06,20000.0,False,True,repeated value in upper 1% tail
2024,40000.0,113,0.0005424789849402073,20000.0,False,True,repeated value in upper 1% tail
2024,41000.0,3,1.4402096945315239e-05,20000.0,False,True,repeated value in upper 1% tail
2024,42000.0,9,4.320629083594571e-05,20000.0,False,True,repeated value in upper 1% tail
2024,43000.0,3,1.4402096945315239e-05,20000.0,False,True,repeated value in upper 1% tail
2024,44000.0,3,1.4402096945315239e-05,20000.0,False,True,repeated value in upper 1% tail
2024,44452.0,2,9.601397963543492e-06,20000.0,False,True,repeated value in upper 1% tail
2024,45000.0,35,0.0001680244643620111,20000.0,False,True,repeated value in upper 1% tail
2024,46000.0,5,2.400349490885873e-05,20000.0,False,True,repeated value in upper 1% tail
2024,47000.0,4,1.9202795927086985e-05,20000.0,False,True,repeated value in upper 1% tail
2024,48000.0,3,1.4402096945315239e-05,20000.0,False,True,repeated value in upper 1% tail
2024,50000.0,134,0.000643293663557414,20000.0,False,True,repeated value in upper 1% tail
2024,50001.0,3,1.4402096945315239e-05,20000.0,False,True,repeated value in upper 1% tail
2024,52000.0,6,2.8804193890630477e-05,20000.0,False,True,repeated value in upper 1% tail
2024,53000.0,2,9.601397963543492e-06,20000.0,False,True,repeated value in upper 1% tail
2024,54000.0,3,1.4402096945315239e-05,20000.0,False,True,repeated value in upper 1% tail
2024,55000.0,10,4.800698981771746e-05,20000.0,False,True,repeated value in upper 1% tail
2024,57000.0,2,9.601397963543492e-06,20000.0,False,True,repeated value in upper 1% tail
2024,60000.0,29,0.00013922027047138063,20000.0,False,True,repeated value in upper 1% tail
2024,61000.0,2,9.601397963543492e-06,20000.0,False,True,repeated value in upper 1% tail
2024,63000.0,2,9.601397963543492e-06,20000.0,False,True,repeated value in upper 1% tail
2024,64000.0,3,1.4402096945315239e-05,20000.0,False,True,repeated value in upper 1% tail
2024,65000.0,3,1.4402096945315239e-05,20000.0,False,True,repeated value in upper 1% tail
2024,70000.0,24,0.00011521677556252191,20000.0,False,True,repeated value in upper 1% tail
2024,75000.0,5,2.400349490885873e-05,20000.0,False,True,repeated value in upper 1% tail
2024,80000.0,13,6.24090867630327e-05,20000.0,False,True,repeated value in upper 1% tail
2024,90000.0,4,1.9202795927086985e-05,20000.0,False,True,repeated value in upper 1% tail
2024,100000.0,25,0.00012001747454429364,20000.0,False,True,repeated value in upper 1% tail
2024,120000.0,3,1.4402096945315239e-05,20000.0,False,True,repeated value in upper 1% tail
2024,150000.0,2,9.601397963543492e-06,20000.0,False,True,repeated value in upper 1% tail
2025,22000.0,114,0.000529235625913976,22000.0,False,True,repeated value in upper 1% tail
2025,22200.0,2,9.284835542350456e-06,22000.0,False,True,repeated value in upper 1% tail
2025,22500.0,8,3.7139342169401826e-05,22000.0,False,True,repeated value in upper 1% tail
2025,22700.0,2,9.284835542350456e-06,22000.0,False,True,repeated value in upper 1% tail
2025,22770.0,3,1.3927253313525684e-05,22000.0,False,True,repeated value in upper 1% tail
2025,22800.0,2,9.284835542350456e-06,22000.0,False,True,repeated value in upper 1% tail
2025,23000.0,50,0.0002321208885587614,22000.0,False,True,repeated value in upper 1% tail
2025,23500.0,4,1.8569671084700913e-05,22000.0,False,True,repeated value in upper 1% tail
2025,24000.0,55,0.00025533297741463755,22000.0,False,True,repeated value in upper 1% tail
2025,24500.0,3,1.3927253313525684e-05,22000.0,False,True,repeated value in upper 1% tail
2025,25000.0,379,0.0017594763352754114,22000.0,False,True,repeated value in upper 1% tail
2025,26000.0,39,0.00018105429307583388,22000.0,False,True,repeated value in upper 1% tail
2025,26500.0,5,2.321208885587614e-05,22000.0,False,True,repeated value in upper 1% tail
2025,26800.0,3,1.3927253313525684e-05,22000.0,False,True,repeated value in upper 1% tail
2025,27000.0,49,0.00022747847078758617,22000.0,False,True,repeated value in upper 1% tail
2025,28000.0,49,0.00022747847078758617,22000.0,False,True,repeated value in upper 1% tail
2025,28500.0,4,1.8569671084700913e-05,22000.0,False,True,repeated value in upper 1% tail
2025,29000.0,23,0.00010677560873703025,22000.0,False,True,repeated value in upper 1% tail
2025,30000.0,479,0.0022237181123929343,22000.0,False,True,repeated value in upper 1% tail
2025,30360.0,5,2.321208885587614e-05,22000.0,False,True,repeated value in upper 1% tail
2025,31000.0,8,3.7139342169401826e-05,22000.0,False,True,repeated value in upper 1% tail
2025,32000.0,27,0.00012534527982173115,22000.0,False,True,repeated value in upper 1% tail
2025,32500.0,2,9.284835542350456e-06,22000.0,False,True,repeated value in upper 1% tail
2025,33000.0,21,9.74907731946798e-05,22000.0,False,True,repeated value in upper 1% tail
2025,34000.0,16,7.427868433880365e-05,22000.0,False,True,repeated value in upper 1% tail
2025,35000.0,119,0.0005524477147698521,22000.0,False,True,repeated value in upper 1% tail
2025,36000.0,20,9.284835542350455e-05,22000.0,False,True,repeated value in upper 1% tail
2025,37000.0,20,9.284835542350455e-05,22000.0,False,True,repeated value in upper 1% tail
2025,37500.0,3,1.3927253313525684e-05,22000.0,False,True,repeated value in upper 1% tail
2025,38000.0,16,7.427868433880365e-05,22000.0,False,True,repeated value in upper 1% tail
2025,39000.0,14,6.499384879645319e-05,22000.0,False,True,repeated value in upper 1% tail
2025,40000.0,171,0.000793853438870964,22000.0,False,True,repeated value in upper 1% tail
2025,41000.0,2,9.284835542350456e-06,22000.0,False,True,repeated value in upper 1% tail
2025,42000.0,12,5.5709013254102736e-05,22000.0,False,True,repeated value in upper 1% tail
2025,43000.0,5,2.321208885587614e-05,22000.0,False,True,repeated value in upper 1% tail
2025,44000.0,4,1.8569671084700913e-05,22000.0,False,True,repeated value in upper 1% tail
2025,45000.0,36,0.0001671270397623082,22000.0,False,True,repeated value in upper 1% tail
2025,46000.0,4,1.8569671084700913e-05,22000.0,False,True,repeated value in upper 1% tail
2025,48000.0,3,1.3927253313525684e-05,22000.0,False,True,repeated value in upper 1% tail
2025,49300.0,2,9.284835542350456e-06,22000.0,False,True,repeated value in upper 1% tail
2025,50000.0,129,0.0005988718924816044,22000.0,False,True,repeated value in upper 1% tail
2025,51000.0,3,1.3927253313525684e-05,22000.0,False,True,repeated value in upper 1% tail
2025,52000.0,7,3.2496924398226593e-05,22000.0,False,True,repeated value in upper 1% tail
2025,55000.0,8,3.7139342169401826e-05,22000.0,False,True,repeated value in upper 1% tail
2025,56000.0,3,1.3927253313525684e-05,22000.0,False,True,repeated value in upper 1% tail
2025,58000.0,2,9.284835542350456e-06,22000.0,False,True,repeated value in upper 1% tail
2025,60000.0,49,0.00022747847078758617,22000.0,False,True,repeated value in upper 1% tail
2025,65000.0,7,3.2496924398226593e-05,22000.0,False,True,repeated value in upper 1% tail
2025,70000.0,23,0.00010677560873703025,22000.0,False,True,repeated value in upper 1% tail
2025,75000.0,4,1.8569671084700913e-05,22000.0,False,True,repeated value in upper 1% tail
2025,80000.0,25,0.0001160604442793807,22000.0,False,True,repeated value in upper 1% tail
2025,85000.0,2,9.284835542350456e-06,22000.0,False,True,repeated value in upper 1% tail
2025,90000.0,4,1.8569671084700913e-05,22000.0,False,True,repeated value in upper 1% tail
2025,100000.0,14,6.499384879645319e-05,22000.0,False,True,repeated value in upper 1% tail
2025,120000.0,3,1.3927253313525684e-05,22000.0,False,True,repeated value in upper 1% tail
2025,150000.0,3,1.3927253313525684e-05,22000.0,False,True,repeated value in upper 1% tail
2025,190000.0,3,1.3927253313525684e-05,22000.0,False,True,repeated value in upper 1% tail
2025,200000.0,2,9.284835542350456e-06,22000.0,False,True,repeated value in upper 1% tail
2025,215000.0,2,9.284835542350456e-06,22000.0,False,True,repeated value in upper 1% tail
2025,250000.0,2,9.284835542350456e-06,22000.0,False,True,repeated value in upper 1% tail
